kind,depth,fixture_index,canonical_sha256,encoded_proof_bytes
membership,24,0,b0632b46374a051497ff0118dc854603cb7e2116b902c922f2fd1118f4639845,176948
membership,24,1,41397051f84ba699690067a06421c2772c10d11d4784c6382a06d3ee61090c93,176948
membership,24,2,4fb12f072d524f11716f76465a1d561075952bf62c3373d370f723790f8e8d00,176948
membership,24,3,0802d3a0f755d99aa38acfa968e2c4d237f4083f1d6cc03f926bc263e5abc9a3,176948
membership,24,4,5dca62dceb1a7050a3c6fb0137e6d73a0c49c011857e9280ca2a474c7527b1f6,176948
membership,24,5,e2385fa0b86b248a5da175f175474adf8322f9c8450b5ca8e50fde8e63f69cac,176948
membership,24,6,897fb06085c056bb4909e617b41a46f66e0f45d396553fd4046065b8ecd6f456,176948
membership,24,7,5eebaf147b8723bc376481ff8cdb013e7e6c343c4993ad115ea460fedd21c8a5,176948
membership,24,8,f180d6877ccc7aacaf2dd2ea64782cd9c5c2fac4bf628d82f69bc1dd706d936e,176948
membership,24,9,c08b59f54f9ad820ab5e88ef316cc13f2ee10b4301ed4580ff4bde6466166a13,176948
membership,24,10,947e81935c0aeac4bb5e59e248c60d37ec9a5da84b2a2681124c1d8baeb3d66d,176948
membership,24,11,d5657dd96c41b83a78b3f8637f11e6ddb510db9c411cb1a323efb2ada9bbc441,176948
membership,24,12,27820b0936239e702f002f9538927606b6864bf8ea94cd38500901d78b6826d2,176948
membership,24,13,2a462acf67b1ca38e210fbbc769b438f6fc5a27b2a3b9ae07e3dd65940506b8b,176948
membership,24,14,f384f5c05d748d5534ac7539272cbf6137aaf2920ec6e48a459b36fdb0f17325,176948
membership,24,15,514abad733a200fa5d92761fffeb7ba2308cdc6063324da1b45b77fb8735f3fa,176948
membership,24,16,b064384aecf253e80788b86bf25da292bfb4e7a60932ea201ad4d24640c025d3,176948
membership,24,17,9a50eea35475f25d33910660731537f060848be6c4a5713c64d74812c5f14daa,176948
membership,24,18,1a042bf4ae457e3d958c595c41030c8343941b5be2dc8de31c4c00c2ccc2fa34,176948
membership,24,19,f171d1fe1f7c51e1e14941a5fdf52cb85898f6b6694366fe83044bd2985a7177,176948
membership,24,20,a2d0b574c6790db0f303582747394badb5cf8cd12375f43535d9bd0caa48a6a7,176948
membership,24,21,e3bd852e9b60dd0e0378511ce1f6fb14a1bf9c116fe3ad368d4fca441e376673,176948
membership,24,22,59774429403e89ee74997514107a4f79ef31472411432df9b3bbd492a9d455f8,176948
membership,24,23,f712304e53b9c0206609c36378b9a963be1d9e91c362d80dbd21c9175bfc4571,176948
membership,24,24,08b861194f45322a6cf67a8cd9e7bb937bfb892889bb7d4966b847131f93d624,176948
membership,24,25,57f7d0fa8b8c4a5852fe7ea1744bf134ff82493418e846a67ca4f3503b6cb5af,176948
membership,24,26,d845f75fbf23309141fbddf450d2ca1f0190c5751f137f7c05d99b3d06a88749,176948
membership,24,27,232e4ad31b69ec0255661d745c8f0164264be5d7aafc3890e33f9a14aeb0fda7,176948
membership,24,28,cbcfbe861bcd55b79186102fbfad67c834d2ee783e2ab2db8c022b2aeac4fa44,176948
membership,24,29,2f46c65b9a31500666b6463f982c3e3a50cdbc31f22889b42055ce67944be1ae,176948
membership,24,30,292dc3178848a78c908a24b003f805522be2f1f6749aa57a627e37b52414f420,176948
membership,24,31,b4de089e6f676dfce22058c9340f5c312986fd924bdb691254fda4b260226060,176948
membership,24,32,8d0f6d9a58edd7a305974bb64c57eed83ef1b16c27a1978abb24085326fbcce5,176948
membership,24,33,ae6280731a4589b28defee84e69a6396a583a1c7686ba479fb614e204f8e10e7,176948
membership,24,34,185d17e4c9028229e1c3f7a3ad1ba4ef9cc9adfff6dd275d0efe380fcd33f5c2,176948
membership,24,35,1428fdca905f35149d9422774dc407c9e17796f82d9fa5b8a3dc85a0dcb85b44,176948
membership,24,36,780bc7db1244d2d8c20a3d7dbbda62079d3d79e3d1c1c92c9a276ce1e1da9c6d,176948
membership,24,37,8129384c99dd9f72c98359e7c4b3e3ae985d4d562b9c8466a5b3fe794efeef1d,176948
membership,24,38,232e134a6f23155003aa8fcc863dbda6816a17f0227558c8282498ac21a9f067,176948
membership,24,39,ff88843ae23cf59363d7caccad017da993536453a0751df7973efaf938b2b202,176948
membership,24,40,32b740260db23d084c67209bab13eec21b6e5cf7c6e179351141dbf13946b028,176948
membership,24,41,4d86c90b367e08db80c6b145bc6804f3cdead5943b374a9ddf56d13fc8690c94,176948
membership,24,42,ea0df4bef6dd9dd462023b0dd98e8b0c6abdc2d9e72f0c0a7992aacfaed7d7ee,176948
membership,24,43,4fb4e3873eefcc91d226cd23a69e73c9d8cdcb48128811213d168109633d9add,176948
membership,24,44,33c95589430307a8085738b667b0c8568648453214e8be16fb9210201aa6c5fc,176948
membership,24,45,8155f62d50961fc11ea9be616ba6bda8fbb61bfde881f7d9dce2809a752961d3,176948
membership,24,46,2b1e8548a154850ee7122d6e1c7e9859e65e161538e7391a74cc61667721242b,176948
membership,24,47,e2d2232addff7d64643e3507fb1cce56b8cc40abcc1d15d84725f487f7109678,176948
membership,24,48,d203aeef38f43d395cb6577a556832536355091ae8bf99d417506df15ed46183,176948
membership,24,49,772c3a79252aac76fc2a2473a506badeb4fbfea042650618c57091a3d65664d7,176948
membership,24,50,d1bd0e2b037285bb4317735e39ce46144700599ffaabde3aa91f445f784790da,176948
membership,24,51,a4c52a3ddbad5e3b3b826f7887c2af4635c7bd701e219a89696d550c0c16da97,176948
membership,24,52,f9fdf83d7b88a65f836ab1f385f093a28cda84db7304a001c4d1edf2a15f678b,176948
membership,24,53,fa608998b6f7139d4ceda73682d93ae6cfcabdf8fe1d5276fdf67f11fd6b0df8,176948
membership,24,54,7ad0dac81d06358eb7176cf637669162312da065d3a1adaf01576fe7378f206e,176948
membership,24,55,e5b9353786d6009decda03f33680f216ea061bb3fc45ec1de38e4b461a330540,176948
membership,24,56,9a471375fa58b9fc27edcc2bfae79fb022da35ee9040d756575f8950dddb6463,176948
membership,24,57,bae2b062e209a26772399aae3624e2e36a2b56b98dd985816674b013827a3d98,176948
membership,24,58,404b45b563a0d56de99d4fd54b21e8b017ee7f86cb3a99ec47b3ba291998af19,176948
membership,24,59,79b0efa68a7a3e7febfad2e0bef6af6f7de8a50855021c9352dd752ddc15a26b,176948
membership,24,60,32032d17da790fcf642d9d8b1f829197c08f6ceb8fb3f733bc903d462600f058,176948
membership,24,61,f10fc6b0e56085d3691043b7cf7adc2cab131cd3d94e1d5dd4631b437e53abbe,176948
membership,24,62,34240008e5e4c5b2778cacbf731c0a0b9ac6796e6cc74e9caacef50f5b9c3835,176948
membership,24,63,a78317fa6c9e928b451385c7d83c40e6ee1844020cabc7c7f644b9992ecba580,176948
membership,24,64,3736c836ac7f1a158503d6b24e6db21b64af8bb342db5201d01f7adaa242a37c,176948
membership,24,65,d4d7478d880293ff481c2acbea5aa1b852544a3cad81285ac92ba16ae35778f8,176948
membership,24,66,726cfd30707e7abc682cf3997228ec6495b44a87bc289c33ef7f520bae9c03ba,176948
membership,24,67,d5d12e818d67f3c93aa166553c7eb76548eb6ca012c7b858ca339fa2a4dde37d,176948
membership,24,68,c84f6b525641acc45db580b2d2813793723b454ccec565ad5704cd581cb102a9,176948
membership,24,69,54e43319fb9c3b3edf811a56a024dfbd452266cd09f0af1feb4dbd3b6c4c62ea,176948
membership,24,70,85efc65605e04ba6a6e771050e603550b3b8337fecc6eb35db7570271fbc0463,176948
membership,24,71,dd0fced8e013b148bd19d0c8f7ae5728c441db74a585e6c50a5e710ce975805b,176948
membership,24,72,0dd6f4047cfe8359cc3a20b7f2b834e33aba886a4389a01612a461f0548e057e,176948
membership,24,73,c4f7c1d02c313bc53d2af3bc73a0f79bac16af66786db9ae1c6f56290f211b65,176948
membership,24,74,a898f8b86ad122f50cee752cc0fe74b642a515aba1ec136562091891711c8873,176948
membership,24,75,6a28bef4c9218f36981d2b071a9dc0ced15d0874dc6bd4a4a8a3b9cb89c0fe86,176948
membership,24,76,81fad0ff193a954644d7d94e7a32520639c8b0241b2d07bf2aad2c3279da24a1,176948
membership,24,77,3a6e57ade659f228853cc75ca794f1bec3b26e6f4c93746372c808b1d064fa62,176948
membership,24,78,afecd638f4eab7799979bc84a53ba448bcd2de72a252cea2eb75ed948cdea1cb,176948
membership,24,79,9a46378a3be3933326357c5bd9133b768cbe5721984b099f22eaa7f715334ee0,176948
membership,24,80,40921d550a9bfc46fe6ccfc7d5f9ef27b5f5ebbe02fc427ffc98030f95787d76,176948
membership,24,81,ded62a9419ee5d3622173ff27e4ec025309f01f2215ba914007a8b132a6611d6,176948
membership,24,82,c89c509347f520f91280b0b1d67d9098d748f07566cdef4488358bb6de50b9fa,176948
membership,24,83,57c42deb6aca3b7f9877e4c3e040ecb558e0fe3f0355192eb363a8df6930f783,176948
membership,24,84,dba5869586f93612b89fb55f2820a77ea8fc17896fd033353df13df0d4473c04,176948
membership,24,85,c5df90f41f101500ec397fb076aeb86a2312e757d7b6d00b1a14f9a75abe36df,176948
membership,24,86,37564a52e750b213b9a6a6a63f163231e000a31892c9b467abc826d4ac087cea,176948
membership,24,87,ca136fd883e567f0b5edbf997644d71bcf0ec1ed79f0f75c53053e925090bc94,176948
membership,24,88,378d93a90614ba20ce7d1221c1e8bc4ea394cfd456612277b04fb957242a5ef5,176948
membership,24,89,4e8bb758bcc0160fb9e1033938ada974c057c967cee6e333c5cf5f9c3e016661,176948
membership,24,90,f3d9efe8f6c1b4f01d1f7fbed230c7e8806bd5a9908c301783d45e4b4cb16a9b,176948
membership,24,91,f1894f9eaa1da9a85d8c66e826e68874d38d552628671c60f5fd935f9d79257f,176948
membership,24,92,a3afa49291022efc963080d7735023b4abbb72f81ac4f2d488c3939e081ea3a6,176948
membership,24,93,358c35a9ae69d21e98aa5f5e4d005db3671668dc65ac773e89a9737c7f03e1c0,176948
membership,24,94,3a01e4a214c3497cebe69376731c9b579213cba2ca8e4b6aae735e88d833fcf2,176948
membership,24,95,62865dc50230f71e653ed1bb29075c8d0b5f2a2504cd2c0e1a12406930de9384,176948
membership,24,96,ae63d69eecd1d2d82cf457dd325be393713875134adeb8f5a54d533541d32ec2,176948
membership,24,97,709e8a847cbfb5b00466683b866761d7305c14fe0a82bcdee4616f8ba7023b17,176948
membership,24,98,6adb27c2e587cc57a44e6fb652ddef0b1f9135ab7be0e7d5489da130ab09e96f,176948
membership,24,99,eb520ab6e15d84b4025e6ef17b4923d7520178713f83298e4ced06a8aea568f4,176948
membership,24,100,53e8ac73aca31cf8bca6b1546f8d3661fb4d2e06d26057085c0d057f7ddc80e1,176948
membership,24,101,53b578ff558f8b199916d723e81894c8fed3270dac979d1bc4bb0029aa23b7fb,176948
membership,24,102,fa6d307430e7a8e11a089adc9382855dd258d1c73cf5695e285c6272914a68f2,176948
membership,24,103,7a78aee5fcc37417992cb4dd08eb971f98528ee692e422fa21fd6c1eb1e2227c,176948
membership,24,104,0378d043dbbb9210093a099746a1b778adafb40dd3d94aa99572f1881acb49ca,176948
membership,24,105,b16cb0d266d906eee049f1fe2af62ae41ff11f554addd8dc588df6a7a5fd083f,176948
membership,24,106,9f46cb9046db8cff4f9537c043af8a266c1ac7fa10a81829d2c3f876bc523eb1,176948
membership,24,107,7c1099cc18e299a0dbc903f207fd83d316fb0b5b39d49ef983df6b3676eaa962,176948
membership,24,108,2535c13e10ec036db06dcaa7eecd393cb3b1612dcf088e8c7633561ec2b38c13,176948
membership,24,109,879051f17e4274c18045411906203c186540ec0ae8efc275675982d09ff0d63d,176948
membership,24,110,411531d78cdf8c5f77459e98a832bad01eb611a996a3f5538b3755a1f47919cf,176948
membership,24,111,b7de60178e0acc317360019235bafce203fea7c4265002a3e6e02f7b52421755,176948
membership,24,112,6853f808bb8f9c0131e9bb93b6a3cc89e2875478f37e33521b8cfac95a8d69fe,176948
membership,24,113,556692e81170e9d32d3510685d53a0041caffee5dd238e2b22fa7d8415d80e0d,176948
membership,24,114,016624a53a11f37a1748076a70eaa64652b29d75de593872c302ca5b4bc8e345,176948
membership,24,115,f65ca9a1a52fbcd6c8bbc15ccc2bf31565488876566f0fd22066eee5a1fdd374,176948
membership,24,116,70c0ad69ac8dd21d1fd80622366c4fcbd040d8a10a0a1b970bb0f2abe62bebee,176948
membership,24,117,e772ff443fa64dc98e8e75d57474050da6048e1112fa00f32647bc6cc657dd1d,176948
membership,24,118,b8997d2457bfc51c5941ac65c189ecbb667f916347ea42e247535dc8a278130c,176948
membership,24,119,038195ad30902824ed1aa556b62400fad7dc7788250954064250e5a42af4ce5b,176948
membership,24,120,444bf4e4d746fcbe66b431c3575d653548e59c850b516d9a19ab08c1c061136f,176948
membership,24,121,8cd6faf3a0ed379abe4993484d451bb574f87b2d1dc94d632e1bf33d080e50fa,176948
membership,24,122,b9ba0a8da182b82b1cd2923458c0bbf145b67adb405adacf78c27b7d7c5191fd,176948
membership,24,123,d3a4351dbeccf5f7f108987473a0213c5b80fe2c82f710269deb14bb514d6a77,176948
membership,24,124,82773b6de08f47cea9ffda4031fde95ebad1431252847238ca8d07db8965d43b,176948
membership,24,125,8f12b690c1844f1f22be7fd3cf3c65f36c4053161a03eb705ac967ed919694fe,176948
membership,24,126,9f8bb2e7d24d2e9051aeaebbae3c80d7e032557980438e01157b66e55b1c27c5,176948
membership,24,127,5cd0b6dfa33bfe81683ebc5f3a38a6fc306126afa40c53e932da1878a6fb5571,176948
membership,24,128,3e6239611882724fd703aa7436337726b9db0f5268f5f6527b05e11ceadf50cf,176948
membership,24,129,ab128137b4d92f5e0200208716bdc2d1af8f89e99c5ef097b75376ce62fc16cf,176948
membership,24,130,14994cb837041938eeab1da23206c7bc2a8e615fb916bf5621ca947ab9770dd8,176948
membership,24,131,61e637dc8679af4210a41592825de4fa3a6e61709db88642f541f9023f497c21,176948
membership,24,132,f8ab47838860d479c7c1138af1c7985dbaab12213940e07f4e52403a068c1e1a,176948
membership,24,133,45d5ebfd3d45c3b468dddc5bbf8a2c29cae093b7c809b66b25adc111497b5bb1,176948
membership,24,134,f8d3fa605a41d9fe54175a3c1879fe689f2f26286ee61f424634a1137eaf28fb,176948
membership,24,135,d6714e70c161bd348c32123ed31c649d4acaa046b9d4fb2984be9a72bcb7389f,176948
membership,24,136,d54f69457b86c1916a2f286d300a0ab0f28983b5e315f77b916f0ea79f8b1b70,176948
membership,24,137,32475bf78f1b2baa9d2d95adc02e0df6290f467961c61a3e6fd0344dd6de4ef5,176948
membership,24,138,00cf062d2a4c1593f263512f9d20c8d415a4626d2ceabf13f4d7619518c8e727,176948
membership,24,139,04eadc1edba8881cbbec1a8b2a24a9c22d4499c5d8bb4b2c5420cb55cd94ec8e,176948
membership,24,140,21d6263e7780a85fbefff1e60875a4bd637ff341bf2de35e18b71b5f584293dd,176948
membership,24,141,4d94407702c99f8abbd29334f9f9d90d2eefb052f2d0d18490f33d871bed90e8,176948
membership,24,142,949e16f85d9f69abb04bb8fb299f6ed29cc68b2144786cd6171ce62d9de32398,176948
membership,24,143,1b45efd540e7373926dccdba00beeccf6fe17d70efaee0ae66e44913b3004f27,176948
membership,24,144,2f4fc45e8cf326ef09fbbc42de797395ed5ad2dbb76be9e69bca704b4256d14e,176948
membership,24,145,de0802595be3ddaa329cc02ee180162d157ad5ae0b19c4492280e564fcdd596c,176948
membership,24,146,5bb72e0b97421a79b3a2781808c829e9a0d387d6700f787863dc122ee82662e0,176948
membership,24,147,c347705393bcc5636bb8d592e3171d7c810163003a968cc83a2bd36fac344cf2,176948
membership,24,148,7cea69285125fe4208b4f5dcea0617f1fcf917f7ee23ba031cd68bba22b5495f,176948
membership,24,149,ae9652652b7bc05d246bf79e2313faa81437040be7901ed065ba4d6bb0151a1d,176948
membership,24,150,3e9efed014a418a58f327d99e71bdeba5048c9d9d5bb269f8d1be44a43c3733d,176948
membership,24,151,8b53da21908208df3b25813b904210878e11a127d9fc3d8a64260e4b36c75627,176948
membership,24,152,5c11fd5f02acb6aee6f78c163f66c7caf916ef29f813ebf8493f3027baf4996c,176948
membership,24,153,482cbd428a5da61b17c6cd4db93803f7aa1ed0e029fe6855afb5c7ce9f3d3db4,176948
membership,24,154,9d74d73e54c86d0da74b993c46de8d023302654243b902128c0cf991e9a38e86,176948
membership,24,155,7fdae07cff4186bf63e1c9e5fb2feecca7b2e8542e19141694538ea36095b07f,176948
membership,24,156,9afd07a2bb66e1df4d37d6ad96b61ec8ef447f2bbab73fa946e1744a816d3f33,176948
membership,24,157,938aaf3af01cf84a3e237cab4465b736cb946cc3afc6666634d3ca05cd213296,176948
membership,24,158,fb946cbb04f452b3d28efc050a35b1651c49d5ad45bb36ac07562e750d4bc103,176948
membership,24,159,4a49f1a1ed90e320b87fb38b4539a42ba2b3298d275fb8cc88973085dc3f98d3,176948
membership,24,160,b2f449e7e697829ba98d9d411dfd6775eab454ca35d85de8f75865006a0b28f2,176948
membership,24,161,be28bb5569edd258dafdddbf88db1a0e1919a89fc0ff9aa49dac66cd9a28fbd5,176948
membership,24,162,d2ad4abe3a21ca6f15bcdf091d6a9ebd8e45d1ebe2f2f8d250673e83e966e18c,176948
membership,24,163,2f1c9e63e4d4adf887815bc294d876fe9ea698a4fa8941b51b0be3a3f1473eb0,176948
membership,24,164,22c74aac50a7e988ff3c17f65323809f0022e8218693060a1c13eeb7d1bb2315,176948
membership,24,165,be9c742c5548444c54dd826012995cd7ba1ddcb33a20534683a7ea89230d71a3,176948
membership,24,166,21842c695faa3f9e97227cf83496503b1d79d855e5269e593b98b145c054dbb3,176948
membership,24,167,9459f0a51dea24506091b1ba3b49b770d446a7bdc019b317c1a2b5593b75146e,176948
membership,24,168,65eb746ff0d295752e33cb774357ee4f22ffc9138b6c868cc033b5c2ccda6098,176948
membership,24,169,a3278d0bcdf66835ddee8f68f20088f61fce7ced2bbf40a0f97b88d6c0c93575,176948
membership,24,170,ffdacf9d1c58100e5ae18e3bbf461f62956782ea7f9575e69c153cedbde790c9,176948
membership,24,171,3d7710873390b3df704121099c7998354cef8a2822b42579c66d43ce60c3b95b,176948
membership,24,172,9da356b96598a20a5b7f7a31e846325cc8f081debb5ddf33baf2da865a048d36,176948
membership,24,173,0291528d6257acf2cdc0f7e763c455271536471ebe58c14b4b3c82bc13908d3c,176948
membership,24,174,e3f78608a2c96cad8b47588fff22f1656fd557f1e16885099f5f58be3644f7a5,176948
membership,24,175,8171f623f429465a3299fbb17a08ab902cd76ed37814090de3e5f81a47d9f8b6,176948
membership,24,176,eb52729e79427128e8135d56854c8482837e6f1a80f5be9da711080e031211a8,176948
membership,24,177,bb03f6e8aa640ac3103e9dd9565d6df7d283d51a45a2247944080fdc8d6b5317,176948
membership,24,178,414ca3b8e3fe277c9b507bd1edb949098fcb7403432392e5722a522c951d610f,176948
membership,24,179,22e3420d9f44561f7cf660ed64216af7b8240695bb535c1eefd8f6f366c133c0,176948
membership,24,180,b2ad0b46dfbb8321cf20e136307950c48516021fc41df98afe0b68fe95cd9acd,176948
membership,24,181,a1d00d4698e0650174560050f05973a06a810a06cb1338f2f4d1409e4877e212,176948
membership,24,182,ab993de45958a34cec335b193d9f67f16eed7bd212e51a9df320181ece06d96e,176948
membership,24,183,fad71bd5b21b6d9afc6fd18607fb37d3c9fbd5ee8b0feeb6b4772d713c44c45b,176948
membership,24,184,fb41e55778d310e19dc79ef6c3f6d1165e335a42c99ef6a0c7b31c59682775e1,176948
membership,24,185,dec5a7b877558a1c39a7f50aaff1d2c38d01e27b9abb15e49778ddc5868c39db,176948
membership,24,186,3fd211c53f10e30ca0f50cc2a5318aa855794cc971819c03e038d9357d843007,176948
membership,24,187,085cc19303e1255ce344ab04fbe0620694be4f9db340f3610988c6bd09b0fd32,176948
membership,24,188,262473fb3ef70fef385dbd6a7c9481af19e4b8479bead9a95b2f17ae017c639d,176948
membership,24,189,9714a4e27116a7578d6e59784e5a755428d69cb2554833576b081af35bdbdbd6,176948
membership,24,190,e2636c5b48ef8f45bd78b89cacbde9fb3b1e58e72a1508321c3ee97af0e22623,176948
membership,24,191,737dbbe4b8a01ca8c971d6efe699ecb4b3f36924f10243e31713e6334ab66efe,176948
membership,24,192,da07866bf37d595d1f1e45cd66ca348f41447de54351a2f90b40aa8cb1f699ee,176948
membership,24,193,95970eefa0abac02b01e36d13f270f98c79317d1ae5cee67037c75d639a973ef,176948
membership,24,194,4881d3cfa5ebc8e6ba99089bc3075b7e17e1d77af47ec27a822b8e828875f118,176948
membership,24,195,08a5ff744cffa58b12a306f7e74537f0c9a34da193451f6161eb860fb717880f,176948
membership,24,196,5b76769e675ec26be0537f1574cf0ec6bfd424a1c311b1a1bd12e3539b83c9aa,176948
membership,24,197,979dbc67394de2e6bf602f828e542c8134d5bd05d65aa39401a6fab8c68bb122,176948
membership,24,198,8890c091e63033b4aa4091a0a1fe96a1e278dc117af30ad80d11b3f7e34f5736,176948
membership,24,199,ed163428a4220b4faa69326fd3765295f874a854daca9268da33ad4b8ac58a33,176948
membership,24,200,06ca16f6198a573e20eb48a83e09e11e7db4ea57bc6e0f560205baf717630cb7,176948
membership,24,201,d31174800e306a871ac2ce9d94c5d1e7b0d6c051e57ef51251d39d910291fe5b,176948
membership,24,202,6b81054f78cd8143f96258a4595835063ff7f329f8a75b7364326579e67db1d0,176948
membership,24,203,e5307e9e1c68a20ef910763fe4fa71d023395c37a9f74fec0edd45182a983516,176948
membership,24,204,9d9be367452701de7230064081993bbc509fb2e06f051462af51ce490790d0eb,176948
membership,24,205,552dedaa14f9529b2113cee002f0621428107c24bf7f9e5a9e2a4a4453e4edc8,176948
membership,24,206,98f55a5fdd7bcd8203667c073439fe4d51de9419ba466a5f7c3f4fbe69387eca,176948
membership,24,207,a99036e8ca3bd20607203a2630d63650dce2e043ccb7756c6be2e65555318edd,176948
membership,24,208,db90fb419ea8cc0e5e5c95f69f8f7a2bd15233c7fed3ceb1071cec336cfb82be,176948
membership,24,209,82649bd3933cd8352c6980b01637c784f61877da80be9afcd1c5044bbb43447c,176948
membership,24,210,4fb94f9d05294ab26e862127f8d2a9a7d2a9495594839d1bf4a128172b2ea9d6,176948
membership,24,211,efc2722e8a58c05fe200b20a994dcb18112a4202a1d224c742cd82a6a6a93872,176948
membership,24,212,64b15f2efd504e73be7c19abc9350efc9253e8c4b9509d7322937d8da1f9d8bf,176948
membership,24,213,901c9ed721dbbc10a2e9b9a28ed71ee863f30947cfdfa35c67e8ad962ae3fdfb,176948
membership,24,214,9c31b91bb4fbb3e8a931f9668d58f75abe78e5056970eac6c8ea8a0f1db3ca15,176948
membership,24,215,4f0847e2b8dadbb42b313fc810a5d02cbaadb2f6033bd726268e1180472c988b,176948
membership,24,216,9a3f8bbcf4967a5d2f7a3d823a630848d5f14de6b6128ba73173caf3a7a8b56f,176948
membership,24,217,d2f8be3093768da1226feb15d2406ff8f440fdced0e69db0ff3e26446c157c5f,176948
membership,24,218,92ffe42712197803053b5ae2323dcd6640c1c88898823ddc05d8f8790ca8753a,176948
membership,24,219,c84b4542c43ba2a0efe4ee287b1092a228015f6a6f3c1901654a51a2132890b9,176948
membership,24,220,366cba61281dd0ea82f9357f62ea19b56a3137651d59320b5a749d118d081d8f,176948
membership,24,221,b4f5815bd617620f6951303ce4dec7be71fdcd6f3c81bc30c6dfd2b13652c350,176948
membership,24,222,30e2e6db65607109a4714df12804b111ae3181684f553b5cb3a9f4f7d205637e,176948
membership,24,223,0d76815300bf99ddb94b3371316e2ee1338ee1f775857456d1237cc26406c2a9,176948
membership,24,224,7505a7e475f6b001bc4298e9946abaccdce26633bc583a5127c2c43778b0af7a,176948
membership,24,225,1922d36df8823572d4c3d91967d99c4577ec4b518cddfef782f753cf31ea54a0,176948
membership,24,226,43406c79da872359d6c5d8c645a197e7e2b26756635c8f68459c906d7201704c,176948
membership,24,227,a9591a4c2dc7117c72be35f66fd14bb4799d12b73b68cbb37682dc17e7dabf5d,176948
membership,24,228,d1d47649b567607ea3d4477a1cec3942914ec46cae8a514ab8a31d496bb9bcdf,176948
membership,24,229,c45edc9a2494d5db47a2143906ce8eccb1fd7b44925ab549d5ade69136ed90dd,176948
membership,24,230,efcd56909cc53c05caacc318a268f26708c7de29fc23fcba82ccda6ffdfdf843,176948
membership,24,231,9a6dce4ca4cafe6dfa8bcc4fa29385d583005aeb21f3b5637425413fa72b0a29,176948
membership,24,232,8cd34c7afa86cc953ed1a8d6d583a5a03bb786bbff3b6e4399c069d80abfabc6,176948
membership,24,233,91dd0c1ad799d1d6b1a7a00b98855f6d9e5524c99c19f32954bbccf57416a198,176948
membership,24,234,47bd5b39df577d53499f2ff8d77088f3a7cb205c734d5c6ffdfec15fd8ad79d4,176948
membership,24,235,33a142d77cc1b9c5d4ddef213b7c76edd0809df4cc08df2ccdd00247fae8953e,176948
membership,24,236,234840695bd57cde1db5b56bb9df218c6489f4ac12439c9000400e6674104d9d,176948
membership,24,237,eb38ef60edcdc6d3f092cf0310b169b14a1866107160659688f46ab50cb0be93,176948
membership,24,238,aafa084c69b3579d0986724a4f1f88cd53a62f6e6560258d92ff305db3325c4f,176948
membership,24,239,deb54a5cd1cf64d3d7f01df17d9ea10e5a17458077a428e0d2e1223d7ff85c1e,176948
membership,24,240,810e333300be1a97d78157715b214e98a81b5ab857eede4803a869b5f39510d1,176948
membership,24,241,0ea1c9798757a089ddfa61e4ba44f7a7aa3bea934e0b55f50b8e92b33cc80ba4,176948
membership,24,242,ea81beff6a24e67aa14e7b94881d36fbe48dca5523c0d413bf132d99cc2f90b1,176948
membership,24,243,4adaaff49fee1787be7c38286233a4830979cf57a1e53d2d6dbadb42936584d2,176948
membership,24,244,20458184d7d08035a1602b0652ec9c9a9f0a31f4945cafd7148763d565961645,176948
membership,24,245,b49d26ccb64820cfb599572634c4132a72f806f810b4c9e09e168e1b7a5f346e,176948
membership,24,246,a3c23a32b641ca190f887eb297ad2ff53e61b44059244b4691c04a033aab660b,176948
membership,24,247,258508940cadc4a88a853bf040281f1c8b2612ed8356af8c005cb13f22e6a79a,176948
membership,24,248,66395647f61b885af15eb5fe392e9994542297283867e05a8f5eb353552089b2,176948
membership,24,249,5096b3f49ba8359432f275a739ed578c717a79a72d224af70f47b40b3daf4c02,176948
membership,24,250,e122768f369d0cec2fab461c9a73ac951ac9c2fde195fb33c449f593fae69a6d,176948
membership,24,251,fc01347c87138f76909b2a7fa9cc3ce74b389215b84b4ffd84a6c3f0c5876511,176948
membership,24,252,2ee80503712e01a512ebd4b02ce7c519ad76065cbd98fd627d20a2b6e38179c5,176948
membership,24,253,959195e7a9e38d6fed1e4eddd05cc1eec9ae7e857ae118ff83ed71438c540bb1,176948
membership,24,254,82f3dc5af13cd0dd8766e8032edc7cef117abe4f36ca8df2037fe233c2b6aea1,176948
membership,24,255,67888d43bb9eb93600734f307a38fc0819c18b18c691ef7337512004f7c7deb8,176948
membership,24,256,613df742d440b5626a9039ae9e6861bfad9fdc80acd6522a6adf02137ac67618,176948
membership,24,257,32dcada6991f31c46a4bb19443e905eb1921d32445f556cc4ac8d9dba8bbafbc,176948
membership,24,258,81fa5736a29882a41746c47dcc7ba07598952531b6e8dfcb46f5101a8bb11b2c,176948
membership,24,259,1204f500d4987b831f338017bd9cecdee70d56d4ee49d0522b5a4be6f85b6b3c,176948
membership,24,260,cc4d00c1fa311bf867fe1ede924e4ac8086a5cdbabdf808a66430f121e5c7c41,176948
membership,24,261,8bf580d64644dc180c0dd0897bcbe4f57870110da2647e7006eb63909c62463f,176948
membership,24,262,40b9f9e2af65b32f7ed2e1cd65bfbbf9d2e3d7b5383b743694a0fd0f9289e3d7,176948
membership,24,263,ae95f9cfff969a346c0ec234a9f631e4dbf9e0655ff532d6a0117f47e5206499,176948
membership,24,264,3bbf7957f27750829d5d180075d1a4ca0119a20f228ac06a360e46f10df6ec6b,176948
membership,24,265,03d786d1874516c98855a8b2aa01eb98efdc83b155c78614467b58b1d459206b,176948
membership,24,266,95e32add2d9e8e68f85aa749e562e31f8709b9e83c401b36b470ebee6df50ff2,176948
membership,24,267,fae0686e3adbfb712dcc6bb6632b02c96ed74f0cc4919727c4ad18ca732ac44c,176948
membership,24,268,3a35a911b6ab50f72a751d227b8d28008ae534978048805401f3e2561b7c3848,176948
membership,24,269,61ef55eb352d249e413f09be8410b07a0efcc1c012ba86a28ff0a28832ac703b,176948
membership,24,270,0349222e107ad1c1d8907632e9fd39fa5b0d7d3b67bbe9953775878dfaafcfe6,176948
membership,24,271,0e876ed972933309cf58108c7b724aaf74e35196de94257960e10395b3394627,176948
membership,24,272,734c11f0ba210eb48d0ffb730f73e5db0f9e7074d531aa0a0e7917dcdf0a9061,176948
membership,24,273,30e937a69592131cdae57c28987a333e563b99c56095b34819443bfd5a075e4f,176948
membership,24,274,c4d9e906b918ff8aa742e08c8bfc7ddb249e58474da7c734af22c686de2f6afb,176948
membership,24,275,683b009451f634c82941677e96a0f6c4ab44f1fa7e1b9e18a68197217272a555,176948
membership,24,276,96cc6c6a90b50c03e93f222c101b0e4be5619670139f3319f4c34fb44119c4b7,176948
membership,24,277,e9f8ddeab8a9c436a1d2bba81205d0de28c844610f542fe14fbecaf674374da1,176948
membership,24,278,00b9d26a7effb163f0b4f5333362e43ac5198b1d395a379335cf3b7d732a4481,176948
membership,24,279,e619f7129ef4cefe34805ce3ad4fbef716c501909db1f5ba54f812534edf6b31,176948
membership,24,280,8b74655f132d088c3cbb7b36fa8685a1fb1447bd9361b228f8988f3b16a1a201,176948
membership,24,281,2406e71d6816c7ec933c45bfa1547bb0efa9912c86b29e0ad8e0fd7ccd9cf596,176948
membership,24,282,f6d9e3fdeebbc2166a9adb870292738ad99262055decbf0b23d0a67f1a522271,176948
membership,24,283,79296014fd1a4660e5157cb022f71a410a05e1da0f4fc99a3173a14c264ca2cb,176948
membership,24,284,cb231b561860dd59c7d08f65507646b361a77a8f3a429fe8d3c858c20dce721e,176948
membership,24,285,0613ac5df55692fd9807a3be955950bf790455674526c2c06ec91e8ae9449bd2,176948
membership,24,286,47c922015dd5a39e59e573824fdb2152f0c26fd3a54b629954a356b29874bd3b,176948
membership,24,287,d5705b81f37abcacff7dcc886f10d3af7c83d826cee638ec8802e523a8f3f91f,176948
membership,24,288,4c359845fc87d72a4a416e30746c091b9e3547bede37a1ea6dd719587e2dfd45,176948
membership,24,289,368c55f87d861d78b588318289e41c504680aca87d8ed545b4d22475e651e450,176948
membership,24,290,0d49320fd825a2f8f462198e9a9aad7ae004a7020628e28c8576dda5a6dbfde1,176948
membership,24,291,7260b81e3b63204f0b354b83afd6486f6e971ff341753708fea217ab535afa3c,176948
membership,24,292,d2aa43e253d9d646efd2edf7359924ea22206aa28681904d3879af9e37c5579a,176948
membership,24,293,87956da7a7ef15407d4bfe39e1c4b83871e4d665545fa85d586e538697242829,176948
membership,24,294,0227b12b4632ca77d5aa4712805679b69452eb3bce8ca529974cda119cfd75bf,176948
membership,24,295,d38eb122e4bd7f534d29111d839cf586827d61fe8730a7343bff71be2bdb39fd,176948
membership,24,296,bcb03325f5953b5bbbe9ec1c86cb9107efa535f7e61e452cd56007d0c07403b1,176948
membership,24,297,d975596bc92d800094b028199ca6b2e1724620cb4dfba9ad061255a214366f8f,176948
membership,24,298,23dbfdc4dbee0c869dd9bea2efcce51090149964c180abfb9b699059ce2e9c8e,176948
membership,24,299,85362f509fde7d999bb5e7ec13d7ee6a806d98d115f858039f0adaf35f54fdd2,176948
membership,24,300,fda91b3a0f761b78b8c84c0ee2b542bb2f1b8cc80d8e487d97ad68cd79834e7b,176948
membership,24,301,938507521afc4dcaa9c79202d94e6e0f814050c12e7c4e8d63955aaf25b14da0,176948
membership,24,302,ff3c9198e37d5fb0404eb9af80209407bc9e8053975666b9aea4ae00c0f1a3dd,176948
membership,24,303,4d0f4a1b80f3f01ea1d9133f85e64cc1952ce64bd9b1f0a657e162b736159000,176948
membership,24,304,70bae4f237ba633da13888aea8989bfcb5725e74293e7605a1bbaa1d82176373,176948
membership,24,305,f0e99709fd124491002ee8759c785a0e8a23fa0e58d11feb417479ce533d902e,176948
membership,24,306,6eed94b005e659be8815b22bbf86aab2b789f089bb07983def6f5cc1eb03edce,176948
membership,24,307,e35594b9d1b56474660cd88264d44b47ea1ad16bade6576b93107a2b09e5dec9,176948
membership,24,308,2e735475089caa551534b01c90b318738322b1437e2503314de444d314cd54d5,176948
membership,24,309,fcd418b2b87fe186d10cff6fae5482d201ae6213c4fff84a85cef892591ab2ed,176948
membership,24,310,1308998ce8c81bd6d9b4a45e67811fcd5626298fcbc0c554498abc55182f994f,176948
membership,24,311,6215bdd98170530c38576c8beeebff62e0185bd4201556a2e9be5d435c0182fb,176948
membership,24,312,cacb80bc8010d0ff68569c1be25a78d9504861df51574cb33499f4afc2781754,176948
membership,24,313,1d68eb19c218178741a7a23e6f95f9b11b0d54609c0e4ebc8668505cb0d05573,176948
membership,24,314,0efc058b5e024f3d9a2644a3894611c1ac9b4e4a9726a3a34586607fbc06d838,176948
membership,24,315,c88285de2cc7180a0b73658b410750f1e0446205f4017a04e0bba4bf1fbdcf26,176948
membership,24,316,aeba73cd3971807780f1599fb936f15a93a80be3340a41c5824b0e006be5270a,176948
membership,24,317,871230e158c1797e71c3ba90a5385bedee7f50c49f64c4c3f3bc355beb333988,176948
membership,24,318,5f0a51faf58748c43299d6c27fbb00165049c7a082f0e21843a979726dcb8708,176948
membership,24,319,b0c9e6fe3e88a138124db67ee5d601d7fcc0485aaffd9c1162a54d5a88c5856a,176948
membership,24,320,28b9d502c7bacc26889130ea0aaf0069b8477e6f0c424b5c97809b806d8c885c,176948
membership,24,321,593b0a9d32e589bd1624863fec2692c03d922c61058d389e03ca2eeb88d15f4c,176948
membership,24,322,1a253687d852e16b32f54fab73d68595085d2f8f512aa6e555edf97755980e4a,176948
membership,24,323,ba7335c986bb349f11520edb1ca40939aa7781ed7729e18ce9aaf6c73f771f29,176948
membership,24,324,16a28928c8a2659293377e8ee00950178587356e39a0ea8c5321a7ee45d0eaa8,176948
membership,24,325,ceeebfd8b57b98db236a81c99eb3771d1af42676b9f08c94913c26641f2c20d7,176948
membership,24,326,fef886e0cf2c416b72c83f7749b7cceac968e32355947ceb2f2a9b2e06922241,176948
membership,24,327,790c67e5ec1ac6130fccfc37d6a1f7b47a24e896a0fcfb2e8b7b568b2679c97c,176948
membership,24,328,6036a641cf85086624ad18859ba501233c211b4145f370630670095aa8e13d5f,176948
membership,24,329,868a000f14c5df4a6eba747952197038c95152f03b7ec3726dc5379c887894bb,176948
membership,24,330,0f4477ba655afe938eee5415b5122d9e85900f63ae7e88611e3e602a9453b9b2,176948
membership,24,331,6b45dadccb9a68d533cce09831d2d4eb05754e3298e7fdc033d2ba2c862070ba,176948
membership,24,332,2f04046f36840cd094720d696241dfef3a6745d18fb1073338a7a6cce4279319,176948
membership,24,333,58a429f9df98db27d29df098f9fc7c804bae3d97016d00985f4d8ad4b65ecca6,176948
membership,24,334,1239abbb021f68619842ee3c1201af74f7ca2effd8fc7428c9a8569b595747e6,176948
membership,24,335,5f5a555153906991ae3345d6b07a09660476fa977c0db233c0b86e15e61f4c59,176948
membership,24,336,0235fe44c44aaae804abd978eb0848b33c62664259cdd8d809d39ca73e7b412e,176948
membership,24,337,02c939900d4ce14cf9e88db1247a52fe6aa0172d70e99ac5627a9c540df5064d,176948
membership,24,338,e732a2512b1754a9824755e410bd40dda73b6b61b921ba95b183c6f19bd52cd8,176948
membership,24,339,4d0a86b24ba547aeebb128b5eaec3d2aac166b591017beb494b34937bf068a59,176948
membership,24,340,06175fec19654cbd19fafaa5fb9cfe824f31175c988c5375f139c0897c5f7682,176948
membership,24,341,8cf646d02ead1db7972fc90b8c472442f5a71eded155b194ef4a8e9d2f954d95,176948
membership,24,342,f6add5425da647ceba1f0945c50fbdf2cc3eaa4186ef969c632058ddd741f1e2,176948
membership,24,343,16d83ed13a09a8d4ff377ff2776002e306b1163f6ec935423606bf9c2078b1e9,176948
membership,24,344,a5c891e345f77daff90416ead1adab18186246f208520d0d8678c8a7b345e286,176948
membership,24,345,8757ffc83e9e4f0ff99f13de1a0922cec3c14117f59dbe87473f1c53ec4ff570,176948
membership,24,346,dacfe590ac2d9831965a1dd2c37e230be03ba3a405996ed397a5793495736a8c,176948
membership,24,347,4b8f438f91889901a1d28e4e0f8ddaf67ef944a7b8bc5bf010720ed6df708fbd,176948
membership,24,348,23bd441ccbeed8e6fb34b93edc715bafc2b8cc1af473c13fa51a17adcc68f84e,176948
membership,24,349,dac735895cd99767209559d89a588f358e577919c5e28a92ba4c769b122fdf7e,176948
membership,24,350,28a480a35a4cd0176496a9f66eafa70fa9082c8ab1fc0d00cf33422684fdc20d,176948
membership,24,351,7f850c552be53a07514639abce33cc2c66560fb92541c85d680e3c1a9ef35371,176948
membership,24,352,28c55d7ce90458d9a7e7110d0c824e1b221e91c91fad42f11a166ac8bedbac9b,176948
membership,24,353,dd9be4eed2949c1ec667481e949320c69fdabfc84456b8fb9e38c1f6e6adaae9,176948
membership,24,354,54fcb0c663d6554d9be3618bdd8a90a92da93a223c57a62ad0ec712101b06b44,176948
membership,24,355,54373f72c272466a04f4b604a68582c8032e2781bdba2215dcbee263e77a7dda,176948
membership,24,356,0eac34f797ab2ecd0abe1dd0fca6d4a3ff193c8d45173fc9927f8f864eed9802,176948
membership,24,357,5ec1319ee6c14c4f965210a8819cb9878e2804032e38113c6feea419f17dd0ff,176948
membership,24,358,7d4079121d34fa6daf7c1d6d7efd7662da2fa48efdc75857c505a035b890d0ec,176948
membership,24,359,47c1819ee800d65f466897d58a9c7a1bdca2894de892a538e9b0c24e8eccd6d8,176948
membership,24,360,bcc2683fd26d86bf97ab51b2e37d0b1766880acaa23fae19e910c47c51c134e1,176948
membership,24,361,92d36ed343e5f184533976fb5b3313c5570c0ec9fd7489e4051aba36909719d1,176948
membership,24,362,fcc62d95068dede00850147cbcb7df0b83e676e52436a55707353b2b7dfd24b0,176948
membership,24,363,b53a66255324dfe81a5487df77ea100a27af04cbeeafc49e03fcb96777e386fc,176948
membership,24,364,8d4220dcf54afc640167ba55488dbb40c4160b6bed44f2f1d755a52c5ff97a59,176948
membership,24,365,1fa919f5f95a0b1884344f28b29674399ce06b8d016bac77ba732a79d26a103b,176948
membership,24,366,f32664f806d36d0c8d85ec5459c4f6abad3ae36fc933e81e348e7f63121a2760,176948
membership,24,367,a98b138514b801247cde97e557042373243bdc1c0c2358e4f4346c33ab64aa31,176948
membership,24,368,1870d2a4dc9043dc1171b3c2c3f30f3964c71418406196653429eaf3ae2a8e6c,176948
membership,24,369,7467302882378b0a3e592d86b296138ce4be7ec145eafe10be9d9523b5ef4b10,176948
membership,24,370,cc5b5e572bd6a111be3cddf062f5d926b4ae8e0497136cb619098c95f9d37047,176948
membership,24,371,d56aa4a142aab7f526ee8f7e89647aeabf183de7bcb415d5bbc4c699a796086a,176948
membership,24,372,e9d1a3e0f6fe9adddad7b40848ebd56a76b814caa31ab7fe8b2cc8d6c8a8afef,176948
membership,24,373,5ebd11c062cf030231f6de67e267e0239d8cf1ea3f0794d0f00c6b41dd9f9d73,176948
membership,24,374,e44daf29634be462d5d1b57db5e460d8096a0406f26570652aad10b5353b82da,176948
membership,24,375,1f5e36e65ab1ae1692c039875869775a55f4ec7108de4a626cd9e8732b8c80db,176948
membership,24,376,a58b5e46bd53b0439f0ef3abc7de095dc3606ebe5cc47a4debbabd13ee443a8d,176948
membership,24,377,724eb689bd721c19b3aa8d648bfead7e528d471abfd87402230bf3b2e955ac76,176948
membership,24,378,aa5329c49c4c8d01e27816412f5730bbff941f066030a89be0f0bde66f6c579d,176948
membership,24,379,637f3f3cd0d5161279358c05ceade73a4821b4746504026f7fe5d3017418c5ed,176948
membership,24,380,d085452d91e3cefaa6feb47ea2bb0c6bf4f2672b90e6b695569f231f71ff1879,176948
membership,24,381,e71145e9196f231018751308b51ce5a28f7a9442b7286e08cc3001432d586eef,176948
membership,24,382,12836952fafdde61565c4963d6215ed4f5855ddfccb5daa2b6ea419485a435c8,176948
membership,24,383,6119accdd65a6ffc2ba6be1ee7b3b75c28711d4316c3f27b86eb40fc830dc560,176948
membership,24,384,7d9df1ab41e760322b801cf10c4b1d0ec2a46a6a8651660fb7ffcd56bedd0203,176948
membership,24,385,779d344d39897b600d2cd3d9fa7e80b27c762b097e537ecca8828a40d1cbf299,176948
membership,24,386,66e6c8e09bad6a00666c5fa0f3051b5903ee06d30b496b693757483c1d83e731,176948
membership,24,387,4e75ae6958e7e4bd0b72ff7f65bbd8b15351fedc57bafd62b484424953867abb,176948
membership,24,388,b09e78847d22b33eafc318a77b6360010eb5e3170e5efc5f4b0efa87d73429a8,176948
membership,24,389,7ef8a9167b3a8be2432fedbacd43f0bf60348b7495ce1fa12d77ee476906ed13,176948
membership,24,390,336ad693a9c1a96e60fa2ba55faf29236b5ea6745755ff5aa53eb10e52048143,176948
membership,24,391,de995d9de522f573a2cb7699b85ca129f3a50c2b703e7cd60e764cc0afd8f7f5,176948
membership,24,392,e21eec79674b752d8fba8b93c4eb21ebf8db078f9948f66e3aab442f6f00c336,176948
membership,24,393,687453c88fe651f16371a4a2d96f5d5cbeb7b4f3ec005c0acb5791e07634080c,176948
membership,24,394,6faf68cbdb4c168ddb07348b31daff85ea036071cb83c522e9237ffa29b3e220,176948
membership,24,395,a4977d78c3e5a567b9966aadc06aad41c9e4dc7058ed2b678520cc9290c98e59,176948
membership,24,396,e2df6187077c526b7b80bca4df42ee5f1fd96fa264aa0d4f9d9e736996a08af4,176948
membership,24,397,89c982735c2c45c3d5ef15ed727bd1a9b6a00b30420671f3479fcc1d8ae4e129,176948
membership,24,398,0b847656413311525c364e88bea53882a9a99a50758027e0c9503060e9060148,176948
membership,24,399,06ef456441369ff5ade97c22e6b2d7e18e20c9163f5ef720fb61aa14c20a84d6,176948
membership,24,400,01f91aec9d9452078ae98e2a93ab41d84d0c3a6f1e4d8208969d7a501d4b3a6a,176948
membership,24,401,b8fb126be0c9a8bb072a0ecb222f287ae89f4a1055e72e63129ef133dd2daf8a,176948
membership,24,402,66e7bfe8a1d328e76f8dee57ed8cdfacfb655d48f2f136871b573f81bb819edf,176948
membership,24,403,4d5fa371ec7aefedf5f0a260d8ac19f9fee61b44791df95a15cc47aab5e79b0c,176948
membership,24,404,69a6aecfe4f68bcff84a304753858d37d5567c3da96ff50e409dff72ebcd1289,176948
membership,24,405,8ff3331e18d2c37994a3c1f0c55aa79cdbe0ff7f46207a43de25018f4ed20ddc,176948
membership,24,406,8121ab49e251c1ec909cd510de680930960fa9c10338410361c8b226dfd09f27,176948
membership,24,407,fc0417b9b1cc47e7a57df0bee682163cc6c20dc337373dff30724ec304bfc17a,176948
membership,24,408,61daaddf3be1621fd7c6dba3e7899e55203bbcaefb2faadc44ca8354b2b6407d,176948
membership,24,409,9e2a5a89edf16142e9486cd282b423143f04c9af0a80bd7cbb64dbd9e3672794,176948
membership,24,410,91a156513f0509891e3b6fd5d845f69d0f5bd2ed4c9dca8c5eeba9b0df6f319e,176948
membership,24,411,efd5b89100f78b6990e49f347f85c0afefae069f2b2b1e83c198f0fd61ebf7e3,176948
membership,24,412,00553d667378c2992d9a4ec64294f67485a5a0413db5cf079d779ef2c578e60f,176948
membership,24,413,fe80a872160f8afd3ee4c1326cf179ad959869a1d622e595e09c5f027bf729ab,176948
membership,24,414,1c46ef644b6030990f4220d3aa6884fe3cae6b1279d1d3fdf770d3957b4f3100,176948
membership,24,415,11b878024ff4364e1b679a6a4e680169335cac4da0c1abcb84b72003d96f161d,176948
membership,24,416,47369973f6bca12efa081e4257e49d858cbb51c32607336359a3d3e210cff3b0,176948
membership,24,417,1d8b5b78165e657a3e5e9a4c84f5a63c31d5637bbc98aacc5a8998c71a499322,176948
membership,24,418,6abdd96578452e84be34db142f7f7368f02bddb047b16f378ea07a1e9758dc55,176948
membership,24,419,9e027c431dcd2762b33e523c01654e910cb1679735a76c9b224542dfc1aa7981,176948
membership,24,420,6e759ac14f9e277187620c9787315a4ef0dd36e8d32c296cc0276a317ee121a2,176948
membership,24,421,bfb9e0dfd1284d7842af7fc9cef926e38740083413bacf130b2b9f3c873288c0,176948
membership,24,422,ddc4bbc99a2380af27bff2d711619b53be721649dec10c586a9f1c1c6f10e836,176948
membership,24,423,bf85aca544f146a8ff668b9fe2d7d5fddd01a490c453cea6e14b3e6980637d30,176948
membership,24,424,655a19253b36ab36486a9470b1358311a1e4fe59d3a124552508316ba6126c64,176948
membership,24,425,88fe08af1ca285e36771000ddef6eb5fbc9fb7cce53a040b318fe255a572b8b8,176948
membership,24,426,dd94c438da7c28a506b4d01d51bb12ad94316ef872da0ef5ba3cc2b43273556f,176948
membership,24,427,907aa447657d2543e08fb419758e4521010eafe8cafa9e12ca9de93f14f31f47,176948
membership,24,428,58e23b462b1932d189fc5f7917d43ba908c5c20d4200a073a1a86f5de390f29e,176948
membership,24,429,b056023e5a038efe5f62c64b71fc98ff9c4a64303958032528f38ca4bcbddefd,176948
membership,24,430,c7884333becce73d6ca2aaf52d60f152a099b91a89714513dfb4fd2cc3e3e671,176948
membership,24,431,5e491d5e1bd217e46630eaefbb218da5be2820456b15b131902aec05d7ebbb51,176948
membership,24,432,26755a6a4bf38905aaadbd9014075c4a8c95742fc47d44e2ae3710d5ab0cbdda,176948
membership,24,433,9f3efb500a5ac3756b25db8db56ce5d7bf10b9e4a04662b9e35d4fe439a77086,176948
membership,24,434,e9edb6f9b0c199873226a8fd91f7d63d1656d2e79ed81c7181cebb89600a1817,176948
membership,24,435,a44e9171869446acde8d168663356643b33bbd77092f9e5f3091c1f86322ba59,176948
membership,24,436,d864e01b3eee529fe0c7407aafd7f8054fb408e4895f8e3e3141b9432cbc31f3,176948
membership,24,437,5c19f7189b60791c538dc4a7a236fcbee1cb79b89607b920c66b352038de3d1f,176948
membership,24,438,3893d710071c0bf9bf30394deb0fa9fea7f093d9c53ba5048c6a35fa23fdfcd0,176948
membership,24,439,537eae7459d2613d2198148f2651d81fa6bdf3bd78c7a3c5c1d47fdb1c486708,176948
membership,24,440,f57b0d65899f9a47e17d2a8d61749d4188fbbaf8dc36df4f168758281e2b3248,176948
membership,24,441,6c9209f2fef0e1937f29615648e46a0dd5c869771b0ff9b990a7615617c6757e,176948
membership,24,442,660e287a68229a07b037700583c06ced7700a1c7402d21051d1c4ce6e38db8ea,176948
membership,24,443,011ba0ac8267d66ef8049d3494e07435648dd2fe7aa7248e2ffcb279b896592c,176948
membership,24,444,9062b7b3b1b6f85d7a501f1cd7b8e1780fe917eb7b5bc3add58a0ca147537596,176948
membership,24,445,30675972c8742a995d12f2a8062ac819e622fb4b13532fb06b979ba743d01bf5,176948
membership,24,446,623a29b8e66af8d1223cc8e256f9e66bdcf08140e449bbe9002d627c31a87eb1,176948
membership,24,447,ec80cbf769a34e8726df26b4796fbb7213c2f2faedfabf6d6266d8a700214f01,176948
membership,24,448,29b239ddd8ba074a2fbeea17a0fd92ed86e8bff0d7c9f7d2896b8a204c01fe9f,176948
membership,24,449,7f1978f79b25b69d74ed1e2ed2f70bb6e19d62b28cbd6ea033ae759b8b163c2d,176948
membership,24,450,c96ff7b72fe16a92270c5788c48f8ee1c8f61a9a23c6414f1c29f1dcacc33b2d,176948
membership,24,451,2f58673cdb1545bdd82276cacb31c17498ad8e30f57dbbe3edee5c9b5f46befa,176948
membership,24,452,ccb4058192a5e711d9021643cbf6726b13d8460368d5f04c6d218e5b537ed318,176948
membership,24,453,51f4fbf5e3a0834544496ccb9af973c619a9a45ed3b9cfe30d0ef0e6ddaebb5a,176948
membership,24,454,f461a3820577a317e7a42643c2e119ac48ccedbbef2a8135e5cef66fa0591414,176948
membership,24,455,b87e763530d54439fc166a90bd91d2f12b3fbe3048a2927dfddcaa79132b0e8b,176948
membership,24,456,9ac633319c26d2b2e091b7e00e8d4ce2ec4d55e7c526baeab589f682b0f57a33,176948
membership,24,457,17fbcb789cc3532ed47bee0c8d9252760835c37913dfabdfdf768db8249c79fe,176948
membership,24,458,55ed4b9b70f5c15fabc6c69c7d9be27043600de2f3e37b32944d0d009090355f,176948
membership,24,459,b38d1684ad084383aef50fde16ecce385895445e9e06c7b3a2dc056fed6e4ffa,176948
membership,24,460,32c1531e7d710e5209acb9f477438c2fe89724649453475cf8099eb2928414e0,176948
membership,24,461,a62c4bc29d022c0535e8e228ee67ed32ba91b08a64b89478515bff23695ece80,176948
membership,24,462,8a468e04b00ba3934150182b558982fe1dd8c4cb85d4d9cc526a5ee194b288ea,176948
membership,24,463,37491f16b418b87f352cf90a38f65b3873c1c4f05af26015e38be74b370519b5,176948
membership,24,464,f898af8c26b6b54c54ed1502726e5b53edac3f97eb44c1a7b89d0d506455471b,176948
membership,24,465,0689d0032e3ffdbcbd25231fea5167c1df2ebdad168164c43e78110670ef9e13,176948
membership,24,466,b970734bc92a4f8716be3071ce0eba5da9a8d14075df65e7bbe3b1c4a302e957,176948
membership,24,467,8a00a278598b031b14ef4ec9e2da9a2a6dc4611c9415a18962a1d24d8e593de4,176948
membership,24,468,42dbf7126ebec94ca23eb21e463ced214b59e84b22596b82f3e0070fe28e49b5,176948
membership,24,469,bfbe312d2f92fe18e719d614cbc3739bd1893ec04ab4fd7c21630b990da1e97c,176948
membership,24,470,27210bb34a58c5a0ffd3d2033de1e20348772cdbce783426dd9c633f8d14013f,176948
membership,24,471,326265a27d44012dfc6dda58d6262e01fe07787073fa5abef60ce0ef3fd4d99c,176948
membership,24,472,e3b278320a08bc1e3716d6c6b3b44df159e3119b8410b0d85765e5f9fb6fc1b9,176948
membership,24,473,3d53f408025200e6c7608acb3d256178fec7f3032154cc048ccee9a09355469e,176948
membership,24,474,fb3c6222ce8ff941fb23dd1d91e958ba1d7bde1f57ab89da91385211e35058ab,176948
membership,24,475,d72ae80cc9aeada163ffd2b997a9f1e6429e5f1678a12a3f2c4747c72ba5e302,176948
membership,24,476,99acdef2eb7cc10bbb97d2ad232ba44676018d8446094c07dae9cdff1cb46f8f,176948
membership,24,477,3d1ec50cc4325ff60297f6c540e589271911987944d790d7f7a58d2439498b68,176948
membership,24,478,db54e3d56445b6817108a776c0c6f3e22c7152ce7333149911e414c538001f88,176948
membership,24,479,60dd9ffe75de23d273381128f0855a73c8bd57e83b2faae34ff084b99280d88c,176948
membership,24,480,76a41c1d88214271b1ed54cb89083651b7a6c32793d58718f92e78ce93e11f5b,176948
membership,24,481,4b3b58bbeb316b6fe7744df9be0f40fde1bd67504a02a2663596eb2d505dbf7d,176948
membership,24,482,18271c7fc010464f8782b38270cabdf94da762bfb3f5b4cef48f13a0c1832e4a,176948
membership,24,483,957ce932e6ca2d9c79c270159bf7e19bfdf5d847cc2168dd9e7a02bb0af15709,176948
membership,24,484,7ad5e17999cc7912625ea500b1206e067f9837666984d76c62b3748d1435aace,176948
membership,24,485,5ba9b9de3dc3a5b221d0e25390c1ea6f671c463e785aef4226605206456ef469,176948
membership,24,486,03975cd43c5d42b2c9fe6a91edbca2092490403986cbbd098f26231ebec8b1e5,176948
membership,24,487,28f4f28b81a3d1239b3dd6ec427f26766c1c48fc950b969c1e9aaf2fa5aa92f9,176948
membership,24,488,bc541f7b8261773789d4a1fd66988a1a7ff6cebd7350cf473dfed68b7459b433,176948
membership,24,489,5cbb6b7768578c5ddf4510391642afe85a537fd26861cc04eed5a8426871fb67,176948
membership,24,490,2f1afe52b4367cc69a179fdd8eb67f426e43e8c35b96bb8e071dd256a70a3eeb,176948
membership,24,491,26d6eafc8609abde92733564b048880346f45c167fca9f98607710cbf149a283,176948
membership,24,492,88d41d40ae312df6623aad2f84f0c4229c09981f17c2c0c7d6cfdd5fe555b7d1,176948
membership,24,493,40634669e5e9ba53f86d0808e6f120935908859a25e18609ab42d20b7ca4a732,176948
membership,24,494,b83d36604e2deac012aff278966199f520a90d46291a6e98f1210edcc0317a45,176948
membership,24,495,986880c8e5b6495c4244903027d8aeedccb175908f7a3bee16adb44fafe58a18,176948
membership,24,496,e3cd7fc82e1eb21d4337ee3f97038c7a02d4b101972f1c6569fbcd2cb26afe41,176948
membership,24,497,293534fd73ba568a39ad260315a5abeece909eb88b04f92f156b0f937a02477e,176948
membership,24,498,391adde7e80c94618e114a29cf730470ed236b6c93673c87abc3bfe1f465db9c,176948
membership,24,499,8f6b13d65edd8a5e8bebf913177294c721471288e563a3d1d6eccc365c106779,176948
membership,24,500,c1b12930966b449873dbd79381f5762722be342efdce7363afe72bb61778b223,176948
membership,24,501,0eed260d4a432ddb97709ac57196e51d8313c21643692eaf7ba02977ddb0519a,176948
membership,24,502,7b59acb6eaf715b776aaf05a4a4113821785162a97f7dfc84aec1e45fcffc540,176948
membership,24,503,c4fc7de67bd4e354ccc6066d5fc8399ab34225c8b7e5d6fe7bc33b6077e24e94,176948
membership,24,504,fdb3bb7cc111b8ed6c3f13f8f7de34d285dbb77f7b7ba8424a2862db71f91644,176948
membership,24,505,42aa95b85b8aa097361530e79ca7f03e7e14d20401999c425c792b4651bc71f9,176948
membership,24,506,130f46f7ee280b166c42e289d33640e40f3aa15b99f12253700d4b839d05de17,176948
membership,24,507,4803064ab09a06ae1a46852e8b6c468c7c0b0ea62bbbee30df9401bf5c633392,176948
membership,24,508,e821055fbda2e50100c480cf69d41edce76cadec0034a3805f78f26a59e34215,176948
membership,24,509,016d19fb16a7ce36cd3cafd31a3df6e57d48f6af3d7988165150656e0370ca73,176948
membership,24,510,0c366350c631d5902d16e059f919337c17b29964025c10cf6458777eeda20ae4,176948
membership,24,511,53144adfa0d601e8adb5f78d57088f217612e99f1b97df9ba5542ebfb2798ccf,176948
membership,24,512,4f12b3e878682861e1991017941fe261e3a4fccba3f9ce02640e97c12895646d,176948
membership,24,513,5eea231a4e48afb4bd5666e265e8ca10e4bb1cbdc7813220b92b6a4e4c30b85b,176948
membership,24,514,e409271405433be0c200d45e9b948b0124f124cb53da8b3009e7eeadd296b21d,176948
membership,24,515,9d715225826319c7524b8aea95f58104f4885a6baa9eceaf27c5c124099d454d,176948
membership,24,516,f271569773d6ff4d54bb8616676fd6a225054c06f43ee08d9e7f4ce9da81605e,176948
membership,24,517,587df25fe86eed4a67113e02599ad9820bf54244fee710920f898a416c0dedb9,176948
membership,24,518,40868da98c20ca353c28fae065bc7be464141cd071918db52e7ba3a2c3285365,176948
membership,24,519,cffbbc4c60f3509ac1a52c49992b519dcd00d7e5438255f2b65a394b736ac527,176948
membership,24,520,ae2f57a2bc07e0bb090d08fd71349d3046bd7b480b327efed910a4247575339b,176948
membership,24,521,470ea31babfd1f22711faefa53a5d2c8670b402edba9d45cc3fc49306c0ae549,176948
membership,24,522,24cdd74f004363e040e920f67993fd862d912b9d0630f1cee7a46a8f3a995ace,176948
membership,24,523,21dcad65c40ed0af7ba099b78a7db76ce0f2d70e31ea2f729fe27cadbb9a765e,176948
membership,24,524,f1414101f19f4263e9a360fb3c0046f022fe2872410e8a4cc86f887771fa49c1,176948
membership,24,525,c316d921b9ee43b474eb072c8eb6ab1c9745237ca8df6ba670b04b62bab30e0e,176948
membership,24,526,2013f33f591727ea6cc683e689db378f3e3b7d68f17fb6c85d4838b673b2caaf,176948
membership,24,527,558e979821f5ad6890476a2028910da7b2e6f5fb5a5818d1b0d774ee27173247,176948
membership,24,528,8cb1a945a342df7df921d161251c38d17df39d56434b4cdcc9456a4b6fb17d8a,176948
membership,24,529,b1b83057b136ec82eb01bfe79b6775cdff5309b9d408060c1411b2adc93e821c,176948
membership,24,530,27670683d9fea7b1c4f83471b8ba6c2134f4d135f0e795d13705815118095831,176948
membership,24,531,1d2a6c977f60231d8afbcd72a274fc49c288265fc7cb1b7fbff2f24543835a59,176948
membership,24,532,b0100425a7d212c7ec7d56b475658d2c0bd61c40ee5013fb6d491e10cd0e5b71,176948
membership,24,533,442ee5e811e5acf2d64b12041c889a1152c9e3ff70bf235dcbf23a9c544eb154,176948
membership,24,534,87761429ec0d3125ceb356a75575f0297bb40b9f0f24e71ed981e4bff41eba0f,176948
membership,24,535,a6c6d3734fd0d39d8d7bb9d5c3c34f888a3edf4bf82b97fe4958f47adb228fa0,176948
membership,24,536,7c26e6c0cf8aed883bcb6a48786a969762dc476c8d8ebb41dc34ad4236da3bb9,176948
membership,24,537,9f1b8b8d724cfbc50c0bb62993d3c11080d16d3561d783344dabe67c3b24a7e2,176948
membership,24,538,e9e856eed251affcdc005db7c1e239a8eb9ef9041c411339bce6443f3fc2b130,176948
membership,24,539,edf7f177650c07c4057e9a0c3a3d142d1867d18f4e4e10e6ba5229e2c6465fc1,176948
membership,24,540,fb74623ec510301eee170f5a0641044cc3533ae18945186f223a2ae1eab12623,176948
membership,24,541,091233f9f5b1a1f55c4df57bbe0028ecf8dab7e00b9e05bf866c90bdc75aeead,176948
membership,24,542,56139458068b91d3e3e104e60e29ab2a686c510a325364e48aa69377ca90ff69,176948
membership,24,543,0181b01b9f75b27b2295737bd0b50c7351d8afec22de2774cdf26d471d2e11fa,176948
membership,24,544,c95f3af8a4120949ac3683bb21d43e2c4df27921d838f4f5dc7175f7d64e2761,176948
membership,24,545,a0fa6ad1a0211058bc4d43801055057a9754e2752533ffd0f911011b1d1dd99b,176948
membership,24,546,1537b0cafd4c9bddc06690f527e270a8defeea96a132d9a2304f6d5b72c568ca,176948
membership,24,547,f6bf888085b509db3377642058af1607f5b2f82d557c5025366737ae520f6994,176948
membership,24,548,16939a77198ce73a21e2ba04cbe07217423a4409126ff3d745abf1dce31e3313,176948
membership,24,549,26a3e220f7ebac060c80a60df42293763f55ea36aab2da839bfba309082da74b,176948
membership,24,550,44212d08ad5595dc64267a658c959b3574296a32083e99db7c306e39cafcd79c,176948
membership,24,551,002b9df9eaaa3f8bfd700823868fa07f4eed096eb909d5eac183eba5fb50db1b,176948
membership,24,552,814487c939725333ef3b7b6199dcf108cb805e69ef7f8660e9d7a0909a2266b7,176948
membership,24,553,75b62fc83e8b4d830f5264f5aee47f6f2c6b690441fe7d7dcc40916387c81682,176948
membership,24,554,a943dbc67452840cf3ea80af20590ec1e8ae9be382ef727290716919c172c6ce,176948
membership,24,555,6a8f235a11a53ee9a24a11fb752f4ae21191d0d1ed99778b4c2924da1753948f,176948
membership,24,556,1a9ac68fedee743b391cc1f7ce5d4dc4fb1db9fece64b0f998d46549d97ac5b2,176948
membership,24,557,3a2cf3c97cee8fc77a4aba6ef2b9b2f264f0d7b908e3e1bf8e19e40af2f33c89,176948
membership,24,558,cae9baafdb5874dd26bc3f2a3368d428797093173b0526f76756c5387d0a153b,176948
membership,24,559,687f487baeaee87f1ae17bb00cfbd4c24d75dc358504bb358ec518a341be77c0,176948
membership,24,560,1368efb83258cf05230f4af91e736f1cbd1a71bcfe8032059dd12df83212914b,176948
membership,24,561,8e6fd1759be59fc713af4b16d34edfde26030ca46f0190eaf9df0e840f33104b,176948
membership,24,562,c9b88263a2c9055c7e6b653bcd58fbc863a8ac06024ecad0aab6f57bdd893930,176948
membership,24,563,5aaabdadf3cdb622608c0f5e8bfa64927ee069879a5de7a25a374228cdc0ede0,176948
membership,24,564,0c57e16bb239a41f1533382b74aad8b990a7f6aadf4fb8467a80ab461b9828e2,176948
membership,24,565,088ecddbd33f02c03e32fdf60c52b00f6bbf0812be47503486f1c56eb2079c1c,176948
membership,24,566,94b5d4aa68bd720227c22a7c867980b60c8d359fbdfc9a66c6cf3ebb8b366863,176948
membership,24,567,7141f63fd963a3df5b32b5565e96336857255d7f028389ac0084d54491edb7dd,176948
membership,24,568,c5309abd67a9f6e89c75bf20a5a37e5f61f0031647d6ce1fb8302a2b4226524c,176948
membership,24,569,0eb05f3d0012c9f8eaf24fae01f8fe1e6d76f865b5769a14a455871942700a7d,176948
membership,24,570,d12181fb80332724208aaae5262757644985eb9e88e94373cf49dc40502d5362,176948
membership,24,571,5f551a50532edc099566686dc576567d82c9f87aed0c58b3fb972b3ed18ba696,176948
membership,24,572,7c59a88dc44725dd3ba25019fb05cd9d306b6b3dd01f2b8af8dc1c056361edb9,176948
membership,24,573,4c497c4cc82a5cb7a32639da2b3ee2d94124d0925c4ad53a4cd147ce117b7696,176948
membership,24,574,6dfa2f0359b80f6569fe4e1b4c2eae29be91c4f97a68cf83e244da05a64629b1,176948
membership,24,575,fa4262596084584f3ece46cd3c9065b15d9167037a53b1096aad4129177cfd3e,176948
membership,24,576,4dca3b2fbc9b8966f295d98a9a70b621d5c36173afb2ec5cec958ebab0e5d5f4,176948
membership,24,577,32965ad20e7d4118b8fd3f36eddf0f6e371f6a8a86eb8190f21a84dcce24a1fd,176948
membership,24,578,bc2f7521b7a04e6eed5f5f171cd58f29ed45dca76beefa12f78a6ceac18a350a,176948
membership,24,579,dc5ce4ed9187bd2bebf9242b44e869f414f78569b4ac67d00bb039e84bce24f5,176948
membership,24,580,fd3164385a2275c293a32e5a173af59c8fae8096ac2d033deef6a105cfcefc5e,176948
membership,24,581,42e948fde5141a58ab9b29f81ace39d6d88b790587a124438bc6054696f5df34,176948
membership,24,582,91e0042cbaeaf83fe29d77ac5ff90dcc7ff9fb1279f21e0a1262db9e50e67f16,176948
membership,24,583,0dcc3a65f4bfae08bfd56c30d74196953a5fcca00f6182b97748093fd51ab242,176948
membership,24,584,1a5da6a50193acda24714cef6b811c9d0cf542c0f6a0f13dd5cef0ca06dcdeae,176948
membership,24,585,f38d04ff92ea8d3acca2e7f8c4f327ac69549913b99cf45ef06a688a7699da75,176948
membership,24,586,6be7f0cf69935998a2fc5ed693f8c345313a4d59568123569936ec5928bbcdd9,176948
membership,24,587,6734766011a99b7ad24c52ba8eec5abed371039f40b7b143825388d2f8a637e3,176948
membership,24,588,1f748e037b79c958555d7ae5489287e8aa119e5ab000f7fa9d56943ab8425991,176948
membership,24,589,a4339ac6dc5bac3d1c52ecba049ac443a67695c20342d4dfb20d7d60e346d4e2,176948
membership,24,590,7d971e8ab5a6708f24337117cc5f1d18f002116cb958f072717be13f2bfc412d,176948
membership,24,591,c64711e88ed45cb1ede19946fa744735552ad265c7b8ff76a1203caa482475e5,176948
membership,24,592,64d2f02dcde53b809158723f72114fa2874fe71bbd6d7ecdb355e0ca59a9b350,176948
membership,24,593,ffe35fb2f2724f6f1f63a07a283295387ff3a6854724b607e71c18bdc9420bfe,176948
membership,24,594,91db973490ff3e22bbc7100713752839f92b58e18e19c9ade706e53532c1f4b6,176948
membership,24,595,e57ffac6f17fb194c7b9ab665d55580cb738a7ff279e25e9dc1dea5d9613a67f,176948
membership,24,596,b2267bcb05aa1593c2bdb98e45c540904c55398e34c2c31239b0f0377635d7cf,176948
membership,24,597,248a8ea4f31cc8b794191e1a0e481cf8f1a89bbb669596611bf848b505f2d23d,176948
membership,24,598,88cdd61a4c12012fcffa26d4c5e6aab2e33a8c709a67c6af70366f0d90298a8b,176948
membership,24,599,babd260ba176c89ef5c93fb5a6641858596fc535d32f9e998674956ccef5b361,176948
membership,24,600,ba6407ed533b8427ec89fe8a8f541264e0b4273ec2663259030539779cd17a98,176948
membership,24,601,aac5f0269dd3d8561c5ac5ae115048ab18088f98edea758262eeffc463aea87f,176948
membership,24,602,48392da02f717764df94c7948f88b634b583c8c71f82f3b688eb6b415f8e9593,176948
membership,24,603,eceda8b0cb30caeb69821bd148454a5b39aae8f5b90820beff38676f74e34723,176948
membership,24,604,980309009f724e3987f2b8084f9170457e00617e8a098bd63bc2d3e6bfe6cd03,176948
membership,24,605,4f61f5ca8c2af9c56122861b1db297766161b78549e2af95627a3b2a5f5f1d51,176948
membership,24,606,f7eaaf8035c61264a08ad864e1988b6d931621eda1e9c555b5c4fc99944e208b,176948
membership,24,607,ee5cef87a46b102078aa8ebbf7e279acf1baa03a1ef0db66c52e02531e9928a6,176948
membership,24,608,8195e1941efc37cb4957d601ba2a1a3bc34efecdfdbc95b2ee56a8c015e44890,176948
membership,24,609,6b61c18fcbdfbf07995683b734237846a7d0c1bbd2b094f2f067a2d0c7945e4a,176948
membership,24,610,6cdfb4ed10d672bff634ef8887118742fd07075f11dcb6588707e0976c98bb51,176948
membership,24,611,be8b8a9f0ab469906e507f65078f964053c5e5b918f43831d03591aba10a53f4,176948
membership,24,612,5db728502090813efc82c44ecdcbe7fe450da4da98a9a908c952234987ab4f15,176948
membership,24,613,11c09f9a9e3f924219af2187bfae467a59b6432b376c0f5ac71168526da51512,176948
membership,24,614,280169caa3f0b36e23c588cf8931cc83aadb686c35b83f52e3e1881ae9ae32e1,176948
membership,24,615,9dfa4542a5c217807515d6d43e8eb2924ced5631ecfcb6273189efb3f07995ff,176948
membership,24,616,aee3728ca2bfa03791b9c7a125201022d106e775a5163015ab14c170c616b518,176948
membership,24,617,0c70c25f642b3ccc917f1b78e997a0cbb273b7be85f75a4165d590cc8965c0d8,176948
membership,24,618,c7abb1a889a496b633d8f6b2a865ad44b4e929d635b14cc17e6e333816d819ca,176948
membership,24,619,0663c1c662c78ef07c6ce1a7d75ec87d35d707c6805e706f9d81724db6611d26,176948
membership,24,620,99127d1012b850a280ee5d8a1e6ea369c00573c7cf2b6632eaba5f08562f3b6a,176948
membership,24,621,56175c9e392e7bf058bf35a7319c02b14baa508226d616911039ca9d32168437,176948
membership,24,622,c6b39c8d675e4bcaf4c4756d7b80a938480d3bb0388890d9ca0fe3db8048f852,176948
membership,24,623,676be24b4c5e5e5155c60252913e6aeb21e10ba95fbbca91d75073287f5bf6d0,176948
membership,24,624,793a1fb3ddc5d017cb65e9bfe509901079432aef5a3ca7cfdfeff9290e647cb3,176948
membership,24,625,435c69d6e86564548d270eebf73f7b08f3d370b14cdc23ba642cf1ac9b0a7d55,176948
membership,24,626,258319aadbccf6368508a229f7ed2acd6762d4f3d263810f19b335a387ff8c9c,176948
membership,24,627,d53dc45ad78326e311f6f8973257b5b6afb992571672cf2e01bcf0ff912d4170,176948
membership,24,628,92f7638c30d704f88c402e3cf5770af438725ef9056b1b8d4744a078a2782831,176948
membership,24,629,89fdf3e88d441d4bae378e3238792442973dd1d44bf037a232936498c29166d1,176948
membership,24,630,c340cdb11536b032fd6a183646376a1d1473a375ab5ca46b12769001cdf8d63c,176948
membership,24,631,70ea887d314e39fdf6789ce6b03453751f271791c3cb9a07e90e36bb56cecec1,176948
membership,24,632,11c8732e551b430ea519851f5ded19b71e113b829bbcaa4863bbe112f6b60929,176948
membership,24,633,ead91e3883122c4a195a8fc87320ec9e6f328415f0917d0628b7ba2c880b85ec,176948
membership,24,634,78cc0bd1bc82af7b07c65e762059e630778fa2cab9ad802acfb9b7221b98e30f,176948
membership,24,635,6769eb3fe96bbfdd7b61ee2ebeaae4706aa99c6607712a9afa702f449a959826,176948
membership,24,636,1a7b23d4cf92cc2978d29fc2320fe41dab6a0cf7bf4fc0a08a62a2c12655e0a7,176948
membership,24,637,04f69da61e23584d283ff38fbef7bfc318ce6306257519016f5bcce483bba97f,176948
membership,24,638,5c8d88684c75d3f20b124cf48f57c3cf06a3f6b183d2709648a28a51e3ac807c,176948
membership,24,639,c9518ec50f3bbef127ca3e59c7370489206a967ed42eabe01ecef8ff67cc3314,176948
membership,24,640,0831f386e0001ca433bc601d981681944b612a55dd5d5e4780149e2ce4dbeb7f,176948
membership,24,641,05904c76577992e0bbab3e9318a766e9903df255354a872f5e2a90020c7d9079,176948
membership,24,642,a84ff92cbe3a18b120673c1abc66df24fc284d95bce757725da1a32590b9ed40,176948
membership,24,643,07a5255f4bbdb8510770a4a0cc12fd5c8d875671d88e829798c65ebf48b633c5,176948
membership,24,644,e82d75a72f232f431c89d244cf60ffff2d9413c45c2252836eb8eaed8cbd5ec3,176948
membership,24,645,5bae3384e78826ea2ac4b38dd967dc57c633f20a8bf3e5ebf94877516c0b512d,176948
membership,24,646,a64ea83c1c120654d58e9603246db0eb7294b4e09f0df5989d5435fece9302ad,176948
membership,24,647,8978a3dd8d5f34574e5d1b2e7ad46172ff8a4d09f1160a778f98c0367f1f27b9,176948
membership,24,648,fedb127e4c7e40bee7e288b543ecacaff62aac985aa047b21119d121b0547595,176948
membership,24,649,490df7ac89b2689271d6cdd1e9a711cefee7c556488cb45f85a4a0d011d7772c,176948
membership,24,650,32d9e78fea7641842ee92aa50e0d756ae22fe65359ec7666d1df8f477bcc6f48,176948
membership,24,651,c8858350a980bdc28b451bb745935befe62a7f70d6b1e2499a4c693086be9234,176948
membership,24,652,c53ae057b6e5b4086513a4dff14915525fe9c60f9ffbbffb75d1425e6a6676f9,176948
membership,24,653,cce41f3f0d586018087b5ef728c8540142df880ff96357bf2e3d5ef12229b092,176948
membership,24,654,abb11babe598ac8bd33a4855573d6e72f7435f762f54775fb3d983a30466ba83,176948
membership,24,655,752cf837a71dad3960514306a6773a7f5d0d8a825dff875a2299abcca77944a3,176948
membership,24,656,a53e54dcd14f5aca9e3757a13563dac24bd189e446bcecd01c308efcd6ab2b8f,176948
membership,24,657,8ccd728058c764d1113ac2ac0dff8ec9fd0d0468a81cb1eac85339a601102034,176948
membership,24,658,f222d6433759f2d3613a3f0835430e01268a25b633aed2849813ed4560927ee0,176948
membership,24,659,07487bc974e6e2f33e99039f6d7d45566685b9e1ddeff8ca1c4600751cd120f9,176948
membership,24,660,35f3225a811d935f4b1937015d09764215bd4be9dafff4972857ddb045c7a1af,176948
membership,24,661,3f13d64528fc2f6f1f6e519fc67affcc993eec8daca3c60c066f3fecf8abb520,176948
membership,24,662,12d6e6bffe008175db473fbdc8a2dbdbec2bbe231ab3d882f5de02cbb474136b,176948
membership,24,663,ba872eb07ca2db1424d92adf53ad663f95c47decbca5c8228f9ddc6aab395f2a,176948
membership,24,664,3c3a5d4eb81c9904ffd0377f27c80652139577b32212642d87fff4ce0cc08981,176948
membership,24,665,c10b9dea5eebfa658d7cccdeeb50d128a6c4f3e8bec4e3fbeb6e8c33c3fc122c,176948
membership,24,666,5581ac53673ed74cdebc975bbe9493d87170538672de740336c9cba1d733e845,176948
membership,24,667,8aa6237d820db468b514b832353939e92468774895a91669335ba31c899bfd6f,176948
membership,24,668,16a950a8cc6aa1e729bb60d8290e80e53497da94c0a931c7592ea6a417a4ba46,176948
membership,24,669,846f2f7a3f54f545a75ddffe510bef86ebb85199713133a442774800f779b0ab,176948
membership,24,670,91240aa6ba17708a4edca8af57919fd2320218ecf2cb9f98deb143e0c0b88021,176948
membership,24,671,56c5c3d8f4eb04045c0ff8c74b59a0368b65ec2935c11a7595d126f93e833e10,176948
membership,24,672,84a708b3f9673f3a942b0579bf168c53e88c97dd0bd7c98ebe65f8bd1b21bf46,176948
membership,24,673,1d9143610c05ca787666ba7ebbd269a18eb55a2bb2aa0f0c2f8ecd12093d4d86,176948
membership,24,674,363220cf0c2c872670f712a1304330dfdff0770d4e83d2237feeaf613e482e78,176948
membership,24,675,5cfc6c306e25819a75e61664d48da89c009dc349e89cd341f8322165dcdbdbd5,176948
membership,24,676,a9872b5b0f1db9eee2ede9d4ad9bfef85b41d7bcf9fccb23b3e66d6c2411c39f,176948
membership,24,677,9c94991932a70532fd58517057ccdd3e7cc17e63f4155d6e3bffc67df73dbe75,176948
membership,24,678,19ef7523f64c4a0a71f7b309bc00428bc520a32f519979c7d35b93e73f98a787,176948
membership,24,679,65bd2a62a71533ca5a0a0644f839e627ceb44bcf358e91570687730b1e15d7ee,176948
membership,24,680,3b9330c6315cdaf21f37e1f67db1bd25f8c0a15a8e0fc477c95c272277f6a911,176948
membership,24,681,a0ef6f420a8d008920633faf50256d22c14dbb84fb460f3d22144bea65f6a325,176948
membership,24,682,8ab923768a646cfc0114bc25e087bf3639e0336a7fee635e0a73ed7e2c7ac640,176948
membership,24,683,4cd39999555782e992ddb4d3912bd9a643074485fa2d74408b85fadb5e20ece8,176948
membership,24,684,edf58f3f91c3e1ce40e5696352e639b71eab76f6f7875d6a1f7be19209dceda8,176948
membership,24,685,fb0365fa039433769bb512aa342a62aa9167e409ee680678daa384da581e9bb3,176948
membership,24,686,863b7220368b323b9c4a7ccc315ecc77ef374a01f103047f2d41eb1cca330074,176948
membership,24,687,127a35ccd199c8337f209d575656d421741c1b0200a4d74c1c57dbb252a9bd92,176948
membership,24,688,fb2f24069892777749d23f55ce2b9585ce9ee82b92b3ed9b7d734cc33ec532c2,176948
membership,24,689,f690583091d68a29270c7c534c9a363d71a4e67e17489c8ef3454249df479a2c,176948
membership,24,690,559f286ac6d83ee22eadd3e2620fdaed0fa160286205f3f7ee3356e9a5ee4bb0,176948
membership,24,691,73961f45fef80fea27b271a552085e2690f9c15222229c23b19b3ac3b2fa84d3,176948
membership,24,692,4ad135b04761159ea29363f16b7192eed7b501e12ba80bb044a40eef520357bc,176948
membership,24,693,007e74d63e652a9e671da3a5d059f2162c2d2bcf2e192db96a56da085229c3c9,176948
membership,24,694,82e698fc8120d7b26db306d24d1aecf7977b4888d1a28c3a95ec17c2406c7248,176948
membership,24,695,2984cd3847be1a934d210a116bfb5c5437afa942669b042e0405fe261b824646,176948
membership,24,696,13a9bcf83ce3362411f0e3f49f097863e0ff1101cc693ab4a69ec93e9ed3ca1f,176948
membership,24,697,f28e512b11b303fa7c38c303de42d93d6f552383dc31c92f8a215cc973d7f5dc,176948
membership,24,698,3bccff9670003e1213152db44b5a0aaab68b0af19628a11aa6b6f516c8ac864e,176948
membership,24,699,059fefd4d9be6f9fbbd1a0c061425baf5bbb31a5edf3b1af243c19a2ccad19f9,176948
membership,24,700,dc836b42da42e6239927f480c9a37c955fad001952117b4e1e8a59ee7e8550b3,176948
membership,24,701,e75e81fe6f525f0de19c29a1576aac8911d4396b7a2b4fa42e9198f547f812bb,176948
membership,24,702,c2f6b683554b6eaa0834455934d4f91e710b3b7ef0e6c12826bcf428036f9399,176948
membership,24,703,11cf79823d7a69b3fbd039fd4d8c76986a898b4cdfeab65ab68c54e32fc08abe,176948
membership,24,704,67e0e8a8c10508ed9820d93d5b130d1af7955444d3ae410843a50a0ec158d15b,176948
membership,24,705,dfcbf013aba128864151453955f5fc78193fd4e800203a50d9235ef1bd6a1bf2,176948
membership,24,706,5466cd6ef07ca52843762a144f665e53b804583a3d969719cdff7acecdf09752,176948
membership,24,707,9c5f13a0a67e63c5a4b72a37e3a4e70c9c8837114f912234c2aec2ed7206fd85,176948
membership,24,708,5c1209c23f0a92eeffe1c8022b28217d260d26b461c930daf06af71b317522f5,176948
membership,24,709,162b1977f64d4bbf22990905a57d7541be496a6cb2cab9ece6eef02a899fdbd3,176948
membership,24,710,680dd2cf1b6f8d228b259fd5cf4f039915ac8907381fc0bff9b81f30e3ed5c91,176948
membership,24,711,a1522529ccf9032439d5b18ff1642f660a261d910679e9b19b07913e090d3693,176948
membership,24,712,5a4a7434b5896f41f43196ae79fb98630320fbc3b79f3b085070ac33b7c80f4c,176948
membership,24,713,0f0d2b915fe8f12cef75972980dfb4f91c79b6222ce8490504675379ba9a932c,176948
membership,24,714,85267fc9cecde915992f968710c35c2d973d5d7a2f3ae55a389c73ff02e37a19,176948
membership,24,715,55781b367f1928e072063f291100fd7773d5648691645ba3e43a4c78addea283,176948
membership,24,716,f4ca604145bdaea9d121afda43a397a1fc84ffbea3f98af1e48218823681c3bd,176948
membership,24,717,67016d91552fb99053b573cf7b953945eb427e893b7898c9092489c077ae5c85,176948
membership,24,718,14dea7710da092a4fac5495c4c925e5a07a9793c3f57d2b012774cd06ce7e1f4,176948
membership,24,719,89af28b8d277c1d26f64a94b1dbd98d48c659bdca83beea47576d4c5507a6527,176948
membership,24,720,ec1ac77c42761fc283e580257655171763d606c7647cf0132bfea6ebfd22cddb,176948
membership,24,721,5cf6ea643cb2b0304ad23e3d2e07dbee680f4d8ec68b1c3df628118ed8a492fd,176948
membership,24,722,8381d7b4756ef612818cc02c1b8a5b8fd09eacf2982e7f79894a0e6c1c1eec77,176948
membership,24,723,dbd31c9179d2e73d962500e693bc695d79c5dc27f273a6c0e1550199611a9e6a,176948
membership,24,724,6d4aaea92cf425eecdcb99d6a4c64d5c4cef7d7021ff8ca7e2b0b0a840b0dbc6,176948
membership,24,725,cf1ed9c65668026705804b080ea2c1436d4fb236392a0100c671249364cb30c2,176948
membership,24,726,7a9977d715978244b5877ae5fc827e677eff53c7b9ed824f46eeb240dc661f38,176948
membership,24,727,e771613600501263b3a3afedaab140e43ffb3ac2fc8f4c15b499131e614ae208,176948
membership,24,728,df7f690cb4994b142a8d767bcf49ca9471a2412664cc2660aa4ee2f6c8901dd2,176948
membership,24,729,6c93820aac81410d9c2e4aa9f2ed494799ef45bee2b17bf3e4e182dae4c06421,176948
membership,24,730,cdae737537d7a629ee26297098abf29bb5fd22b6d996e7b2c0420fd953e55518,176948
membership,24,731,ef9c6325034558908c601ae3133913d238956ef8943c4d07d0a1ba22bb3e6a6c,176948
membership,24,732,a591db5f8c504ea752b4437edd6beb1d01c423ca922469620ac8e0f196ca45e1,176948
membership,24,733,db779855ceddb766962117d6e228a999ffebe456c3306fa422cc64bf5998ee68,176948
membership,24,734,ebc8c4b868365bce97c486d33c6114fa2b4431ec4ccecbd872ea693e88486bb9,176948
membership,24,735,8cb72d391e8d49e1f16c6d1caf7edfbfe00687e51213f405c445a1cf2b55b4bf,176948
membership,24,736,47089ff379bfbe8efe4b8460bbc6511de6ca77931b6be6b186919c38e1e8bffe,176948
membership,24,737,945e42b4766382ba2d47b4efadc7a18e5ddf4ffa0eeb65e6dd132aad21a909b9,176948
membership,24,738,df02639fc2eccd04a770f358aeb681f15e32b002a8703f27f1d2220dee588189,176948
membership,24,739,bc2f7f8d84c56abf4f5c12dbf51c9f94e22c27a6daa60dd48ab19862866d7dc4,176948
membership,24,740,9fbe5cf93bc893fa976f18582560a59cedd0558cd7e6349e4f9059ff2976fbba,176948
membership,24,741,3652571b399e4ef956d3c9a77e5661c18fbe679a8cb64b5a400ad41d2741e976,176948
membership,24,742,9a383ea2ecb975578eb59ea3d4d8514a8d6da1b5142c41e61a8e7d75ca9e4aac,176948
membership,24,743,068101fc3b91f5190b99fdbcf9e94fe8262ca103017acfd9d1d42263a639b9e4,176948
membership,24,744,ed54cae948ef664931066b5e120b4f605e53c334ee5afbec69989388f9d9714f,176948
membership,24,745,1f135d81e4d13f49d187e1a425a7390f704f085ab01cda12f293d81d3b023c16,176948
membership,24,746,68f51d77da56406f17c5846b71bbc8e76aaadfc0ccb12286862b5d6d97c3ed76,176948
membership,24,747,cb437152e38785f01341ef40134781439ac60fa55537d77f225c272f9980f148,176948
membership,24,748,4798e82fdd3af7615ef7fe6d0f157bab2ac66618a436d7278d3f233786244d79,176948
membership,24,749,fbe6a14cf80e5772dbb52832d4a06bba1ba5c550a9dc6cba1c9023b78cabe28d,176948
membership,24,750,6de1aae52cb6616a8c36200347b3003d919d17261d3f6f566c65e7b49a4a3cd7,176948
membership,24,751,a45fb385404d363554eb797f8ea83140ea17d5fb57c3e646f83301b70efe679e,176948
membership,24,752,0b6687dc743465a98086bdee20eef7991f025b3be6b47c97e28b1fcadd59144d,176948
membership,24,753,2a80a557586e1b980f52a6bd66d1b33005cc6cd1d5812af02c7738d7b8b5121c,176948
membership,24,754,4a7ed0370b141c9f389a9d1af56e7eb7c51fb159fc7e954031960d4753615e6c,176948
membership,24,755,1481e197c8bc44006215c61c303e6542e4c817179e4ae66302cb5cb7e6e825b1,176948
membership,24,756,02b40678f345822b6088e7fd4b8ebb878e84f301cab825ea15ad24c060bcd437,176948
membership,24,757,cf9f942162dc8960f3b420dcee9d1ba1508233eec6dc5b45800b00eef469bdf7,176948
membership,24,758,a042251316a6055313d2695c6326e81734e0788dea3c339546e2f4ddfb181d36,176948
membership,24,759,99f2e48c16075ef4b091007aa3e86744db73108995dd8bcc4c4aac8014a8fe31,176948
membership,24,760,f463aafd2b91892989988513101c43083956d2189f1b4d7e9fb8234d7878e300,176948
membership,24,761,5ed429a84098a4d229babe9c9125269ec3f907e7e3c1982afae4d7522f02a39b,176948
membership,24,762,e253d5b0ced21650ec6e5911ebe6bbed07a0e3790c596e3392a1c4145764f756,176948
membership,24,763,c2301e834b08e81c611df8f3d49add1fbcd414c28b5e6ff02e08b46be76c049e,176948
membership,24,764,2100f5e8258a937dbba7586c059810fa0b0ef8d81fa9fab0b7728d4c9c6d070d,176948
membership,24,765,66d9e48ba4a5fc76cb6caaba07479efe858060729ba6f5fe210b162c8c1cb2d8,176948
membership,24,766,de0e8bfb181bda51f6e83ab07d054df4b86e21450bbb8e8826239f7a5cc6abed,176948
membership,24,767,265a7955eca17051035e99b9ae4b14d02a35aba8f4db6ae1a7f7c557e746d453,176948
nonmembership,24,0,eda632b3a9029830691eb35b157ee65798b725066477323b7f113dae93199795,181646
nonmembership,24,1,ed3ff9566b92eddec868842dcc521d273c7e9fbac842f4f1f51f39407b5729cb,181646
nonmembership,24,2,6cff5b042cd30b9f4442e0a4d3cf2802f63deeffe6876dd410d66301e730a534,181646
nonmembership,24,3,b2646ae4ce4ba8424b21b1c6613cfb0f0310e50099aed0bc6f8203924a1f2673,181646
nonmembership,24,4,25755f57e8dfa87da4fc2dec058cca58f57c2dd84e5bce18f4bbfd63ad0b446c,181646
nonmembership,24,5,9c0cb1422433b91b61943d60be7d70059975eff87ca3138c423aa81ae1b33377,181646
nonmembership,24,6,ff9bea3b5d5bc033f8092ac6dc86e6e89da698ab76e070bb68baf87af93badea,181646
nonmembership,24,7,7f263a6b006b889c6b9ae61e0ba6e5800bb8ef916ac5e0f6e9da4288c16f81ab,181646
nonmembership,24,8,05cd0a736eea106c1916103bf0771720835ff192df55bb2d158bf2aad75313fd,181646
nonmembership,24,9,4511139806cf7ad273e6aef6184e00a446653f9430333662919d4810f78fb55b,181646
nonmembership,24,10,014a44ea1fdac0088d36f26f888dd922b8c0fdbcb26075b0c208906c10ddae62,181646
nonmembership,24,11,6055c8129f63fdc6f6fb86668a65c6e53fe1e5bacfe3cd3467a3ae91430a92b6,181646
nonmembership,24,12,d71be6f38b5f0a9e2b60fab1f5899c37cc0d5a922785c7029a2cbd65c9de1dd2,181646
nonmembership,24,13,0ece0b19b7ffd8ccf9f679d57309a017b6f312d6a1414182f594ba79358b14f5,181646
nonmembership,24,14,f0741e9490882b7a8caf3c9e6f134d2c817e39a7b3d7cc50852c3d4fd6f3ad57,181646
nonmembership,24,15,cb7b765407b4895b7d42930790ee17d86a50825836cf2c20d0d76b1653937f62,181646
nonmembership,24,16,82bc90976c4f7ab335bfcfb36b1578f713f31732901e3a9b5861e872ee51cfb6,181646
nonmembership,24,17,03496c0a90e7a8103d1a2cf4dec7a31082234d687da5dda1b725cfd00996aebd,181646
nonmembership,24,18,a12d097c4b8412e8c9a75c74d75733910942d83c920b040ea21cdd9d85611ac4,181646
nonmembership,24,19,9d6a05eefdb4410fce5634701829145108b7b9c2677e4ab35acbb88b62178db3,181646
nonmembership,24,20,a491a4e086f63a5d697f916b39d7a912bdb2db3939c5c81ad914b152e160e21a,181646
nonmembership,24,21,4eb97bc78b1a4f5a5dc4a41b6df96cf853217b84b91a94d6288dc05605c4d276,181646
nonmembership,24,22,7e29829695299a75cb5b9c57ce6e2b685223832dfc8988746fd9cca67bdb7ed7,181646
nonmembership,24,23,8f545f35b201b4ecb4825caff0152e898c4164a3dcf5ae4382daebfc20ac5393,181646
nonmembership,24,24,ae96dba6fda25b51b4b3d7f71a219aeb064f84489c5a886cb7aa5d6b05561415,181646
nonmembership,24,25,d6cd1965744d5d72e23eee4e992f89e165b4f2d1c395287731a9e12cfa84c364,181646
nonmembership,24,26,5a0f5e751c32b514c3cc94c25f6291048b19a3c71d3d5e4ba0210477c62c9a47,181646
nonmembership,24,27,81047a31c5280be2dbf75c8ab0753ea43d53dc400daf7fab9d7288ae4e1e65f4,181646
nonmembership,24,28,00a12cd619a0cf70ed38f994c68bd5361188be9aeb183b1a75c19c61dfa52b09,181646
nonmembership,24,29,38b02cae0f6a1859bbd8a304d795117f808b00b568803e3eac45026f343ab170,181646
nonmembership,24,30,c22d653eb0e7ccfcc934d9a1ee1c4210a4e540f08a8b20a6a3efcfaeb5a72745,181646
nonmembership,24,31,eb9c9e58ff585fdca8dfd2b978e40ec3dcc9170519cb09e47b9409f4edfc7406,181646
nonmembership,24,32,73b9c49eca84857ee6d72f391e363f915ff8d909acbf4f20d76beba4127ed2d8,181646
nonmembership,24,33,7dfb88d70354788a4cff8aa03bba186d3adc34a0c9a9a5f6430a80b05136a4ac,181646
nonmembership,24,34,27a22e56e7f88d30689a8b80843bcfa9025f13f4c0bfdf66b8e59b7e5f9fd356,181646
nonmembership,24,35,a979143505a3b076e3b495467c619611eb620bd7055205b56ad909fb4f24289b,181646
nonmembership,24,36,cc955c7b51bb0d1bb593b2f3dfe3c4441aa660edcbd8c4a75dfc7b26b37762cd,181646
nonmembership,24,37,056b57bbb1e859ee88420a394a9bdcad4ecae45728681fe9cf1803a15bba21e1,181646
nonmembership,24,38,80834dfa99adb75d62c2a84d5ba53ccac2bd5f2961afa0b16effb69804477fbd,181646
nonmembership,24,39,ebbc32e9966e77ac3358dbfd9d974eff0fd061ac68daf7695694c73214b6d5b8,181646
nonmembership,24,40,b306e93aab2d1c6d48c3c92ddeda65a07a2e97e8d1f6af840ec04195f0d8a14c,181646
nonmembership,24,41,6eafdb173c65106c1b5472d5ef3264a307c8a58970dc77fe3c92cdb52548943c,181646
nonmembership,24,42,5db00696fbbb139d85b2dcd59206ca607a5d8cd6b00a1df4e6141abdc155a14c,181646
nonmembership,24,43,922e8bad3182a16b31874597c66a1924f37b22f814d444b5fab8793dba955a5d,181646
nonmembership,24,44,cfc849feafb52729e27ded57f3e99ccdbb0f2d67f9d4eb85acb2a77c9b80259c,181646
nonmembership,24,45,8ae78c1b4db80a226a75ce37f8ebd720ef527095b4e3f917b2d39db272fadf78,181646
nonmembership,24,46,f4dcd3e12597626546d64e72f79127837729f548ab7c86a1a114ed5496f106b2,181646
nonmembership,24,47,b8e66397897f5e38d34872403aa336565c32391869ee7cae01284a83c2e93071,181646
nonmembership,24,48,d49ba10aff62e6f7d0541e3d653601ae913ccc1f477ca212a5f22357939f048b,181646
nonmembership,24,49,f84728883aca10cdc427476cdb4b27cb476ee5f7aa8328769f056aa25cb0f78d,181646
nonmembership,24,50,96f3aac84ab83a53a976a131ad11feabd214ea6a84cd07dd1d25d9997f2e0268,181646
nonmembership,24,51,25cc2b972ad3ec44ddc803da30f4d001ddc069038a99d340bfb1420f945b1fa0,181646
nonmembership,24,52,24269cb0a5885916270b13ff770a97a0aa6fdc9411436c20e28dd4a6a9a567fc,181646
nonmembership,24,53,89086ba70fa45a668fb2a2d5e229c41f02e6f1a60fef0efa336aca99830a8f1a,181646
nonmembership,24,54,e9a1c67486f2dbdf17211d26c7d67348b721f3b066dc08277cb5112bac313d46,181646
nonmembership,24,55,afb3469f4a61db3e019237a69f5f67839a24616cd507eb7c15f9d20f082d5fbd,181646
nonmembership,24,56,9e8dbd010c9ec2f9b4da42752a53583fa637a77475e7ba6394c24a3176144d59,181646
nonmembership,24,57,7475d0b6e649843c5f45908c0e89e735c93473cb1324ca85adace79046289325,181646
nonmembership,24,58,9a88acb6cead12d1c4f1937a9bb1a57c8d758668a2e93b93aaf3ac276cbdcb9d,181646
nonmembership,24,59,a611fac580ddbcaf74cbae2c73fe0fab5f123dbf34df22eb3e2bf971b98c59c2,181646
nonmembership,24,60,cac5ee056718b6d13e4047cf89c51073650a214e275e65f3e0841c43c22b6e04,181646
nonmembership,24,61,62f32d2626a891d8529f3a7709746699717503dd8754b73733358ad030f08f3c,181646
nonmembership,24,62,1b6172fdf7049628400aa01a660458b74e7d91ddb68061fb68dad02e76e2d4d9,181646
nonmembership,24,63,f29bf802dc4ba2cd745a899c6a6c4b70909cede8557ce9ac793b90d1b97c9563,181646
nonmembership,24,64,e50f9ba1c73807fc7cd6c10bcfa012fce744321afc924afba760a31029817f0a,181646
nonmembership,24,65,3c8a8978f49d16f245085f902781c1000b05c8e81d5dae77674fd5d623a82369,181646
nonmembership,24,66,400914812378a09c5393363836e83b21c5a041fa8b581face14ffd6f76023edc,181646
nonmembership,24,67,5781afe89034d02c80dd2e19e3fb3cbe89fee24d7e0f04643b609fb01355b62d,181646
nonmembership,24,68,d6c95a7b60035a2af48837a9e67c189546d320a034a334e991f1d95085634e77,181646
nonmembership,24,69,9512589489ca40b17fca29ee839f954ebb67445ada6dfd121b06903337ccb181,181646
nonmembership,24,70,80b340447a337978cf049b4c7562dc339e7274d401ffed2df9f0e6dd93961212,181646
nonmembership,24,71,9be11e8893c7a4698616c27fa25b937496ce4a932af9cc9a18d4a7fa979f7f28,181646
nonmembership,24,72,bea3303b2a24d6e8a22141c74e81ca2a492c28906b3a37e65c5461e859b060ac,181646
nonmembership,24,73,aae30254641f162d94df3175a2bc6f86de1ed68ac48abf677f13e1e2b5374506,181646
nonmembership,24,74,70c01374b4d7dd1194ae4a5e72c93455a5e52263dc8b4ae900197c8f2cb30879,181646
nonmembership,24,75,9c45abb0ea886e4ae54dba16b40339e381b32e400cf771c3ee5658dd1047f3fb,181646
nonmembership,24,76,540398918ea80b4e2e8f720aadf429b84d97dca89f649fdab7878de5ddd15424,181646
nonmembership,24,77,2e86429e55c5e303b13abb0535730eaa713f3f207373ec8785919fb053b7bf18,181646
nonmembership,24,78,4b167f7f01025419bf66052182e51fa17b9aa4289b0d39c00ab916b501d74871,181646
nonmembership,24,79,a4776220ab45d61c03cebc58604be95248ce6d449013c008af7ae76960eb7c8f,181646
nonmembership,24,80,ba74fd48bb4527a781513291b7c80386fcf72825900ad8e3d5f01a39caa0ae1e,181646
nonmembership,24,81,3817308df96cd7dfb89b22e7b2a1629cdbcea85c7cc8bdf8b9d13ca58e821939,181646
nonmembership,24,82,54c538e66d7dbc98491886f79e763bf0d96adacd36a453b0f64865d6da4089e3,181646
nonmembership,24,83,5dc57f982630833ae1d6105b54b95f0c6fc480539768fd7ec16481f8bb84e555,181646
nonmembership,24,84,b4270f7f228a286020d3f077129a2bb58823dab51fae1816ada96f881b161701,181646
nonmembership,24,85,10a2eae0639b122fda37f354dce064979eabdbc0fbf3de2e490c52a15911c16c,181646
nonmembership,24,86,05fb175ef923cf3ac37bccd08ee37bf257da96d286fdb6aa0e83a0d05dafdec6,181646
nonmembership,24,87,8a0b5b835d94ff6fa970e488c8caeef885524b855e66bfd984cea0972cd7bb14,181646
nonmembership,24,88,64d45cf5e6511d2e7c51f1acf269b456f741eab8a862df1a9a42a3772216d750,181646
nonmembership,24,89,a9b65a95ba2e779d989b08244fecfb8c80a4f3714b2c43cc165a2ce399fdefef,181646
nonmembership,24,90,521d7951b392bd069306751dcbcf18e26451550dfba5e01447f975b17fcf44ab,181646
nonmembership,24,91,c023bd256a8507b00a0c91bd1869dbed13e2f7facbcc04647ff5b9e70cf7e858,181646
nonmembership,24,92,289f490ddfe2cdadcbebff45127bea3d20000201e8cfdd1e69871c27f5cb69c1,181646
nonmembership,24,93,4a05ce86095e7e708bec017b06471e77bd33e4edfb159abde892d8403fbeec99,181646
nonmembership,24,94,84aed5d2af971b40d6281c65cdae6cb2b7e8bac3aac336a0b3e0ed904048fe2f,181646
nonmembership,24,95,3bb5e3c97d4d596c77d8ed70471fb758a8ac7fec563e121aed2fe06ed728a68a,181646
nonmembership,24,96,5fbe3e3a6158707d8c0f124c5ccf8155c7fca30bfdd1364156befce46166f9ad,181646
nonmembership,24,97,0149f8b7973dc4921425f6c22a074c8849561cb2e1e22b3869b1704029887579,181646
nonmembership,24,98,6175be20df9801c10a421f2673fde74f6ce94d32c330b2ddb0cfa11929d74040,181646
nonmembership,24,99,0dd5e2ce9f130addd786dafad0bdf9080db677d661322df586b18f3448d500cf,181646
nonmembership,24,100,14d614369376c38cdcf2f5f2a1c3a63005d194f1ea12854f07154540d7354f30,181646
nonmembership,24,101,d697584a135630692354b32a6d490410bea18ddb08bf9d19d7a82758677fbcd6,181646
nonmembership,24,102,3d186ceed91bf644633565f128c8a603beca196ae191136050574fa42a931bfc,181646
nonmembership,24,103,ec868bd36cf60c9d9b36d5ccb023808215d4a715e4084a38e872581d357f96d5,181646
nonmembership,24,104,b69053c96e97c0198a659eda4b4fa6674d0481fcfab709ebfef6b93cf2ebfc54,181646
nonmembership,24,105,657f58bf31b140764efada1bba42d7430d79e54bf5a05a10ac84d8a144d1dbc6,181646
nonmembership,24,106,433a994e7a950a89d7a439c9e9ec617123895da77cdab433c9d7d4998b696b81,181646
nonmembership,24,107,b3c5af199688a13aa23c48231f8a0eba2687e879772c26ca216e0504680e74ca,181646
nonmembership,24,108,89568d029bcda287f3806f6d9cddbc7d3c1f4c8e9f6765e983d81c784bade27b,181646
nonmembership,24,109,ea04d47970a26268bf251b568bcec7502dbd36685169b39178cc97c1dcb20b6e,181646
nonmembership,24,110,ddf3f73c3353955c6ee70cc8765fdce10dd26dc5de67cde16882637690e7b88b,181646
nonmembership,24,111,46b665d718eee48a0281790746094a551a4b7db3f514fe4e8268afb2a3ac2b42,181646
nonmembership,24,112,a7f0d0af06417b76dfff2fda3d4a16a504eaa628b26aa88e7b46d0cbb803718a,181646
nonmembership,24,113,01cc88a0829fe5accc604d695909eadf91f2b6180c1c6d0513bba0a5370e0553,181646
nonmembership,24,114,d1783f2f0d7695c799202fa901597ca27031178ff43416892ae47bf50ada3d76,181646
nonmembership,24,115,209c2e76198804ae83270c8ca92dc9611502b9ab6691bc2e84412574fec5e9c2,181646
nonmembership,24,116,3ee24a8a71ed3ff04be0e7045d022894e40e40512fd51e63f9339de61bd9f009,181646
nonmembership,24,117,96cbdb801a88bc34d5274989155559cb7d97e23e1ff856b6aff67812426d34ad,181646
nonmembership,24,118,7ac035c24bb9294a9d560c8ac0cf13cd80456c0deef0c6860444da354a24494f,181646
nonmembership,24,119,7d057c2fddf7aa3baafead7a0c008f9c553c73a4a412574a370483a7cfefff05,181646
nonmembership,24,120,674c729991086792e327a828e932d3929a0b03a60bc65415e27c0bef7e47de6b,181646
nonmembership,24,121,63e9eaba4b86f1716f2ee37c4066c03ba1c330f727296755ec660f38aaae09fe,181646
nonmembership,24,122,5590ba153715b5bd774fb23724adb4d4e40e3e857053ad8977b9c296946ede30,181646
nonmembership,24,123,4b8ca124c50401947c258e92207da8b8d60cc8799c5f7876a08026b23ae86f3b,181646
nonmembership,24,124,8b4b2e99755474cbe9e611aa6ff0344b24e7bccbac56659660d80909745701e7,181646
nonmembership,24,125,b26c3238508d5fbd8bfdf7177b24e5a7377cb922b069e59fea5f0071f5be703d,181646
nonmembership,24,126,99281e7f4f345f0366145f477ffb4f5ea7abcf8057e1da2ad2de3f1f583412bd,181646
nonmembership,24,127,4844bf1476ffad857aac889ad0ce4b053a59c4fb1f9252e96d8de705a70dc47b,181646
nonmembership,24,128,473a70cc2555992c8e4009096828a92b72d3488cd1db5370ae7cd292e4924e1d,181646
nonmembership,24,129,77e6f2ce6cc649c2de8c70b7c23ea6f6f946578d9046a657c4d95d75b54a1e99,181646
nonmembership,24,130,464fd17ed425b2c701c9feb4a3e0d5a2d1e5401401f98edb2aef3027b07b9efb,181646
nonmembership,24,131,74e171133e25e4e5ad8ccfcf9a2621c5a54a4931050c72664ae7dbeb9b9c4549,181646
nonmembership,24,132,f02e9dbb3d9eb67672cdb22a02721922af6ad8c538c570e74b51930c65595b69,181646
nonmembership,24,133,c93bb35e90d79693abcb75a487153d90b13e9a8165db4281dede574817f4502c,181646
nonmembership,24,134,60cfb5b24e9015b59f16af26392ebe1e88182c78169b8ee5a1ff52b4e819fa28,181646
nonmembership,24,135,9424c44e11e298223ad398cf2ba398e204c1d82304008b60761771f2a7569a9a,181646
nonmembership,24,136,127af975d1d75bff20c93e3bbddd1be12f4d0359aa8f353848ea39a707e8df3e,181646
nonmembership,24,137,9b5c35ca8591572086f5e4aa9c5761f9864c03dd294fdeb839dcbe8d42d83465,181646
nonmembership,24,138,ef03c03033d212ad2842cba83bbe7582c06585fe05f18d2e64ceea3a028a9bd4,181646
nonmembership,24,139,3567de932a81d416f4cdfc78c4acc798e1eda7dd28f45a1ced662124a0ada5f9,181646
nonmembership,24,140,7afc63d6d4c628ac4006c2f9288fc4819f89b48c970faeb2b1cd98aaf91fb4fa,181646
nonmembership,24,141,924bb8028cf793a0a0881b6dd3022b23b07164a0fc162eae74fbcb1b40eaea02,181646
nonmembership,24,142,1ba424f30ca86b69a01fca7fb843b3c4284d97a15e3d0a91781e623c23b4cf24,181646
nonmembership,24,143,8ab60b1c6cd87ab570cd96fea98dbc03a766db068b654dfca0b371a7facd3fa4,181646
nonmembership,24,144,a1768497fa8fd36df03b26436527d71d7661dcaceddfd9ac25881e1058cab160,181646
nonmembership,24,145,c30c8be2a4034cda43e2451191dcbfbcfe1935d052e4e24a27e646aa5f868954,181646
nonmembership,24,146,575d1c43388144e5869b5e57f1c23ff46717fa0134c95c11f1b63a1b262a2a4b,181646
nonmembership,24,147,8a649b1079cb6a29fbcfbadfddc3a525f452afad5e811fb036050156457d0b87,181646
nonmembership,24,148,a1a3c62ed096abb9e1bfa74ac00575fb78b3fa93ebd9bfff1bc59a48ec1fa31b,181646
nonmembership,24,149,0393b840b3a9d218e7833c848d5b0ea2175625b2588bbcc940e75c693429db19,181646
nonmembership,24,150,11c03894d86da483230cab03dfc13df1a5e1a7aa8e8c21f95d4ffe7fe060f324,181646
nonmembership,24,151,b1d3d909b7454dc8074f5caf14632f6f66485bb40c760e828e52f4ea9160e7e5,181646
nonmembership,24,152,1ffe5cc46573c825bccbe16098afe85861ac96e9a2798d01cc57c925f1efecb8,181646
nonmembership,24,153,18d76de0bb9fa63a68ce7879759343244eadbae7124cb7c2e5b8a8b02386e0b3,181646
nonmembership,24,154,0af05e63cccacc189be01be3fab8bf7b8dd3395b28422a83a6f2e897e229abd9,181646
nonmembership,24,155,3d64af6f40b13909ba441506804797efe79e1752d57ac107803a9e372404e6f7,181646
nonmembership,24,156,09febdb303b315660c6d8041cae2826cf02316944a8962682e896e0afe52adbc,181646
nonmembership,24,157,ad20ced59e35ae9732a0009f027b7bca9ab6080ec3dda183a250e190fc54afa8,181646
nonmembership,24,158,026a6402008a74cba4fbaa26e35aa45774ad83f64d1ab165ca2af36ad8e5258d,181646
nonmembership,24,159,8a75d43cf79554073e23d7c0c3a0bd3af2631657b7b5b6d0f5925ed96a247255,181646
nonmembership,24,160,ec362b9b5fcc161387a0f049f537cab9c2575c9117b67513c3a9f24b05d2a366,181646
nonmembership,24,161,576e347fbf278eca4ec2089ec14c488e2916918dd19e64ae39796e6d89f4dc54,181646
nonmembership,24,162,1fcaed46f88566e77b18e1b2f755ca28f6901ea8dcf72b69fc324dd4e8610983,181646
nonmembership,24,163,7ddd416ee9c7db781d11440e85c2a050253aeffeeaac564d13748358bba07352,181646
nonmembership,24,164,0a08443774a546e0e96e9c069ee81812ca977827b337e54b96b22b89b2c143c2,181646
nonmembership,24,165,41bf0cade16b458da0e26aac26c26822175edc48ab5893ad622057ba091857fb,181646
nonmembership,24,166,654ba151503f6329eb06041460847ebe793f96679e5f89d1f5edece13710067f,181646
nonmembership,24,167,7d0595db08ed59da98121b568e46e0192e95bbcc70b4a04da8fea3dd3a775ad6,181646
nonmembership,24,168,d46e0c536a63e70aa37a5e1991bc026f655f003da324c8466d0bed2c82aa1f97,181646
nonmembership,24,169,c3198b9a9d3b519dd4dd971b9063ffd9b8bea45b7f15600181f74dfdf2207ff4,181646
nonmembership,24,170,1d447aa8ece9d35210a7e719dc5ac31cffac045400a197ecbf155e4847192682,181646
nonmembership,24,171,f5d5f4e321b74b233d79ed266e82929286b38b1ece2e7d9947165c963cc35fa7,181646
nonmembership,24,172,aee13328976df9aaab0e3e7fa7df1c11c14543de3cc6fee53e73774b3b11aafd,181646
nonmembership,24,173,106b3aa1a73238d839c1053f80568dc8148688df2df88f3cabc0b51029bf069d,181646
nonmembership,24,174,4596855137a600819181b221892fa66089404ab0095fa0d172ba9a0a04b7652d,181646
nonmembership,24,175,7ff2505109ea5395b9c9214de67a54188a9fcb44015c82ec9497e41ee3f6314d,181646
nonmembership,24,176,06c39b629fe995e8d4b1f59eb506e3336a9970a1906ae60eadf9b8a18ac1c972,181646
nonmembership,24,177,a65efb6090b9150339d7ef4ecd07375365f4f888bad280cd466e3e7c833e1cca,181646
nonmembership,24,178,e674e9ec6ce796ae9e98ccfc8f378ab28dd649a5cf47559e597e4322e3995370,181646
nonmembership,24,179,82247cd3ee0fa9bd10b46d1caacf759e9628c36799df50973151c4311030537d,181646
nonmembership,24,180,cc144cc837a00e63946d79310d015915c1828847257a1eb60c1a28540469a71f,181646
nonmembership,24,181,55899af1e6b9e1e792c682ab084fa825f2fbd478058b8cb695161f5822c274c8,181646
nonmembership,24,182,efd26f159b84d3ffa4c066d406c077186b457fcd599ca0099d4744f4fe46d227,181646
nonmembership,24,183,da66368808cb91f30632e7cd859115fe82417b4f656ef8534e0b35bcda7b701a,181646
nonmembership,24,184,8ffe1752f2d85b9b66cf788ee3b6ceacce10946db6983dd483d2a974e34ce6e6,181646
nonmembership,24,185,3625d37ccffbdaf48813dd2379101c755ce21b0df3ef5149387504e3fa324e39,181646
nonmembership,24,186,04143dbde0e3932cbca8ba17773b0ba975bc19fb682b08bae9d35ad779e43b86,181646
nonmembership,24,187,0fa872da480a0df7bdfaa2b7eaebe85e3103c3e2e8ae7d21fef9eeda0e68b86c,181646
nonmembership,24,188,203ae6f57fab7c814d471ce59649a58f24d007dbd750adfecc46fcd994ab55fb,181646
nonmembership,24,189,0f5f0cedcebc595352f61deacb5665d95530ce5f2579ff5b1f29b0642aa0a32b,181646
nonmembership,24,190,d9820dce735af9ef3f30701877f2165cf1027f4f16dc225cfe0c92c0c0475ca9,181646
nonmembership,24,191,72f68f2c3a7efc4a7dbacbde764b245012b586e07bfe8a70a274151ba67632e8,181646
nonmembership,24,192,56be9dd95e43458a4b746c0239e8869a5ba7911d72a93d49a4f74ee1ff03a8c4,181646
nonmembership,24,193,7a0de2cf0bb42c0099097e503a1d01a1421bf76031e252c90e51ee4ad5b55dac,181646
nonmembership,24,194,e7e74976e20bfae867809885d8f0a05011a92b6cd0c6b83a28c18394c1af91c1,181646
nonmembership,24,195,533dc79598b6a669f04fc36947a9f314eef671dfdbfab1e8de8fa113f761660f,181646
nonmembership,24,196,af853cc30613caf50ebdca64b9f6f0ea23245b447b97a100e75f747f295d5169,181646
nonmembership,24,197,dbe17aae2ac095b7e2ae871f126ac140e17ea28cec7e5f52f0a28f7933cb82c7,181646
nonmembership,24,198,b5c39d364e72c6706b6d75af36d8cfe774b3b86b355dd3f1208fa71c6d1b2bdb,181646
nonmembership,24,199,91f17dec683bc6d925c44403fd04dac0cd77d834d45f8784c676f73082c6ec4c,181646
nonmembership,24,200,418ae45f6a2eb0aacd70c0e60e659a9be9cb28d42d00155fd4d14653a30598bf,181646
nonmembership,24,201,14dec71f8ba5b434b6274821487f9ad265f17946c2cd897f779aa7b5b02ac2e1,181646
nonmembership,24,202,ad70f319b14c1123066b937d330c6b80e635a813e108bb40398ccd93a2d2dd02,181646
nonmembership,24,203,fdbd7a35e5e52d65a6fb3a31c6f7997461556fe379e8adad3f8e1a4f53165d46,181646
nonmembership,24,204,80a02ea4564bce6c61f233cc5f0495a177696a873b1e60317077a0921217a2ae,181646
nonmembership,24,205,df359ad5e51447c18ab013a49ecb084e3cb91bb80a0160513276ac83c2691442,181646
nonmembership,24,206,764937c1c7d22d64aaaecdeba6e149db8f2c6a0ea2b4278006d98105defff7bd,181646
nonmembership,24,207,c613cf6e594cb4e342cb52d6ed05753093e840786bb14ea14c969d64657d8dd5,181646
nonmembership,24,208,05beb28224e2de055f6dca42dddbf9d55807cac48719b54b1612d380b17d8c9a,181646
nonmembership,24,209,f29edfe436ac5a50795bc8f53f2e99eebbc1bbd5adc77df3b7c9213668fcce69,181646
nonmembership,24,210,e334db6e5cef808ae43839fbc45cf9c60cffb73a97f741090b73da36d3ffce32,181646
nonmembership,24,211,3f8167809890d16e2e09dc4d9e6e51ae3e1e8d1f40aeb402d4d000de805077f8,181646
nonmembership,24,212,7dd1a0a002d788be27b3b9f427f25d5e950ab0ba42d7fd21439c9025f77c085a,181646
nonmembership,24,213,b09dcd02dbe112fa6b6a25bdff9c18d0f4e4a4595ee2a40395b0e479ae78ef0f,181646
nonmembership,24,214,a03a40177fa2855aa485e99e872868d2d061ab30b26852139a828d6c7b3aa9c5,181646
nonmembership,24,215,33ba50aed04aa4eef046eda41923c00a282386f4f7e0704fedb1a1056d5ddb0a,181646
nonmembership,24,216,793f4db0d47dd5f36dc1899c8fb1585ad175b7a361025696d2f4b23d9cdf082f,181646
nonmembership,24,217,ef5fbf00177c47c4d2a5b6c688a7085b311de6b50421e986d6846bcdfffe9d65,181646
nonmembership,24,218,8a1a6c3f0329bd974ad39d83168203859c123729a515376e2bf37c19bb6737a6,181646
nonmembership,24,219,d422626fc75337deee8baec4cd7ad7db57bb10f06fb1e40787208b757068ad77,181646
nonmembership,24,220,3ecf36fb46cc95b3d786b70e0444d484010dfd15097fb37c80c0a30c210fa6d2,181646
nonmembership,24,221,935b9273ef23c0078927360b220aab253f48fbfe97ea88cc0dd8ffd9b603dfa4,181646
nonmembership,24,222,e51625adb6f8b5eea0d7f53884cec2b8a175cce8a756ecf591c609b7ddbbc8d9,181646
nonmembership,24,223,cf8a225e9c974b0cd3419b3588fd2fce828b154c6641cdc6bfa1fac73d707af2,181646
nonmembership,24,224,db55cf2349c455df201f74aaaf6acc0037b30000f2f35cdbf28cdf9c4d5e8d7f,181646
nonmembership,24,225,9aea70ac7a53b7fcd4bdbed596d1393d1c84f67e4f071deed0c26b29aa166620,181646
nonmembership,24,226,1d7d4390e82d177e00682201159b683bbc981240d431e37cd339e59c66e417a7,181646
nonmembership,24,227,eed14ae2306b61f9732ae1bd800a9a3abec3ad3fc0763a0fb3b23f8acb261b7a,181646
nonmembership,24,228,7fb804344411be3aab44a6e8251d05867a641c50821b86cb0a168332a13b4ce4,181646
nonmembership,24,229,be7cf28a828a3b887e573c43f87e5acb4cce51884ed3022f3fff61aca5e5996a,181646
nonmembership,24,230,4dbba20b6ffd6dde814dc58709a945456b0ce185663a67d3a2e595aa205f209b,181646
nonmembership,24,231,33452d0c6bf2463b6e00e088f6b56cbc34495f7756865e752e34b01bf8e2aacc,181646
nonmembership,24,232,13e2cb9e46eff037a466a2550f1508deb3fd28352d2d62e212b1d0b5942c554e,181646
nonmembership,24,233,78f36bd511ca177bd27aa7135c42eed53f43a1b37871cc0fa2b6e5eb50af75c7,181646
nonmembership,24,234,b2a6efd605af70c404fc8df7c739cbfbe352a3af178c72316450051b1c85edbf,181646
nonmembership,24,235,b5eff46768b5cae2cd1bbad10094d9ebdaf378c009a3fd90a02776ef852bdae6,181646
nonmembership,24,236,ed12b948cc29f57c3e66f924cd958bab329750cd006236865997efc033eaf048,181646
nonmembership,24,237,f8e5f822fb4ac5cdca492474996f2a2955cd6774ebeb593d76a532ee5ec4d555,181646
nonmembership,24,238,9f6e9fb48d884b2ad238405e40b9258c725f000c32168b8b3295ccd71b66dd91,181646
nonmembership,24,239,f618e80604fe6daa9a13e9efd4b520902fa7451b403187d79a2206baa1bae00b,181646
nonmembership,24,240,65d96d25bdf4bc32dd296250c153f9895ae2d0c873f69c9b7c6d39195bd645ce,181646
nonmembership,24,241,ac0072f566b627fe5d23bcb7085f884cf202e5b5e0c0af6914077ed954fb9366,181646
nonmembership,24,242,a8a12c06587f4502615987769241a52810ff9a677601e463b31032d3d9eaa624,181646
nonmembership,24,243,621e27bb81a8e86f5ddb170c3b2835af923883909912f34bb942cb9a7e1c770d,181646
nonmembership,24,244,17a7b9011b7ed10ffc557216c9a09ac7cc49124c28da0b5a7dcd95fe25b93e22,181646
nonmembership,24,245,f4c282ad898cfaaf6f46056a5514fd2ae878f389f5b5ae9a5146d4a0990454d6,181646
nonmembership,24,246,38c435ed598c7dc2f5cc98f6437c606a4bb8347b09a9e455b6ddad2fc78f19bf,181646
nonmembership,24,247,5f67e6efe163b39b0df66747351aeace8c6119c8c734c5bb505c9cce3dc5c6e7,181646
nonmembership,24,248,2f707f531688274470664a5da2f4613869a639f724aa92649f80118657b1f869,181646
nonmembership,24,249,da8409ee45986fe2c0f7b57286722b16527b47e712dc81e2f4a04a965945219a,181646
nonmembership,24,250,5d7d95925068d944157e5fcbdfe9ba368a8caf4c9c595f0083412e7076c3237f,181646
nonmembership,24,251,1592620f9bd10a4181b13eb9b04ccd0cb7f1806f14e581b9f46953ef9d334182,181646
nonmembership,24,252,da196aef8a488b6073766209c592eb582c68be5d1835b4ada070e1eea65708d6,181646
nonmembership,24,253,5dc914e63b85589dad409a496c2fbc376831376cc30c287f1b9771a712200c68,181646
nonmembership,24,254,6140c62b8a43640c684d2d2d00d87b5c361d5f127221eff7b0554f34fc1c1721,181646
nonmembership,24,255,e8c48599b4a53129dab4cd3a8ddc2d8fce809f1b38d03720436a3f8b28a5aacf,181646
nonmembership,24,256,14ed4e547bc834fbd575441050b7d3aa907535dd595022c8d2a85baa4940ec01,181646
nonmembership,24,257,3a69b97cdaec0d4f067f28d118debdf864bbc1b1ab861efb16cbcf25e1911c43,181646
nonmembership,24,258,4dee0b7031de2f0aaba69808e6be9ebea43a8bd2ebb63e26d07e7086762d5007,181646
nonmembership,24,259,898777896675c4fff4691ff512af11c79ccf711331c9e540b8667a7f7412bfbd,181646
nonmembership,24,260,344114e36ff7158261ec4b1c6f0481f03add91904ff840e2d622aac76b2870fc,181646
nonmembership,24,261,8fe73334197e7817d5ca1a43abab5475c9a4c0e8964b3eb54940fa60235f1fe5,181646
nonmembership,24,262,eb567b93d105ba9609084c227e00c3c006987df447887343439c90f40be4acc7,181646
nonmembership,24,263,758da32f78cd1b8bd2d1b86a455d6f27c88b6bc3968ae0d6f68ff455befc5592,181646
nonmembership,24,264,63c43e0aa44478068973e71c8ee270da168a1dc140cc96b2eb89b15321ee25b0,181646
nonmembership,24,265,f348d1f84dce07aafdb1832bda7253c562f725430c0bb34d32c80b7b71c9d6ea,181646
nonmembership,24,266,53a49122378d22be71f37a088ab47def57097199c8e4bcc35376ac4bccd69036,181646
nonmembership,24,267,6d713de562cfec5ef743e1626c97e49d43a9dfe5386f1f91b842076442b1a5c6,181646
nonmembership,24,268,f6cbbad0047c23d97dca275b34d7fa23ad9355b49dbca3f090909801a540317b,181646
nonmembership,24,269,e30ab66efa91ff2580f06a77a2e3ff6684e400c69abe649af6830f5c1f17a36d,181646
nonmembership,24,270,16d053aeb0168462ab56c745478c5f7d2776da76ac6c1bfc55c414466a421dbf,181646
nonmembership,24,271,cbe1ee93a8aa933c9e9a9daf7ac5e942e228b4fec2c6eaa9501a91176591d5c4,181646
nonmembership,24,272,f709d9021eb1fb340230f0eae20987dd08ceda13c2313feed98fb7beb3072aee,181646
nonmembership,24,273,4e2b0eeb3e1512b4b67a61bf6769c73d326b0e07dbee2e8bf2f34472fa95e106,181646
nonmembership,24,274,34f47ce0326236d4b6a78f2009c6de519e40e0951b4c3f79a65b35c35ab9af53,181646
nonmembership,24,275,a417589c8b21b279fbecd0b952a594a6e75af986a2b8a7306ab872c29c988953,181646
nonmembership,24,276,b433f5b06bb9288161a3e4567bf6f6921feea8619425e4676d63c66d36ea313a,181646
nonmembership,24,277,9044a2b85956728453f4ba45611d3cbd8082b6ff5203c73a84b543b768100100,181646
nonmembership,24,278,15f4c088776b9ba858e6369677cc530235ef7300684e98ceb9e9ae82c29cdf7a,181646
nonmembership,24,279,fbe5cfa5f330f5d931d2cf5c136debc4455ec79b42e1d483a1dfaf8c216b9c14,181646
nonmembership,24,280,7fe5583bcedabdeab1812c384673d5445d9b1fb3c83a9895554084e752f2cd0a,181646
nonmembership,24,281,7e86c0e2d1917e1163596397b12e4d7e12c566832faddeec065170b7af83cee0,181646
nonmembership,24,282,c5f84068fdbcc646a885fd7d71df7f5ebe61f96191aec4c296e2f091b10c21f4,181646
nonmembership,24,283,ec6159b09900341a378b3a2615720577afba1fa02bdd52660dc1861c221e5768,181646
nonmembership,24,284,87b7c3198a822a5c70a1f5f024ff2becb9e672ac5940492fb467d23499af69da,181646
nonmembership,24,285,d1762b32b460d4c564d9307c59c2259e8c01a0d0062b6c0b622b3ca966af2dae,181646
nonmembership,24,286,a260691562de16e9140a9fa2b185e71b6b53e5d841364ca1a85dab42379e7ac8,181646
nonmembership,24,287,8c428fe2f916b0de61ffced4af23e5ceae778d98c2a3f393a512bd50694a405c,181646
nonmembership,24,288,7eedafa7766456a3ce705f766de59b61f654183169fd670566050e17ffa685bb,181646
nonmembership,24,289,187e6d3e265510d4689d46e6bcf8c7b2c96474eb9c717302a2c67fb7e32b0c42,181646
nonmembership,24,290,72b653e214cf3b9e01538dfbe24ea8f53ef5b3834ce8cd73d84123e636ad5c4c,181646
nonmembership,24,291,28d0d065901a9418819057973e2289636e7130e0c1ea0def88de7e943158944d,181646
nonmembership,24,292,0449c5ba1739cdbb85d4d1ce7410e15c4abeae35d4164d9202506e9366a65682,181646
nonmembership,24,293,5b5529e5daca490b507224a3c55c4e47d7789cb633811b90beb2e0b3f5f249a6,181646
nonmembership,24,294,7afd88c8018b5c7f5dae22f8c93d51a0d12cd7d7b2262f0b227d04120cf18f41,181646
nonmembership,24,295,513fb3591a4da7a9930ba13af15baf4ca7fa6ca852c003dfd600344ea77e40a0,181646
nonmembership,24,296,bf761409bb52cb89329b8c5c12b6f1a607f2a1b2ba22dc7c4c17946d35a725e0,181646
nonmembership,24,297,550c31c508ea415bcb231a4f117737162d24caf167a447f0fd2310e60fdc4038,181646
nonmembership,24,298,daf7d95d7d9c79a3840b4dd123894f08fe07324a4ffe1a492fc84a757813da8e,181646
nonmembership,24,299,e9d18cd54631cf30e3dbea5ad48a4dae0ec3c7f700e0bfb96b37ec6b297700e7,181646
nonmembership,24,300,bc4865aac6293e568dde762f606aa4a883a6012ee146de102c4d520da8415bfa,181646
nonmembership,24,301,94c3d56ddeeb0a1c99a61e38f5c2c78068bac7a7f081d80ada15d185c200c85a,181646
nonmembership,24,302,1021912710e2b38818ec9fd6fe64db03424141ce30e8b02c490d945ce50dac85,181646
nonmembership,24,303,df5461f48350bd5740afc8930d4ddf71e87a15ea98727d535c7c5dff041f26dc,181646
nonmembership,24,304,d88b75068f79f3a96516c70693310fc33da39e526e1ff8e668bc3d988bd20365,181646
nonmembership,24,305,8b206585d1b31788dfe9d56f6c6d967950e46a268a39b5380ffdbdccb5544a93,181646
nonmembership,24,306,017eb913b5bf183a90fdc72f8b076c2ff95f6eeaad12e9e94acf81be3bb17a43,181646
nonmembership,24,307,94546674389d0cfa71b2ee9e6d516d27e5a58baa0f8bcf2bfff87ba61cfd7375,181646
nonmembership,24,308,ea3fb4280b4e90572a14c8af1e1330a9e4924f17891bc21bf70af1cb558dd96b,181646
nonmembership,24,309,69889a4364534937e8dd9b7885cd1488631e6ab111ea31a54f55748931591b6d,181646
nonmembership,24,310,244a20154455261b35e8d4018b02b2ad2b5ebf6c75707074c5a753d8d356d923,181646
nonmembership,24,311,7e9efc345a704a4df7fd36460fdfff6a774a0ed8b805d4d0292d1d2d10fd758f,181646
nonmembership,24,312,9d351a954d80c78d0e6d79b908051cec898cba00f57edbd6ecefd7ac11b943b7,181646
nonmembership,24,313,7a1dc7c578cd75a480957bc6dc57f6d75f3378383d0866db4481ae5933add8d6,181646
nonmembership,24,314,4c3aa822f5cbfe98df313283fcaab1057ba69efd9db6be3245dda594755a24e1,181646
nonmembership,24,315,919372712e057c2891e07f8fd0c46d6ddfd2b00641e4e3a2f52080b7b6036641,181646
nonmembership,24,316,a600cbbe2e55b47cfb024184d28266575d13598c30aacd07f0c38f73a3ed8052,181646
nonmembership,24,317,b36b4fd40bc45213119d7880baaed5c89eb5c903811145ff3d11f8ff0887266b,181646
nonmembership,24,318,15abfd2fa91984407b1a6415299a92fcce926c0c37621ea61e217397e34be06a,181646
nonmembership,24,319,fa1b5e628d5a79edc835dc107be9a2615ebb1e5ce78f18e4c94bb5a5756cc6ec,181646
nonmembership,24,320,cc9bc9e13dc6ab82f4c9e266474267ae4562a089c8be36e12c5d2b4ef9d3c551,181646
nonmembership,24,321,d8af2ebac6142e44d8129c1998d3ceae541968bd791df6c4f38b889509a67720,181646
nonmembership,24,322,eb3ac233b7fde4289b1b4fce84d45ed5d9b9b887dff5341ff9d1ba4ddc188c4a,181646
nonmembership,24,323,cf868d6f5371a3fd3e298e1a95564a18881af6bba84894c7b876a8a1baf76348,181646
nonmembership,24,324,60773eb16406bebf51b2b67345229fd0e6f4c1470e7d9103c16123febaaf1f63,181646
nonmembership,24,325,a972231b8b94e584e2151d00a9780a422a429a573be94226a03e94ae51f8a033,181646
nonmembership,24,326,229791710b2d08c2387bd76e7c49538cde14f6b10fe86fc28f537f229ce17068,181646
nonmembership,24,327,0eede12d9458fbd009ec0eaa31fdc34e27e1ee4cebc6cd07889a69f2be82cfb5,181646
nonmembership,24,328,4cf3eddc96f0c86cadac61d51981e5c8878ef9466cdc20bd87366cdbfbadfc59,181646
nonmembership,24,329,cb84f1782aa4458a965c5b07cd21db36ad83ca9cb920abfea2dfa01aa0024f3c,181646
nonmembership,24,330,7b0ec8c3628c4dcffa5a0f075d1f9dd729ffa9ea40e215855f1435aab1d723aa,181646
nonmembership,24,331,228bb5e522fdb67ced3f156c7cbaba7c7094eb9cec153f78a1dde2b1b50c614d,181646
nonmembership,24,332,6fd80929f1421300d8f88e530ada5fd679be72e9acc2399ee03ae8fcf5a1a155,181646
nonmembership,24,333,d45a4dc41adc9af77c64f165cc8295fc9755a3c8accd04d9a3c0b8567b1f96a6,181646
nonmembership,24,334,6d6751cdf710f4089d4fe03d6af7aa7bfe192a5e0ed4ea14ce511fddf405e9d4,181646
nonmembership,24,335,0407050d0168c723a946218a091306960c43863c4b3e76370c36291f9c7145d7,181646
nonmembership,24,336,c57615ecdcf6f39d69d9323a0705ce68dd2b1466ab69db230ddd6b89a416b77e,181646
nonmembership,24,337,b4c7cf3d1f4e4fccf3d5d457897d993746c9a99899186b7f15eeaad6bc7e0838,181646
nonmembership,24,338,64dd6cec31f7126c5f7477f50d8818a819e1c41e077ac2e0fc48b01a4cd58fa6,181646
nonmembership,24,339,98763a8e4ca615b8e6b0cbf64b7e08b5937bab7d7570381ffb2d3d4b34340ef4,181646
nonmembership,24,340,3be9fea196b8a17ef5cb5c22825e4123efc1801320070e70ef4ccc644d901313,181646
nonmembership,24,341,c029b68651967ba6f0f2d2d75bd2fd94a149f86d952cf8affd12f8e3b398203c,181646
nonmembership,24,342,42fe1a1702905362daef935c7af72deec2cc85452640c8743566e5dab7d42f9b,181646
nonmembership,24,343,0a4791672687285428abf49a5bbb71d23f076f26defc283609b2dc74c75e08a2,181646
nonmembership,24,344,422e585d1812bb5665aeb17d29cc564b1492c23e6d68b89055cf9843e144b701,181646
nonmembership,24,345,7d3dde512d2e35d3146ba86bc4604ab43078cc7f605ee4d6c7398a026198516e,181646
nonmembership,24,346,2640e6544051c8c45a3734b830260b6e059932e8a1593ebd42e4b138512e2706,181646
nonmembership,24,347,7a46d8a5fab0b8e3509fd210c1e4e5ef8a8528346f2f401095a384c6049ebbb1,181646
nonmembership,24,348,34e572aaea2a425855ebc7d3bc2c2d4b8cba84424185e1d923e49adafd75452d,181646
nonmembership,24,349,413762eb90082a468e2696e58cfbeb262559a833101f3a15395097e4cad6d239,181646
nonmembership,24,350,3e6a7af268020a8e9afa4419546602da9837aa3f6cfb8b9c54d0ea70da164fcd,181646
nonmembership,24,351,918d31478e1ecf379c7872dbf3d78e0ad18cf3d2506c676b7b140f2ea20762bf,181646
nonmembership,24,352,3f36815cfe08ba01fceb754401dd401386040fa68ad151d21c7a83d38524bec3,181646
nonmembership,24,353,fc76aacbd75dbe3526c0198f435b719c2fea2fa3a1793ecb1cdb52662844a6da,181646
nonmembership,24,354,0298265789b1a6062da480f8718d6fcb4efe21f4bd86b81a0c9fb1c8fd1ec4b5,181646
nonmembership,24,355,9a54af6a1d75213292fdf4fc5e06357be0fc5d217c9b9b0be97bfb5d849b908c,181646
nonmembership,24,356,97e8172300e96829996910ff60a3df53978fe97cf2d82b0b56bf91549e9c1a6a,181646
nonmembership,24,357,1f517e6fcc58da31dfa837d80d07bd03176b9b0c73c33149eccfa6aaa3fcb269,181646
nonmembership,24,358,bffedccb6485b9735cfb73eddb01f06f0f091de6d391549cb6dec0611eb5a80c,181646
nonmembership,24,359,74fea97411d1598f7b8f6a5c01873099391ed85ef0717c27a6056f442c2fe5fb,181646
nonmembership,24,360,43e55f67ef22eabb4ed5833e679588d414f681e092aece90a820d7a303cefdb1,181646
nonmembership,24,361,b63ea5d20334253ff9416a4579301ebbee7ea112b6cc183a7d2ab2a49a1c1022,181646
nonmembership,24,362,578379e9d00ac3fb8379a39d7948f359f9ccc56e156d5d7ef8ea1010450f753f,181646
nonmembership,24,363,c6be0925443521b7b5a190aa38a9385e38da89fc733be8666cf7aaa7b333172b,181646
nonmembership,24,364,bc0b250dd6faf1e335d54a9aa1c2d71f7ffa18e9608eed4c65800309b7cc4abc,181646
nonmembership,24,365,4bf7a46c3b955928800bf7494b7c78ca846d99af2198ae09bac3be67143147fe,181646
nonmembership,24,366,2219c06b6e43c196bae4c77ec00206a1c40b316966887d2f0511092354de7627,181646
nonmembership,24,367,fc717f4297fb53178ba974975e6204e7390ae166e1c5f60eaf7c5d2b8f0674de,181646
nonmembership,24,368,f568f3e641d29bb38cd027f3a0bc4fb79bc8b6a816ccad410109522946208c0e,181646
nonmembership,24,369,eaf1ab691b12e8bde12e9b7f667bd010d34c84dd8f60b05518579eb63d1756ff,181646
nonmembership,24,370,015b2606e77790c3eb9fe7e43128c7aee9ba4f75b4f3ae8c90c1402fc1763b93,181646
nonmembership,24,371,1f0dfb20dc452b692e287774999a65dabb4734cb829e0bba25e70f6157afdfe5,181646
nonmembership,24,372,5b2505e9c769d441dcac73c42f8dd6e0d00f8b0d7623663f57ee1f3597846046,181646
nonmembership,24,373,fbdefbd03da262a4447ba4e6b1246df399cdbe16f62b6ffce088e40e3a825550,181646
nonmembership,24,374,591df9b98905a3c54fdc05030326668cdc19f30787db249f9f2b1cd42e03d45e,181646
nonmembership,24,375,595a447258099e17c0885d8c45538a2e376528f641578afca5bffdc987c34ef7,181646
nonmembership,24,376,e47fe51bfe528133d0eb0b3fc293ddeec1e75d7820e3afc15bb586399f405a9a,181646
nonmembership,24,377,9a443b9a33037e4c6bfdf9336eee137d7b952bf481c9204cadf5a5a4baa39bfa,181646
nonmembership,24,378,cbce9d90df9731c1e4917309bb594ddd67b24ecf6afd424bd68215ab286499b0,181646
nonmembership,24,379,4095a9d4139a972ecec347cb1147078f7ef34230a6227b5aeecaef8cb9d4012c,181646
nonmembership,24,380,4275e49fe63287161bfcbb3cf26edac0618b5e52ba14de540056defcd4ce6648,181646
nonmembership,24,381,7359b68cb3401ee687763e928974dd0cc0794a5f6fbf41d4c656133d625afd21,181646
nonmembership,24,382,119c8059edd1865f542a4ea10c9c47ac240c458401ef01440d1780b1adda3368,181646
nonmembership,24,383,2b37e22e2c0de03f686d219d64300b71301667f0e50bdb9f622ba87b2112bc3d,181646
nonmembership,24,384,a46e60621bcb6ea78b6bcf2d5a717d6af5593dcf79ec595117c5cc955f4a057a,181646
nonmembership,24,385,eb54630eb2903653134ac7b31f486708b325258f1180d36f40f4355918e66c52,181646
nonmembership,24,386,0a07bbf3f9560587f5b3a1c26dad554b2d774e7abc70676025454a7d244d782c,181646
nonmembership,24,387,4a867c262cfc89f178ed471f6f385bb738ab8ec61c3384d6acf126972586c28e,181646
nonmembership,24,388,91a551daf33ec180a1add138db2bf722c1f48ee1cec274890ce23d575569fc74,181646
nonmembership,24,389,7ab3f5f1bb7fcddec0c49901af2818ce4618e1d51b3ad41fb925ea0ac4c542f6,181646
nonmembership,24,390,ea9ee2f69d025cea251b1e119b765e13a6527ae1fa6b8570f88bbcb0def1db82,181646
nonmembership,24,391,10ca34ace8099dc9d417dfeafaad6f74a58ccb4eefe8fcebc2dfae8d0a497c1f,181646
nonmembership,24,392,3ffbb59b4c90a41399f861d2c6852ab5df11c29499221807bbc540ef6af22636,181646
nonmembership,24,393,339511b9ec3cbb2739d02ece33c8db3cf5796411d34a9be0c2f247fee71cf292,181646
nonmembership,24,394,cd73016c2357a61ed1a18eb6eaac0d804a1d5db0bdd57a863cbce52144056d86,181646
nonmembership,24,395,84736197563ddff6c13f2bf57bfeac8436f99d2ec8ec0ddda2470716bfb0f88c,181646
nonmembership,24,396,b4d2ddd90403fe10dc7591e0273dd3f9fce7681fe98bfe92d8fd3de0f5b4b552,181646
nonmembership,24,397,23ef2d73373dff0ad78953b5d00acbe4632ca74ec34570893b381399ec663043,181646
nonmembership,24,398,eea4e946ca998d0e2bc4c156d052e1c3b1e41c63586764f42b4216f755b3aeeb,181646
nonmembership,24,399,0e30f1e16f225dabd72a55583ccbf2c1eae0a97832b379b9204a10830c6d1cb5,181646
nonmembership,24,400,c031a8c988acfa616fa53c6c480b112ae7a35a4a40eb0430b63c40eb31652fc0,181646
nonmembership,24,401,c4f02c958ca4245779b73865a8c3363c52600c1609ae6fb1883820abb255cd68,181646
nonmembership,24,402,948d2835089e4999b5832518e6f9757c82d4ab91d71ae34c50ed1c48947b95ec,181646
nonmembership,24,403,457152fccef6129a29e43c3bf95be55b37ee661ca915426987abd876bb07caae,181646
nonmembership,24,404,eba411c1ea5909c741f806f770135e0921f89e2edbd2d5988828d757e54f80cb,181646
nonmembership,24,405,f4c6d8b381d1c823fa5bd65b3b5b54f11881287f140185dae7ee4ad02cb13b2a,181646
nonmembership,24,406,89af8e13e8c3b35a5126d549cae9fc7df97f78ee605415095b462f7815e4a27a,181646
nonmembership,24,407,cd6dfbef9c89e11418a078f1d5bdf990e654455c44b5f4af7f89cdb5d77a34b9,181646
nonmembership,24,408,c7aef107d86a837340f450b1dc380afea01e9ba4d13018cc47451577cdbe44bd,181646
nonmembership,24,409,f9160fa2d664bf38573311350d0b2c09248ed03848a73e9f5e54c1364742fbf0,181646
nonmembership,24,410,ef67024a65ebc1172a4125ad0a787c89b525a772154ac72cb3dcca2a84c64e04,181646
nonmembership,24,411,48e76e81351a24efb730887aa97b11d50a6c1ce69b5505ec0297cf24c9eeaad5,181646
nonmembership,24,412,218ce796b6157f6fac2c79a6c787ca2ca622715323d7c40f0f19143d129c5bbe,181646
nonmembership,24,413,db14879f12cb43d2ac65da335624c86dbd6f56430d9bd1019067e437e73b91a6,181646
nonmembership,24,414,b272347eed5ca8b7760abff40b18b9ad9cf832aa469236964af2af23fb29d437,181646
nonmembership,24,415,26303813e66576fa400c535f9d1a4d980d5d1b15da9a6b64736b943d2e2f5dea,181646
nonmembership,24,416,493f819ade0acfa5826d1b0c34eea0505b41fd87bf12c92633a4beb91a105c4d,181646
nonmembership,24,417,4966b64e482196c34ee534fb7c99a74eddf89c1da1555ee3c788fcf1507b3446,181646
nonmembership,24,418,10d5341960b7e902f4ff3f84de54a920b6126034197c5e1147db36c60223da4e,181646
nonmembership,24,419,0fa1f2483d6e69e7384360115b02a00fab05300d8bbdb59bf10c8371b0fee5bb,181646
nonmembership,24,420,a6bad3682aa823a5a5e072d46207ce94272a9c91b99b38c01e20d4c6a233b703,181646
nonmembership,24,421,0e77acfcbd37d9b9f64bd6ff9b0bd97cb71210f99c3bbf6bba875e4d5c3ae51c,181646
nonmembership,24,422,1ee1ed324c6f07b443524a7434d75cb0bb9f1c90d87f170af5960012eb0c5e92,181646
nonmembership,24,423,cab896b73dcb7007bc9e1185e7a81da18306884812496bf4195f9586411ff6ae,181646
nonmembership,24,424,5c46f5a8840be87a4fb9e34e929237648f0f7285f08b8a7eb510f59322d76d42,181646
nonmembership,24,425,3b8e0dcafaca8945ec560dc363cf9cfd0af2c4d91e702e5052caf7702330b221,181646
nonmembership,24,426,fa6785ffa10054cabc58b69dd888fdba41813721126ccbf422c7b4607936c3cb,181646
nonmembership,24,427,8c540effa16396b304a0a8e5355ef7632133a7bcf17dedd1de8c1dabc873a7c8,181646
nonmembership,24,428,fc51c56e0ee0dff0ba80363e957892bc2f8451eba379ed2ee0e38b03f12607cb,181646
nonmembership,24,429,e4d61d5987346f1686bb91226beff9946e8f51017882e118bef6e195d182b171,181646
nonmembership,24,430,be6e6eb0956156daf730761dbc60623bcd9be5f4a1883c804f47737ffa62b63c,181646
nonmembership,24,431,febdad18eea4d63a84fbb26dbf586b9192ff759230fe60795c91eae12b0f94d9,181646
nonmembership,24,432,b9e94fcff287ae1d3f3d865e3770b6920aa21ba163547ba3813a79c57d5e44b5,181646
nonmembership,24,433,1a37b99144ba060be40abd0a2fa9db52cd244d2d724f2d75df03530f09d6abfb,181646
nonmembership,24,434,7fa180edd61f1be7d56f65b59827c89a3e4a48674f06a47a6ef6634cb57c3e14,181646
nonmembership,24,435,f079762ea36f370608296c0b50e68afc318523a7eeb6b0263a94969ad49c7968,181646
nonmembership,24,436,7bc647cf4a46b5c6da65530ead6cbb0f7a0ce760666f0b91912a5f845556cb2a,181646
nonmembership,24,437,2366c813f5f1e00a2be75f61ab7df8c8270442fe5af12e14ad76e3953c29965c,181646
nonmembership,24,438,24db41edda1bd79fc2ac7d164f61d030cfbbecf9494b4f5434bb2c62e2549a8c,181646
nonmembership,24,439,826e758d43be1ad84316f12ad03f2b919c07bdbe6bc40676e44a26425b54a89d,181646
nonmembership,24,440,807d55722f013cce847786b37d06fe4b73457381580186d5a0481c8fbcc6e131,181646
nonmembership,24,441,965b5e4edfec2b15ef231c11c89350221030a5669ae73c83f387bd3a5ba9816d,181646
nonmembership,24,442,b83bcfbb2aa74bac353cdec857d9a3a02414438abf41afa45413775278efb46b,181646
nonmembership,24,443,ac64332396a0f2b85413384cd60f54b1eef5f8659626f9cb4c6a492d886bcc12,181646
nonmembership,24,444,62aff3251a66aec4662d339c865d802a91e0a80b3ca4c4159f9f22abb4ca1959,181646
nonmembership,24,445,ac78070fb69e1003569aa6b4cc01f36ac032379433c0f6a47f301a70b1021150,181646
nonmembership,24,446,be211f848fabdb40414ce169f3812509b475d222a2ad45c3e988fadc85d14cae,181646
nonmembership,24,447,ccc93cf7611baa7e12585e2763d09659ccbafbb74d0b7c0430504f602e759a2a,181646
nonmembership,24,448,1bc074fff95ade2634abb47d739f7946213f505a4431149dba19da16d8a6478d,181646
nonmembership,24,449,6a1ae8c90749ff1068bf721e36e1ad3676400b0e6dfa36bd565474ead50618db,181646
nonmembership,24,450,ff00e63cfed12b856c68e1f5933c1ae307d950f5ca770317cb00a88c970de7d9,181646
nonmembership,24,451,560b6e587145a2ac319aa2d35237965cf9bbf70c0b686180011a888dd22a9007,181646
nonmembership,24,452,799fa75dc2013a09a9282a06679e2b85e397422b5cbb44f862b5cfbbfefd1cbe,181646
nonmembership,24,453,3f9027dfbc1bca071bed62849ab8673650c37cdd4f1a2e62bf763ac184e93eed,181646
nonmembership,24,454,c659c8e79a78cd6ff5aabb178f8be88f0015c67087633a63cc281f69551e8e60,181646
nonmembership,24,455,89b8194b542598780c5fa7ac45feb1246b668f21b94b99830a00e5f90727fb5a,181646
nonmembership,24,456,86080ef211171a819532d2c83d389c94821f766f7db2e397d2b65115951d0ccd,181646
nonmembership,24,457,8bd03778078a2c7105933117a2014f018579e6dd2e409cf9f2a1b9bc1d98360e,181646
nonmembership,24,458,ed2c9b7f4819589e0101f87145c1f0c528fbd47295d47ee8e82608e42075ce74,181646
nonmembership,24,459,abcba1e0d15709c71b5356ceff1f798d92368677c186fd0371532ed134bdece9,181646
nonmembership,24,460,9ce6255872c29aa583d36ea65d1c804875b8b425d397e51c2d4d5d2ae18d89b3,181646
nonmembership,24,461,142f8a56f3297bb5172799f23684d9c308ed307baac1b74ebd8671db2cd83cff,181646
nonmembership,24,462,2b4dcfe0cfe4a76f0d18eb5e95f9add1ae0d43acacab96fe562b90bf0374d723,181646
nonmembership,24,463,deaff9c77e12168af9a7a54d6a5a22b461f0406864cad3d965d56e99f34e3e78,181646
nonmembership,24,464,783f7e4340f297b783870a96592d4a6492e3204f0491729c1824accfbe00c1d9,181646
nonmembership,24,465,5f70af185ada5c529b56811393f4c8ce8ae95c9696ede37c2b07670ed3586f75,181646
nonmembership,24,466,55eb56d18d13bf6c69740c882ecb86b22afcbbbed582f3bede7f6e364ef378a5,181646
nonmembership,24,467,f41fe06089da0561e6064753804ec708e4fc161df0e4ee6d81f7ed7f55382083,181646
nonmembership,24,468,512834626485179812b3068b2d2138cb9353e57829d99bae73dee07009a3ca25,181646
nonmembership,24,469,0e10971ac18b908f73d358a6b6fdfe6305bce193aad94111717aceea11500df3,181646
nonmembership,24,470,fc825bb071714b8195938ef06031134e3e65db5eb6e9497e4c322576320682b4,181646
nonmembership,24,471,4954c3320b5002b805f0e5d3a717a548d4a75b280d01228b87e357f3651262bd,181646
nonmembership,24,472,d30b78f8c8d0d1d24cd4c0118a5ea2479d683e3d0ec67de268611d50936b1312,181646
nonmembership,24,473,88d45422a2d132a1a2e177b801935bf948152da98841aa919829b0956e4edbb4,181646
nonmembership,24,474,4c3d441388f08b327aab095be77cce1979d6dd547c978ff1b29c21e9afeb4d25,181646
nonmembership,24,475,b675c70464f1f80d61066f5866a2006cc7e1fb7136455edafb6cd68dd836b02d,181646
nonmembership,24,476,9a5e1a768686cffa904a32f327cb1c91d4a4727faeece4fc274a4ac0e36ae33d,181646
nonmembership,24,477,6e5c9e5a59f307786892d89b9fc6aca15cdc7c2fa8c92625edd58f7288fc2db7,181646
nonmembership,24,478,e18b709f6571dbe2f0fefb7672cb5a6824a4460bda4f23b02abe907c0a000027,181646
nonmembership,24,479,bc969060070fcf73a012bb8dc46e8921ce175aedfd961d111c7930181658e778,181646
nonmembership,24,480,c891eea90c46c6434412d92989f65af10492f1910c18aaa071234e782a25910e,181646
nonmembership,24,481,78f07eebf6d3e43f4183340c89caf5f17397f5c1a055ba13f9c9936d79d5d57f,181646
nonmembership,24,482,70ebe2e2e580c91de17a0aad3a698ee8234e056fc8fb159d104a6be7d530975e,181646
nonmembership,24,483,ba89902441d32739cd1e6ad0d4bf6b69e80f0907bad28015b010a6300c1bed58,181646
nonmembership,24,484,77c457fd6cc1d93f75454312b508b27bd1466c3b4c819318ad1024d44f5d1c9b,181646
nonmembership,24,485,f0e0b3cfca8260c9ab7a260d9d1289184cc1d708089461677c7aa0983ae0e70e,181646
nonmembership,24,486,d541e35fefc9b4dcfed81fe96de44df3006284bfed4c128a9be9d4c3ee5ab6c5,181646
nonmembership,24,487,f89bbc7194c88485a83de971a29b70d81419f58536e114cd5b8c5eb2eac094e3,181646
nonmembership,24,488,38111f05e47580b00160daea1ad7f76c76cff9069fcb57abab1705921207d24c,181646
nonmembership,24,489,40ccc3ff946aca4b20bbb6ac751f5e866134cdc3062521929c10b427d813dae9,181646
nonmembership,24,490,87b25d14188efe3d30013519ccdce7d26cb20a82c812c3a5fb1efd939f984e28,181646
nonmembership,24,491,288277cd7a306e7cb3ac1dffdde14b107a0f504f2e822b2aec95cc4ba02f0d6b,181646
nonmembership,24,492,f5b0dc836530fc4abd6bfc2424e686906afbd0130711955fdb42e5e598e47a5c,181646
nonmembership,24,493,b21f22d17ea3229f2ca31bd5c01d90381651dd8913bc01b790126275381bdf69,181646
nonmembership,24,494,3ee4423254c222e04ccc9bc503f41f109c09250b4b92889cbfbeb2e9f06a9855,181646
nonmembership,24,495,ee10cff7886c5c06fd323be8fc5433099b48c544b891874638f3e058a2e0e499,181646
nonmembership,24,496,7140c35fd3bda2c26b7333b8f33dabaa66a4ee166c0a405065bbe116fbad2aa7,181646
nonmembership,24,497,65e634d0ee9846dde50e854aaa1a20b5cf8f318016adee38598bd4774c6a0adf,181646
nonmembership,24,498,82897bc959d78f8d3fdf49eb496a516fb234f5455f7aadb3df644d4ef3964fb3,181646
nonmembership,24,499,18e89124ee5ae01448ed29472d186d3303649989747835d62504d78d4c9188bf,181646
nonmembership,24,500,e4e81407f25b38b810bd7dc1ebbce3edbb25dcf55d3ce5cbe3f155169dfdecad,181646
nonmembership,24,501,1b0f4714a3a1729929bb8050b2080486a7cb0e35a1b421e505462b3b0e068e84,181646
nonmembership,24,502,29867393cca43ecabae58fcc0a5338a2ffc27b0df6f696cfa1f83c08dea02852,181646
nonmembership,24,503,8cb52ad99a88ce1a61d19729c2010389d94c3dc9e1f1fafa710bc3ff6de3eca7,181646
nonmembership,24,504,273cee4c96cbedb65df0471558e4185826c21e24b5163ad9ada1cc31cdd06d09,181646
nonmembership,24,505,9b33835fe547a8cb17320fea577d1a38dd369474a10cafcad595b6986ef82be2,181646
nonmembership,24,506,3616020f79040ed7969d68598729d96d58f21badb7c31569c4eab61cecbb14ff,181646
nonmembership,24,507,7491b10fd2392648d523adf80191d2abf1bb07e25eb2bdfce4302d6ecaf878dc,181646
nonmembership,24,508,db5d65ede6f075efdbfdf52d41f597174ecec2e6d3c13dbdeb70aa38f0ce4a26,181646
nonmembership,24,509,6c7dc7d41fd1c0b5727bff0e5f97e73e0b8616163a29b3afac3d257c2bd31c1b,181646
nonmembership,24,510,ce57e0e14e4dd2645e5cff93a3308e04222ca361f3dbbf0f537f4b98711d8fb5,181646
nonmembership,24,511,70e946193bd50bc8148795d368c70e61bc578222f7d3d026fbd5688c66dd4697,181646
nonmembership,24,512,83b5dc97ee40fa0be2c4b48a395ddb497e3286c7c39a3a9b262a7005493ed3a0,181646
nonmembership,24,513,de860d85c340f5beb95aa6f0949479eb89cac81dbd9796eae2a431027bfbf5cd,181646
nonmembership,24,514,fa11461b99cc3ecdf73d9b2159ae80f2127b0702bdc606a4b4f622f53a962ce6,181646
nonmembership,24,515,1ecb67f3b24d624b43da4b9b6e3746db5992561b4dddbde12a641af7bb59c231,181646
nonmembership,24,516,a3eb44d090e5939278bd2b2a29582c06195712a55cd129176f44570d2306bb8e,181646
nonmembership,24,517,65d6ccc855a90bb7746529b0c906d605bf213cdbb53456433dafe2cc948ddb6f,181646
nonmembership,24,518,b6bf143c42fece13f05c053e33cf26ca5cb543c1182a98884e0747eea7083a1c,181646
nonmembership,24,519,bdeabc084a25b2f797f58765b3f369da7e66f1e6ad65ef93ab3b112210fa7efd,181646
nonmembership,24,520,3b3ebcea7eed8886c0f1c7ee69b7cfa5cb9c5e0aad32998882dc42b737a97b76,181646
nonmembership,24,521,346c1feee1a7a326a8c4069d426958c4b47982e717e4df027873a2a375ee1e53,181646
nonmembership,24,522,feb53b75cc2c4732a8725fa55c550974b5087b80fc22b2475b734834747d786c,181646
nonmembership,24,523,44048fff3e9bd5b59fdb79c1464f10d73dad0eff95c6387f126003b43205f957,181646
nonmembership,24,524,359dd834b4724b0e0bbcfed25abc4fa8890d2088cb05a184955988c8ab0010ca,181646
nonmembership,24,525,dc13abc4a5f941a808cde3adde4fdfd8faea4071757b290c4d070862c7b55c44,181646
nonmembership,24,526,88b47732bc9b87dfd3811bab93c67704d6855e9bccadabac9b91caf8b4af8962,181646
nonmembership,24,527,768e092f3adefa2c091678131bf8a1bd5e1a5e982f0bb0e2105af385769d7be9,181646
nonmembership,24,528,c24eaed6287048a87c04cde77a072fbd4451383487c524530bd3f00ca93506a3,181646
nonmembership,24,529,351560c396183de93af6b64b36e914a16bd1a0eff925b4a12027f26a93bbdefa,181646
nonmembership,24,530,34809d0efe20b2030d23bff76ae60ed2b4bf6cbdda21ad35d7fa561632178888,181646
nonmembership,24,531,83e6be76c75400ce243a60c3df75beb793808a2d8610fd2fa37f308c0545c620,181646
nonmembership,24,532,477e644a5272c03c65f69eac24b4bf7e3c244c3e37e0e3ac66ca720e059dc653,181646
nonmembership,24,533,d09fe5d0d7c69557096c1251db3c28e86f583346d72c634f4ee1b82cfbba35ba,181646
nonmembership,24,534,f541426a930a7c23b14c397b3926be3b05545c01dbc8abc5628b10b789c8d46b,181646
nonmembership,24,535,2ca8616858a38dfa56b83406e4753c84b75f7ee6cc5fb43b4b44ba2614befbbc,181646
nonmembership,24,536,9777cf710d78f40d03adde3ab46d9a74e61a4bb52ff526e23efa24fd29187ed6,181646
nonmembership,24,537,76e675a0c0f0e557e08561efe59d2648c72f39237e2f1ebf09096aa8d005a1f4,181646
nonmembership,24,538,3096bf3507edb27683d16228a50970085c29a21855e50dc70f1ecad0a2047f57,181646
nonmembership,24,539,3b74fdbee20a0938a02d8b371e0cb6845b0cddb0aa29ea4abb5c63012e50c864,181646
nonmembership,24,540,594c639ae45fd82c5278a9e604fef4fcfe482a86a088b01554b748e68c9a87b7,181646
nonmembership,24,541,0f45baf12a2ddab39a159bb8f4734764711e6d7cafa4bfb3a4bc465bf28545be,181646
nonmembership,24,542,5836cf8130ed186610cd9df30198b300a71a8ad5ffc696ab31a3198b401bd9e3,181646
nonmembership,24,543,201df776b13cc967306959c32c8f0732af1cb8af4067ef64c39ffbba3658e109,181646
nonmembership,24,544,01fa319bcf0d8b56f36ab78b8c1bc94a08193ad0b8acf6efb76f86f300c10b2c,181646
nonmembership,24,545,623fee68eef40434235fdbfbaa569bcd9d4392e50a71bc873edff8353f02b1a9,181646
nonmembership,24,546,d527fcfa908807de83d0f10285f15255d6edd0a366598938564b7c2ac555eadd,181646
nonmembership,24,547,695e791845f045761985f8e37bde064b0fcc97339254ca53c88655ad5155024d,181646
nonmembership,24,548,0c6adb1780fbcb88c31332851914a842ad1c963ac2ec41267a2c875b5382f992,181646
nonmembership,24,549,dd129c1d437bb49ec914537656dfe7c8695c063cb8974903c8ff8bc9f423975c,181646
nonmembership,24,550,1ec629ae1a6d1bb691b35a7e33f6a70fcef52036ec0b6403fc155167a4df21fc,181646
nonmembership,24,551,f155ea92256b6ca3cced9f943bd1f92bff032f7b85cc13ce874ab98d85f61358,181646
nonmembership,24,552,2021446ab41c085b54e409a22444142c19f33b985a74513fed7e5443a933c577,181646
nonmembership,24,553,f1a476e77b47c34782c3ed19113eefee3af050567827ea973ce8d4bd35d6baa2,181646
nonmembership,24,554,572cc4bcaa5ab712e11bd0cf58d7d91e2d7953713967d9c96e3ef223098e4caf,181646
nonmembership,24,555,e16be7f2d98348bc9738a3752d48bfcfad749272d2cf1282e4019ab24d1a8d02,181646
nonmembership,24,556,623d3c690f79d893232dfe024d321b230719d9254cc39071d81d174c596659d0,181646
nonmembership,24,557,bdb2be7bff6397f73b76481400857b257c7a222e01c1d5cc0264845c706cb3f1,181646
nonmembership,24,558,2594ab57bf629b4d238218ea3299abed82af5949db2f3cce7a16dd5db250333e,181646
nonmembership,24,559,405c1e9997c5af8f0607bade8320824dc84d6936ff6dc42eb710f78abf8e1dc4,181646
nonmembership,24,560,aa7241bbbf6934aca4ff6b93c71e6379ae48001380c035480ae538f2f9a7ba3c,181646
nonmembership,24,561,9fba496b6028261eb4d2ebdcc4f526f3297bf864b2d9753c1c7ebb5f4c6848b5,181646
nonmembership,24,562,2f25d1d6662541f7dffb5300af7d4c8115c68ea037919dfffe4b57fab431dfb8,181646
nonmembership,24,563,a2642b1528e50eaca2056a422bbb60c6fde98d4e8455ab2ee65f98777bdcf74e,181646
nonmembership,24,564,6b1ccd96844a18865076519c10417c6cbbb8e8bb12a5fbca24aa7f0a78e01ccf,181646
nonmembership,24,565,2b8d4f3f9e3b44f031df504fc663eccafd7fc115342dc9436906016bd44e7919,181646
nonmembership,24,566,e3d9939a3b0966a03096a909d334945bf9d79d3081892157e561578bb9decc41,181646
nonmembership,24,567,7ec155fc84e5da37ce7ac9e424e112318f8f570b53ba17d3bfc3174a35b26dc4,181646
nonmembership,24,568,fe40464c749a1ce0ccc054ffc68877c79428dfbf2a68b19e3d72e30f24262014,181646
nonmembership,24,569,d8f9a2383f2ad388ab337762ca8a2be7c37df9519102d7f1336bfd585b3791f5,181646
nonmembership,24,570,687e8ad56b12a51ae81784a3c2edf5e6d55d023a7c62b752bb4f7c579b84a6b6,181646
nonmembership,24,571,99ed1b06ef559b68337e7779160ec479aa147a17180d98ea01680b1b0797ee73,181646
nonmembership,24,572,686da1052d54b69f6274c580087d90f5d56c3484dba65ea4b2627dc98427916d,181646
nonmembership,24,573,c334a29129bcce7261e6e9c75cadc6cc32b5b7c2391a12ce6b4faf7b3cc70042,181646
nonmembership,24,574,228e2897d4442d533d9e7deae532eaf10e036c9f63bcc642d133d81c4957ff82,181646
nonmembership,24,575,fc1f1ca70c0b49f6b31289c18ad2bab2576e62eeddcb3f46083a0de800020195,181646
nonmembership,24,576,357fc1a2862a072998061eef46f316feca7cb04c9537b26c807190dce2ecf6e0,181646
nonmembership,24,577,3e5436f729a3c62dc2ef0ec24c9025b4fbb87b9e47312bb60c86629b008e8abd,181646
nonmembership,24,578,c111e4950d30a7368e11c2f9513d52eab64f1a783c5740513f37f3cf182c18d5,181646
nonmembership,24,579,9eb07ee4b5ec7f59c76aa7b93f3cdb29e830a83f307c0a5cc9ed23ec1bc1fc21,181646
nonmembership,24,580,0a85b6db240fd9ab3cd0d08d1cd9e1ab52823f2e9ff9403e12578239cd5d8358,181646
nonmembership,24,581,a9598264c76ea3a578482d48dd94a75420202990c2a9daaf2d2bb0e189aff71c,181646
nonmembership,24,582,058114e59a4aa63478e96331f3ae3567762d69aa1eee7e0e35dd50e8bf29156f,181646
nonmembership,24,583,fe3b7f7c174db7d746b1c6b4bc04bac603af042c65abf190a1725afbd2afe6dd,181646
nonmembership,24,584,3d0d734ae834920f28fd4cdaf7cb37f2884d885f2ea186f3b63289e315cd5545,181646
nonmembership,24,585,a6ecd4d89017c84d0c5da77c6b277b7c04627578785c8642f7a13fdf0a279a9a,181646
nonmembership,24,586,5982f8bbdb11d797498d25fd71c4f38cfb545ddbb3f0a1c12d272b443ae20ee7,181646
nonmembership,24,587,42da9ce77f2ce2bf0f56065d0417c2e8cbc8cb52ab9a0f0c2716fd2c06d52b72,181646
nonmembership,24,588,1098fc7a6bdfbecfdb32c967b5a6504ffb1f9ed781d09433b7260eeab5918635,181646
nonmembership,24,589,26864e93bc09be14a126e9134be3b676ef4a93cb697a148cf72bc5af89c49ec4,181646
nonmembership,24,590,6efff29622047500ac3b0758d46b213bc517e411e794c578d778be5e3a15024e,181646
nonmembership,24,591,96f372396661ab3e8d043d8e6bd25cd1cf5e83e9d0f7b143d8d6f3780c17dc91,181646
nonmembership,24,592,2b768b304a4ab507205209baf355974e44b4f8abff418c1bde06268caefe92d5,181646
nonmembership,24,593,5bd6a3f9e88c3eb951552d652275ef8a8154f0b58e65e522c9de183500a0f75a,181646
nonmembership,24,594,d4df7ed5f70ab507795369576ffd165901249bb9c66a198bce79a4cf1a906fe1,181646
nonmembership,24,595,05e33a0f6478ca552092fd9fc09a1f5f7e16e3fb3217d85573dba96e736d7d15,181646
nonmembership,24,596,f7fee9b2d77102dd692e4d1b3d0050716fddcfaffea89a80105ad0a7268a90bc,181646
nonmembership,24,597,c3cfbd608bd11ef8e43bf5d4a14de509b9bdec29baaa24c11aed5bb4c497bd2c,181646
nonmembership,24,598,16189bc06ada2cbda5c7fee8865e1c4683815fd25854c6e6d37dd2362764b64c,181646
nonmembership,24,599,ba1272c5040820b97d2a3d71982b7586c4c8574d91ec39839eea77cb6e20a864,181646
nonmembership,24,600,ff776f8a2faf8e80be66340c64a864ff415fa87bd4b10e2f50894390bae5cd39,181646
nonmembership,24,601,dc4373bddc4805fc15b16334031bd7d76aa9b09a2a7bdb53c62b2680b6d9f1a0,181646
nonmembership,24,602,e8ac6d6d740d2a3999dae018ebb5cf901ff1c9eef7041a86087adf6adec45fee,181646
nonmembership,24,603,0b1af4b7a5637babfe35d729dd58c65700799ff809d303d7b0100df897f784f9,181646
nonmembership,24,604,668b1e7df697dbcaef11a5c9e9af6af559a0d1e36f156461a733620cd557fc50,181646
nonmembership,24,605,f222b350d1b348f61227cdd011bd317b79c3008276f5caae22b7a3f413286972,181646
nonmembership,24,606,d20de09289fc557a16adf85513c0bb458aa819831882cd0ea6fd4289ff66a87f,181646
nonmembership,24,607,837d044f5b3eb76cc9440c9c3710c3c0eaf5888fbca93d84806fe42a983281ea,181646
nonmembership,24,608,8dcafb1823b573ea5f10d387b7295c51287da6dc834cc5be0bf2268f34c2709a,181646
nonmembership,24,609,acc82ad9dc7039392e5a726c24344b7fca3e53c403f0f922e784990721e67fd6,181646
nonmembership,24,610,16c79f566249d941e1bc03ee291daa22e7ba4f1f8f304bef39301dcf37059e72,181646
nonmembership,24,611,f3dab2c33b0bfcb6a4f2e88311f2529c43243a26185a8c73b353b34455d14ed3,181646
nonmembership,24,612,943eb16ede8de1a9e1844607a9cbddb6e292d5033abe0da3a28046e7db6c7cb2,181646
nonmembership,24,613,0dc5c155dc320c237e346e3d9c93861a8b3b11206326486697b1f8e0afe42df6,181646
nonmembership,24,614,ac561aaf24a2c2273d479153d3506e6adedd35ac15fee18a62224df8fdf3b63c,181646
nonmembership,24,615,f64466ef8e8b324b1f1d8f40dc15d1105c4b8fcb04222a0e6459ea6d33085df2,181646
nonmembership,24,616,c942df727c207d3be7e62e54447ba98806016a43901881f0ddc5c5d9fc2cf350,181646
nonmembership,24,617,8e05ae747b3c7787955bc1260e5c7680f946aa62cd5fa380e62db56bac49b259,181646
nonmembership,24,618,3c20a089265620739340a5c8cd5f2844d9edc9893c1c5fa76aecab79e48442da,181646
nonmembership,24,619,6a5dabef75f18fbd4c0c0dc24b3355c20f235bfcfd591dedfc5f621984480baf,181646
nonmembership,24,620,254bdf7be556af0272e7ffe4b267499c565c92acb3ff441cc6b70d7e1c18b430,181646
nonmembership,24,621,2312490052efcc7495b9bc276a323ecac2739816348eaa221077826a2cb4a7a1,181646
nonmembership,24,622,bb133c40ddcb07ab42a29252e30ec1b369d20e793e64df410c93537cdf50a423,181646
nonmembership,24,623,0590b20748e64a38a0b70ce0fa1fa92214ab972c08be70895bd1082aeedb7e0d,181646
nonmembership,24,624,53f281636a5b7395905299e0d41d4415791c28223a4800c7eab7a5a479ef184e,181646
nonmembership,24,625,3795456f47262ded2436c58c56b658f4c199f0b631650fe7fb5decf20dfca60a,181646
nonmembership,24,626,55e2db938dc812f8a1ad31a59d142983de4ec4875f2de590b2be23d1b99d9ee1,181646
nonmembership,24,627,c9c063a59b5ec5993c10275d529886e55ad05645abf13466c5ec31fcc48abecd,181646
nonmembership,24,628,9834402a9e8fd91ee6654050a29b7ba5a66b535c082808154eebb9083efa3c65,181646
nonmembership,24,629,d8c170083bccc313921bb9ad012fbb707bdca5524ccfd751e44dc193e07e7fa4,181646
nonmembership,24,630,3b0c1b6ba1daacb0d70eb40ed152ad6e3a919d19adbf033de08161c75a65515c,181646
nonmembership,24,631,df21cd384b185c57e8d925e80f102d52d498223a2458b3ff1608af1bf63c626c,181646
nonmembership,24,632,2a7ba52909081ff7c55e873cbbdda67152f9298b87ef2f4a18a16b378af9bd06,181646
nonmembership,24,633,afadc8e18d09e29ab5d821b58ec7b7b653f9754f5759829c46447c45b0414123,181646
nonmembership,24,634,347a54e0bb0263088422b21c157f9d69bdbfe7339ef4eec24e398eccbf22a6d5,181646
nonmembership,24,635,9c22b2b41183ecb7330e97e32b5cd2869b734ead1fd56f6b14188b81f8a6d65d,181646
nonmembership,24,636,2b420bf92adb7f3398f0bc58efe8f0893dc102b0bc328a6df8019905235f2e13,181646
nonmembership,24,637,64866a5eca155bf798df16c03bfad264f63b22a0b954959591a6273c40e3ec30,181646
nonmembership,24,638,61452e3a4f5536244ba71c62202902befcd17e300a5f29f238a15157988d7777,181646
nonmembership,24,639,5141f7ccb802ffa429d0650f0775867cd981641ae45cb1fd8ee62a1e1a3e56ce,181646
nonmembership,24,640,513684ab0da92ad36ecb555250008accd687cafbb6deb4acb333b9e63cd6f7b5,181646
nonmembership,24,641,e70e70abdafaa67b4b0e3dbb7cd77eb94ae2fa966a4a99c987543afb44580a21,181646
nonmembership,24,642,dbfb7f2c6bc5e6572fcec122779006ae0141ffdbe4f9bd804a6ef480b5c57232,181646
nonmembership,24,643,ac207fb05898d7e6817e14e8835ec6e46faaf431e57750761affee7deb618559,181646
nonmembership,24,644,52422256c4e35062998221c3953d8a3952cce3375b7154d627d7e73202b6c313,181646
nonmembership,24,645,293d36ef084ae65811ca76ff0bc85ce7bee62dc02237f41c4515d5f056b2cfa1,181646
nonmembership,24,646,3c1ad1f86851bca33d5977b8e35796ef7ee10dbcd25f29be463f678ba7c33c51,181646
nonmembership,24,647,4e252e081065a4c40ab4d423e2a77bec83a300dee06defa725e3ce3e38a22439,181646
nonmembership,24,648,0e3e867bff64f0f92ca3ab4c2c4aa7153d35f4be8f81bd8ceca3abf72aac2d08,181646
nonmembership,24,649,9fa54dd931da5159c421e84242a998fae4927288b92e1f1d53766e0acab30460,181646
nonmembership,24,650,ce14c1b97aa26982091b7648c548f437b8fcf3eaf70bdb5758a1ef720478d315,181646
nonmembership,24,651,7a7fabe11b3c5f0671b56134832a2aabab72c65e9028c47ab8f91d516c23456a,181646
nonmembership,24,652,654377302a15b5343171659bf15a4631d38e284eb02e50773f009ab9cdb6c434,181646
nonmembership,24,653,9cdc2823e02be928c9b4b7c4ff6baa07ad6efabab30c291e26d77d154ddd096a,181646
nonmembership,24,654,148169b4ab5132269f2bd65261578011525c394f4776528a15a803d32d0ad13c,181646
nonmembership,24,655,cf909b1d9601c8e6dd72bc99e9d822d3e707e9884b7171155b4dba03ede232a9,181646
nonmembership,24,656,8e7922a958228c10ee2304dad365add2e8eca37518e7d707f02f39ba2546e284,181646
nonmembership,24,657,022480347645b532b9bca0fd41afa76682e7f0d7c21207a9d27b03cbed97b162,181646
nonmembership,24,658,59d5e38333a8a6c2dd258823528708aa63d28e2aac2fbafd95f4bca49136aa11,181646
nonmembership,24,659,124e3ec6b88926eb50fa8ed82e09cc86749be45894e0e53562a8f8676917f8c9,181646
nonmembership,24,660,662f732d64a94925a9c4a17eaa8dd348adb86291ec3a59291c3c4cf4794a410f,181646
nonmembership,24,661,06cf227f07ed12947fa9fdfa097aaf5c183c6f26a32c9eb6104277cf1943451b,181646
nonmembership,24,662,72ee89a3267f88644063281eeebab2b48949e7b52bd537c905f0b0d2517d43cf,181646
nonmembership,24,663,38b84ecf4c0f3acd2885f5fd058a84b406ccd46447880b428cc5c0e339443e5f,181646
nonmembership,24,664,434f9ff46fc9abb44b645f8f5c3d85189ef7b5d10fccdb779c8333bd730578b5,181646
nonmembership,24,665,90289bd7e2d99e2340c7a7b6121a7243295378e9a64155f6116ee056edfde2f8,181646
nonmembership,24,666,f4209b691cf9d94731f9283ddf6c48a0239a8ae706dd62e9849c13cb30412557,181646
nonmembership,24,667,dd540ecaac3c7fbafa9518afb558e88e15123e4fbb56146e3d6d4f84f6de99f9,181646
nonmembership,24,668,58588e023a2cd391a608c02d3a8a4c85fb654e5743d0c2c2123bf4ea0698f893,181646
nonmembership,24,669,bd6a0a83b2a74e3b17ed2c617ae06d90ffea8281ac9a0ad567e7f203904d6a9c,181646
nonmembership,24,670,81f42988e0a7bb1902c57bb04ad62357774e11db249c35fabff309388671a060,181646
nonmembership,24,671,ca34d579cf5cf97875131f1d01929e1923d99bae183c866d17422d417e838aeb,181646
nonmembership,24,672,bcc0c404a1affb625b53edd38675b21eeb37458de0af28270ffcbebdf713f4d2,181646
nonmembership,24,673,089ed38ea721a2402fe16371423b1b18102a6e426100c47d3212aa1e0b9ec741,181646
nonmembership,24,674,3e4419cb751c35dd36fd3ad2f655c122f14233d976b3ca79f1ce19d14330d6bf,181646
nonmembership,24,675,1a35b85908583fb14b7abebf28167132add217e3fc1e7fe26ba093ebf5cd49a1,181646
nonmembership,24,676,acc48a8e167f5e2b466b0311653b6595974244d293718153cee9f2f091197085,181646
nonmembership,24,677,e8759bf15f5b81370c6991075befffdd50e17a2d8c4ef0d60f4c194701339245,181646
nonmembership,24,678,028fa38016f82d4d34ed3f048bccf6d1329e8e7078c7bf3821781323a0093cb3,181646
nonmembership,24,679,b70e9cdaad8c1e12f7ce2f4faff915397284683f35b5565b0c74bff0635d0cbe,181646
nonmembership,24,680,ea715d5dfc29ed274f840281ccee29a82db7f03003b0aad8586554e56266556b,181646
nonmembership,24,681,a1c465cb9cd467f5bceec864d2d04c9280e3bee692f9ffccda301bb6d0fd24c0,181646
nonmembership,24,682,6cb455a1059231589f1d5eacbfcac69aba6e767af48b78374ceb84cdbb7235a7,181646
nonmembership,24,683,b75896168c25d10a52610cb956751714ac026ad8fbc52c217530844062890884,181646
nonmembership,24,684,ba1113e833cd05f607dae1e0034e421c2313e47fbe96e33c48e92396448d9556,181646
nonmembership,24,685,51d9d582928deb7105ed1933b5e5628ab11a021192f596241f9b075f6162d5f6,181646
nonmembership,24,686,ea4dfd8561f7cffa3f0a45b59dd026aade5c25595d7a24ab9f2ba10fb672a7d4,181646
nonmembership,24,687,21137a82f804db760cc25e7fc84eda1e54e7a1f9ba955bea9b3a87ebb8d2668a,181646
nonmembership,24,688,f5c4f701fd48040e052bb6223eeb3fa12fe990cd08cecf6664204c777b603d63,181646
nonmembership,24,689,872e79c8d4471baa56c3d63d171cc410f07075851e358faf05004be509159fff,181646
nonmembership,24,690,aac34d8b64cd4f047a354155e9d1f9559f88f6de6ac62e0877521c33cb752ac4,181646
nonmembership,24,691,6cc85e89737caf9f567a95f2b953916e358598f0bd9290a196bd432d2e1c7fac,181646
nonmembership,24,692,1fb078745f59d2bd55fee2d7c6052fb99fd399955933a88ee4514ae59f76bacb,181646
nonmembership,24,693,2df66c2d79c7ecfc8b252ff80c0d9af3bf8cc9a87c5514605ebd63250b42c2fb,181646
nonmembership,24,694,3b39ad8489f68c515bb439761ce32796c6d9c74506920da47904134c3f802453,181646
nonmembership,24,695,7a0b3befe8e47c894e87333f561feba9a180cbb51a7263075f3f2657add65256,181646
nonmembership,24,696,b886cde7f31ce616b93e9f76573bb4d2be6ad0ae57b50dc47efb94469b7ed45d,181646
nonmembership,24,697,72b22fd3051a5f28d1e59525ce8a09ce4324f05090e4e3e5da4db84e476e7615,181646
nonmembership,24,698,09a2aa3b46b0b37310a0f772ea224c279f84e180891d603ea7d5bad5b90b5643,181646
nonmembership,24,699,8a34cd2cb89ee41d6ff4a1eef982ff2b4db1c2bd9a3f771aff3c235bdf13f315,181646
nonmembership,24,700,0faa81327f101d19759e5fa1105594083bcdd967e501fa4b03a6a1a8c51c1180,181646
nonmembership,24,701,6f39e723224d6ee2782e33d03b272ecfa397e329d09e5ae6799a56466ab088ec,181646
nonmembership,24,702,80a7db59b5ce8d9d6faa1b2198945775a9bb679f8f6aaa21c7296297372536cf,181646
nonmembership,24,703,403d7ba52a9ab267fd1b1e285334602e894f08cf79088ba21f72e0761b92fe06,181646
nonmembership,24,704,0d0a275ae424bbf6288ac5e251e6a6cb225fb6619bb0ccf1e9e34be5de232611,181646
nonmembership,24,705,c65b7b9a58dd2fda193a31dd9039892aad92a64fd876b8d2c41009079418e150,181646
nonmembership,24,706,bdd07545697420f4951c44e19b04ed6b7acf96c40bcbfbacf4eebdba1716b0e1,181646
nonmembership,24,707,67260c735a80202a4a58282e3601c28ef67fe6fa481eec70cc2a4f77b8f6af98,181646
nonmembership,24,708,d773746ec253eb3979f051abfe1d0d3f03f6816ac44a7b40ef38bb1be5ddd4b3,181646
nonmembership,24,709,719fcc41566fdf32be4cfad1dafc077ef8f2f99f003d6a54c9de75ae45a28c92,181646
nonmembership,24,710,8c9ad344df23c8a6068172f6c6c9243cfa8f5d5f521688921864d148d3015dd5,181646
nonmembership,24,711,b8b2b9da6b898d0d6e7942423aa6f5483b36aa43280cffb30cf3d54247ecef7f,181646
nonmembership,24,712,36955b13180cb64d4d88a6a09804f3e5e4bca373f546ebbe1c6ba52713f35cad,181646
nonmembership,24,713,aa20af38fef48eeb60f60ca26f1c093589d5d88485b550a64a065ab773ac26ce,181646
nonmembership,24,714,aeedfaf73608eaa176bfbfecd45cef3fe42ef4e59030852cbf8e1d042e8c2a33,181646
nonmembership,24,715,ffd8cc286a501c82576420bdc6d2d62cf031352b9cb7662e3db3ea68a3377f20,181646
nonmembership,24,716,df4d0a279d7a3df22607b9eafac0d13ed1d5cdde876a75f2ceb5c59d5307b635,181646
nonmembership,24,717,afeb35923f387796026f3f20e514c8ac7763876c6d7821a47c1f8c6a72a3acf6,181646
nonmembership,24,718,8b1b0dd9c1e28dfdc8bac506ae6c534d77288e791932e7bab84e5e84d61ee8b4,181646
nonmembership,24,719,d23875cb86e34f30ee0be7c0de8afa219c2f63307026b39db2e66bc479b7f322,181646
nonmembership,24,720,0b3bdc98014a22fdd4935eba215e47998d0d3962bee0027a1e0c97444e8a370f,181646
nonmembership,24,721,6c368e623675a36502037c0aa0d9588a4bd468bd953d9798d2532dffb1ed4466,181646
nonmembership,24,722,b0424b363355fdf418bfb985c0c767fd30d98f5a2fd765547e4939705908d476,181646
nonmembership,24,723,42eb24c3378c540311fa80809d739ec0f3ebeb952e4cb9f2f113f37a044eba26,181646
nonmembership,24,724,1666184754bacce17b17fe9f9b75f72ad2a6db39d3ef590bedce71adb0b2dff9,181646
nonmembership,24,725,e659109fe24787a8e6274f33b00db9fc9e7a29e3f4a420549f75435370897493,181646
nonmembership,24,726,0ccb19e642e36648279e29b4c69a4498da1dd4763d5df45fe4ad5769c16cf0c0,181646
nonmembership,24,727,acc8bb6f66642acfcbcde042ff45a79634e03c6dfb08261ba3f00b1123b6c1e9,181646
nonmembership,24,728,c21b3da2f2b2026c4731e92e484f3264c76050809a312f37452f828cfcfa3eef,181646
nonmembership,24,729,862809e28ceba77b5b8766911840adb6d39f0480491b3c554623322fbefdd8b0,181646
nonmembership,24,730,5001e7789072d1400c5640d63f58d3cff15b8615c4024642aac1c75ae755958a,181646
nonmembership,24,731,0cc1bd8ef07eec2d6c101ea062643d01f0692cf20df57509134fa15cbbfd2d08,181646
nonmembership,24,732,434fcc6dbd51d765b2549f644f4c873cd530f540904f6144cb0392cc0f6a193c,181646
nonmembership,24,733,a53362882fdefbfac76cfd37e4467aa0a1e11acc0fd4575ad83820ade6b98713,181646
nonmembership,24,734,9e69fc0ab44c19d610f4a99c8c087682b63c8bd29aadfbc800745d5e6c157e61,181646
nonmembership,24,735,5e45317f4ff6ccb36fb8440c8a0f4e43e9b0fd80d426a6ddde823449427c16a0,181646
nonmembership,24,736,34d012d6c4087e2575dd9bfefcc5e8575fae056ab44913ecbdaf1853ea0a8753,181646
nonmembership,24,737,b10858481871d8380c499caaa4f3e235bc17a3a66caad2ce72b819fb8fef6c3e,181646
nonmembership,24,738,0928d5069ede582a21ec239e7b5ed2602488c4c82b1ef721ef07e14f1ecb48d7,181646
nonmembership,24,739,e09055eaf8b19e2416892b688c5b0fa6353b250161126b2c1bf017f725457c8b,181646
nonmembership,24,740,e473b115e9e009e28cb02379254a325fc35fa311c7c64fe24ec99ac05f42fb86,181646
nonmembership,24,741,03364e74100c897b144d227a0d83b4c0461cd165c2fe967714af508d1880dbe2,181646
nonmembership,24,742,b28098776eb44a1dfd49bd45a879d32c801d2a025720030de785330dfc41699b,181646
nonmembership,24,743,6f750fc70c0f7142d6fe729b3d974104e158e47fa78caefea2045bba85749826,181646
nonmembership,24,744,df94ce1df281444615d7424389ff83ffc95a1e59ad03ff094e855eff61b1182b,181646
nonmembership,24,745,1b7ef08df17152819ae9b4a1a7750986186a780abaa9934d360baf186a603e9b,181646
nonmembership,24,746,3c4d7bc790e599c02707db022fdf3870407402b1bcbe8f5330d4d7bb60563ebb,181646
nonmembership,24,747,9fbbdcf67c7360ae58cb17e9af0b9638fcd6b58df3431e15c7ff0798a149f250,181646
nonmembership,24,748,e2249bca4486b3326dbc658468c3b63d5278e7ea449c3fda2ec44dfe8ae5e686,181646
nonmembership,24,749,0ae8ff6b6240d90d820cf7fc90c6c88361df315cb41aecf5573a4b1520197a9c,181646
nonmembership,24,750,5e8cf3fc96acd5353b3f57931f5d0c7e7d9baf66c92ed464153dc08ae8f0be0d,181646
nonmembership,24,751,d128a490b4f96a72be43ac523086f6e3eae8190660dbd8f1ee817be6f0aeb963,181646
nonmembership,24,752,e1a40fa8c31c15159a638f711bf5c504f9e0c626237a0fcc889aea4ef7ba3a6f,181646
nonmembership,24,753,e49730dac6a07c79a3e35ce3c8078a43357488d534cb6bddb7cba36e17528f54,181646
nonmembership,24,754,e62ba5140c343e2805807b006289b6bf27d00b8b5209b85685bae8cdea9901e1,181646
nonmembership,24,755,c23025a770543e816edcc8300604c3bd14f1aad0732a1639178a462c6bed7930,181646
nonmembership,24,756,babca3447adc7ad1b87ba007c84a71c4e307794851434a8b22785e2c2eede45f,181646
nonmembership,24,757,610e9491b0abbeed20853560cdecdd6211f411b1f1502e78239e9fb32f901c27,181646
nonmembership,24,758,27e5a0862867c003645ef3e2f26e0c7f939e092a616bef22979bacde2033da64,181646
nonmembership,24,759,f88bfa6fa9682ee5b69807e0de296f5d6dc2c7f69d347b62d4efd5fd04901a86,181646
nonmembership,24,760,25135b6a44c26c65906e4ec7eb659d5b9895e3c87831232af4a3930bac5c3ad9,181646
nonmembership,24,761,483783ee48bad4f1fff14eee937fba058fc106a535bec2a9c10d3f5a8c25f9c9,181646
nonmembership,24,762,7552f14e9e5d8a978e62fe8a4af481c82177fc7651e021cb30317b420d995e56,181646
nonmembership,24,763,3d786359ae51261f843174299bbdd85f45f17fcd6160ced42f611a905012252b,181646
nonmembership,24,764,f64a39bb6e0e6b674a4f89523d08528c5cdb775913b8a50feaf5dc6c99a6b46d,181646
nonmembership,24,765,cfcec73cecb3099351af37dec1131574c963fea9faf434be81e653d203f600e3,181646
nonmembership,24,766,33dbe4b0a8f29887e8c5aee3d4f2c197af6dadbc6f67cf3483dbb23203bcad2a,181646
nonmembership,24,767,45401b0cb71a5671e24d74d99d54b9bdd69101037e41b1d1474e333ac7932bf3,181646
update,24,0,787f656ae74eaaa63c28a8fb7890a74a9e71c3d53773f69967fda87b46f5628c,186992
update,24,1,943a68d4dccfcf9351cdf21c9f485a76b11a22d77e7f3d31a7ec663b71008f43,186992
update,24,2,64ae40f88f059f4c88a3d889a76580f3286bc4ebb4ed4c665b6b56f0b819f8d2,186992
update,24,3,96b04d91231625bfc1f1a1fdb10e1e8619fe20f795ecea29e4f45d4d95956672,186992
update,24,4,850b029ed41cec8753a826157d4ec9a1ae4cdf313e01ffc42ac54c249fe22666,186992
update,24,5,6d75786093c01112625d15a68c92d551f002ac91a75fca7721f5330c211359da,186992
update,24,6,827f78a60217c39926fab2ff3256d2f3f4a066ef249e9dbcfc9b5c2db649c60e,186992
update,24,7,cf72cdfa539338595f6243f9829ed17e750c62ab9c8dd5ed8fe9856d7fabfebd,186992
update,24,8,e03a14107e382b1d4867b108bc231fb5f4edde236c7a0dd326430717db97e117,186992
update,24,9,390660df4a3458f3405acf1985c9ee4a4c00ee668f66b4bb9307dd669e68e203,186992
update,24,10,044430d498244aa442752e36b027f40ab82b681488bb2237f98facbe93e10519,186992
update,24,11,8b3bebce74dcaebfc2466e2774c06e3293471cd1e32b012cdeeeb25a21052a49,186992
update,24,12,967d1a3448ac5ae563b54527b284866e01526255010ef20b61e23ec9e0d2b188,186992
update,24,13,a1b237cbfc3921d59be6339f79c18863149b796f4ff105b83f05371165c5b204,186992
update,24,14,d506e6d665d1a9e7abd76e8c10ad91046f8e7c03a09409305facada6be48a3b9,186992
update,24,15,97a74988c468e8002a8e5abcbe11e5ce9c17210a025dfd2c121d712505a829c3,186992
update,24,16,b7182343b28885b8acf1003bf6f5205d8de6451edfe8bd6c0550ca18b8f0004e,186992
update,24,17,47f7903190730bd152a436a55590a11661cefdcd124d883fc2ff9f0874783876,186992
update,24,18,de2a9019fb5677ab425c9d3c9958fe6cf58614c7a27c5f5441912d1ed2ec03ff,186992
update,24,19,29a02448823c1ab53dc41622b8f9df663eabbf7e0be41e3e6d234e50bea8c2c8,186992
update,24,20,6021a11352f8532475ba6b2d06cbf668c9936275e3bd2213ffab402eadbf2e08,186992
update,24,21,8978ef799280c398c84e95e2325846f59c919cb6c06b2a71f070157258dee1fc,186992
update,24,22,83afe82055fd411783d631dfa9d9dc213bc39c1f8ac1dffcc00375cc76f4a0cf,186992
update,24,23,5cce403de23794c477d212f8411102c2672c7f4479c08d95eddba88c91c2379a,186992
update,24,24,3666f934202284626160e757d2daf714d37700e8c24641f3ce429621bda7987f,186992
update,24,25,848e63af4bbbe19f59b2b54906e6f59bc6caae603ef4540a18914be1786c57ca,186992
update,24,26,afd5a6e2e29f329d7f254fbb2fe69c712178ff4c7cf29e8c99e24ebfce291bf9,186992
update,24,27,b6bb905ad945feb880d5c1de8241875c815557101e44b2cfca23389c8bba357c,186992
update,24,28,26a6cbd8957d1caed188de22c5d95f0fc1da90520ef99bc21d2bcd2e19b48f1b,186992
update,24,29,324fa262bb9ecd607ab12b3b7e0bb9fe0df1c2579a08581d005e3b4cfbea07e8,186992
update,24,30,d89cce923d40fbe39cad92e512555f77247376ce1db1e79c03037bce819b4e66,186992
update,24,31,596aa8f99b995ca03bd0f3a8562a03add57c840bafa4ebcb63ed6a74b93b7720,186992
update,24,32,47f41e4809d05592b6b281cb1069835c796b99f61cf26d3642b8947ab55b651b,186992
update,24,33,5d55c15240c2ad482dedb4205fe088ecaa4d573f97feed706f4d4bc8fc6a537f,186992
update,24,34,fac9cdc8c1e0aa89becd9a58834257f2a7bb1e1cda8784136d6ffbbe2abaa0f7,186992
update,24,35,f8420ee1acb8753659814b8fb7025fff36a1c6a91aa13a2de6040e160821892b,186992
update,24,36,92d40be4935f5a586721dae0d0ac2d1c42caa1fa678934cac3ed822c7f7802ca,186992
update,24,37,c4650970d4b06becb622f84f9102c13b82167fc8231bed445e27b4583dbf3d91,186992
update,24,38,696e24ecaf555205cf5cacade5a565484f62c51c96c1bc67438dc4bfc8a71d57,186992
update,24,39,ca39530964983f047b7368a869eecdde1340678258001fa60cafd84e174c9798,186992
update,24,40,15082a35beb38799ff6b6e512af30ac15cc06ad8ac5ed05d9d93b1e75b6a280b,186992
update,24,41,a2eef3421f4efda1ee3c2dab3be2f81af78cb4531458b635421304ba7214702c,186992
update,24,42,c6b45f3b53ce901b480fdf192579fe05ad5d2823dcdc2c9782af809cddff4fed,186992
update,24,43,d22b7519c3a2d3370d99f6c50eacba25d918e45dca96f7cddcd39b6fcea131bf,186992
update,24,44,881773c424ecbdba174714155a0ea101ec426538b61f94e2a879f5425b2f91e8,186992
update,24,45,34a23b4bf316d83eed82c48f0b18292961e2a1532398f0a250bd217c939fb77c,186992
update,24,46,f43f2ab2add8d4b72cd915e30d3d7d2a95d7ca4c4735b8692d422e19ecc47a15,186992
update,24,47,53f493025e1dbbf743b6557baa6c4abaa62ae7ec6f77f4fe85ae28d95344eaf1,186992
update,24,48,fcfc3518463fec93c654a71aca30302d5db8b3da91c8194cbc48b4e52a245ea3,186992
update,24,49,810337e1ddbeeb8b311e4ec5d1da8bcd8099c8df82e2ad650adcc19ddccf52ef,186992
update,24,50,602b333709c44a20ac428b752035570a73f2a6a2d298e7bd17e233cb46a89ab8,186992
update,24,51,23519579328fe78133abd0656cb1486a3c937f3fd1f512ceaa5b02e34a470a9e,186992
update,24,52,d72fca3ca0ec3e0cf76cace7760dc1f6e4dbcd476c9a076df6373f1556d60169,186992
update,24,53,578c92c1befce6137c61994454d4f0a1120bd36cb4585b69822baa2f0ae5125a,186992
update,24,54,5fcbfa32803230d2636ba5ffe9f6f1ce0a0600438c5ca6e28919481d022fd707,186992
update,24,55,b1b23a564a080e1498636f8674d46ca25262cb8b719bbf30380ec7582f256ccf,186992
update,24,56,289418b5d03c0cd7d463878b53c355d4a1d797eb2d4abd6ae5782199107f1101,186992
update,24,57,278324905a1d5f527fccc589c1ec746cdf79da836f65f8dbcfd261c5163e1f3d,186992
update,24,58,df9b401c2bdabbe686fec929842a237fec61e0182770be94c97ac1b87682a869,186992
update,24,59,1204463c282962b2e6ea3a7ba3314f4b5118d2c25d2707120b066605b917aeeb,186992
update,24,60,d412e7ee203946a82d7ba59346d2ce9f722c642b24506d67237625f9b6765a90,186992
update,24,61,ff43221097febd50691697d50e2a7f2a175a32ba6fb8b0c59bbfab1b3c441c3c,186992
update,24,62,56aa6d5400d3ac0615d897adacaab231a772c28b180ce2eb510ed8a85a3ef054,186992
update,24,63,7cb494314826738e1a83077be666a3e446ca83825aafc0d1310320bfbe9b4add,186992
update,24,64,21624b61c7793b30f60fdc5b618989e9982a2cb9691c2b72fd4e084f6e5ef0d6,186992
update,24,65,d223b73b471a58d8236dd7ba104569ca4e8ac9821e8fed84210432c43a1c9453,186992
update,24,66,238fc8e1c45d0dfc6fc1cf776a98a1b84a634313f0651e460b34fbb30eaa4140,186992
update,24,67,159b9d4040a373b9092bcd40ee8cc3e957c4850d4edeb1449aa5fb8912e09831,186992
update,24,68,1597259fc693217599d8e86301bf01cf0316c160aa8d370d8be1decf98f7cbe6,186992
update,24,69,8de01cdc451fe70324b14f1790fd02bee56e37af2cc536ea03c46ec9aa2c4d37,186992
update,24,70,2afe3ec4242a3871a01b828ab8d0f54f379608cfda0cc0564030683a5864e17c,186992
update,24,71,9e72a49f5d3e90e9ceb9e1af335df4c3ee1449c8ab316e86e30717164d8ff221,186992
update,24,72,cf08f3e7ee79302285b134c243cf05d102d5e1ff478188b9ca6056ffab37715d,186992
update,24,73,bd9ba9da47055ccfd8739bca7e7ea761980f39cc3bbf9ae2bdd607bcfb132336,186992
update,24,74,011386b309a3058c52136967c8b62a05cbfa5abe7339ea002e347e513c9e21b0,186992
update,24,75,e1ef4dd547059fb7acc7f577fbf77f3c9b54f81dc9ef9c7d3e682535b7ad9a90,186992
update,24,76,1a0db7ab1f1714b49175841fdcb78a24a469575be591aa78d6affac607eeb0d4,186992
update,24,77,4d5eeb53bcba44d95b8b20346c428e955636f9840e1cf73caf79fcb1f5167ff0,186992
update,24,78,58d88b002b4da5d411b97d71d66fd18a41c4c63deb04222936fe9155558c0668,186992
update,24,79,afaf5d79378bd5760ec261137de862ccddd17b199d413d2c12328d4d0807e8b9,186992
update,24,80,0737ddd478c7af2c8907d76b34b1dce42cd20df9adee9746ac79f5ceef8443e3,186992
update,24,81,b112024142acf1c8ef0b1832ae28bc926f4ee7d451a6b420e931ea1f6dc02f7f,186992
update,24,82,8b6e6bcb1c6ddbde385e5be79535e973763051881495bc3a5976afd9a125926d,186992
update,24,83,921acd65ee8e4178d47eee40d7ceb198c808e92351e03893decbf870b2f76c31,186992
update,24,84,825c7f92b09ff6ad33a2b3b3b20ac23712127688b501375d9301459522799d70,186992
update,24,85,2d5fa38d33dec4b6d2f3636dc53b6e085825fa217520bc299d0cb6895fa475e2,186992
update,24,86,cf1c674f6bc3388be8040eb3038cc6686232d6013c9c9154c4df5523f63872dc,186992
update,24,87,f8aff6a88698c2898ac49f2e1aff4e02de0b61b2a08a2a8d9c4ab083537c7306,186992
update,24,88,6caf4c5aceab3f77e898fd8d2cdffdd212945fd56b8049bc041af52bf7cf8035,186992
update,24,89,6e7fa9548ae7c50a8d9d16f31121e006f278784f080d74f27d30f50f7a4d97d4,186992
update,24,90,8b560ca7723805cfed09f1701cedf8141f2249357cba213328e036ac58b5f54b,186992
update,24,91,109c428366651b53b50863ad9b4982dd4c924d588a207022376845bb1fda1a61,186992
update,24,92,b1e9721ed9ab5a6ad591402e9ae6e06a615593e28d5933748f6e737d35817ae9,186992
update,24,93,5591585fa96545cc8f87a461e1e3b53a7324761c787adc50a437585aaf03c2a4,186992
update,24,94,25332bd97d69be8c5245bb66d87b893d7ccedef99c23707205b609cc2ce7fe39,186992
update,24,95,6e692c86be4a3a403204de759e6c8ceaa966be39d81ed8bb7c23666728dbedc4,186992
update,24,96,574af2d7cb656f4695a13dd6a73feddf07a8a48d65b20a39a7045b8b8166e1e5,186992
update,24,97,68687b3fff31b2c08d8d06f61d53c14c67b7bc66ffa7f8a4f0c612dd1551d272,186992
update,24,98,bc848100cf6532ac5de388719cdbaa672c43cf9d4391110942766d4b5ceed534,186992
update,24,99,cafd5c1e467cf12eb0b57f50a0bea85f871b45d5b9da457e8565c675544f4af8,186992
update,24,100,f8557738bd5cc3b2268c76100e63ddbd69e96aecca0cf696f13f67482621db3b,186992
update,24,101,88ecedd63e27643035540dfd709a7b86ed71ebafed6c0eecd9e1209a61822e50,186992
update,24,102,9e367543f0ebd20cd5c1b2be5048505a43d816ecc67bd15a6bdaa471f5c2cf98,186992
update,24,103,198a00487049a51803a5c373611e2197b91b8e442a7ffdd4054fd11c9b4421c1,186992
update,24,104,83f95c193d4bdab4f91a265588f171670f64768a3ee09db021756b55bf2cf04b,186992
update,24,105,ed5876c6a70502f61ff9935b3fe2516def5251b38ce91bf9e27b474efe5bcaab,186992
update,24,106,0ba4689aee40baf7a68306d57a1f0f91048e175acc859a64740ec7d0d8fa956e,186992
update,24,107,f0aaea43f8136e6d1f0b8960b675209faa4aabdb1688d1c0f3948513b43d4ea0,186992
update,24,108,5d02f1ac2e309c825c7f218fa8c7ba8145a9cd232d5c9d4a74d6dd52e9918e83,186992
update,24,109,ddb130c45f66a9f71a26b7eb90bb467d9bce6f5c5489131f4217fcce084d96b0,186992
update,24,110,ab24421d6e7c4d47c023ae4c4935a9306dd103ed35eb0f1c757564ca8016162e,186992
update,24,111,aa0d89a0d406db9736ee3c7b9bb83b79c45ee50d3140ff809eb016197bf9a58c,186992
update,24,112,db0feb360c8de97f6f8a77afde00904dcd1bdaa5a7fcf74ca8c6266cbf2c4f67,186992
update,24,113,8fa372d56ffb01ffd83c7d6c34ce579584ed5b92b243530bb126e2faf3f58b78,186992
update,24,114,fca707e257de2ae4212b7ef8ffecd8330a9e5c12b4bbb5c660871a0864164c0a,186992
update,24,115,64f840008a26d71df18b274c11ee0dee025b8da513aa72f6b1f6dc08a9c1b2c9,186992
update,24,116,0d05aa759b1b453f45601c85a844b792765a52ac7b85a25a8d61b91ca1de8041,186992
update,24,117,894811c1d0c7da97da4696d143ab61f1fae87b1f0d6f3f431a1004b40f41ec95,186992
update,24,118,ca24cb06c458c42b590898f77c96f29b0c53bc2bde9a0e96f8949034f560bdfb,186992
update,24,119,776d54daf6c62c602a3eebb841f9ce883c8d63363bdf0644c6908d3ce645b36f,186992
update,24,120,79a63aea3aeb09ca77c7f387b2cc8ceb3cccde27260806f055e1cd0bc82a31be,186992
update,24,121,6f18daca7437b2a9f8fc07297ef622c1535275ec1375def25abf8e4aed856a93,186992
update,24,122,4c2c355f23ab4b0fa061c66dd76bc320e2a42e87a6f06a2bbac79b5fc0d944b1,186992
update,24,123,c3a7236244865e1f70e9f4108b33dfb258a845031389aec69352c9e1dc2a2f2f,186992
update,24,124,fae3efd0c8cd46cff352420a98fbe3a4231ab5b731ba261aa91be3a275a5809a,186992
update,24,125,cf3536e3634c521b349086075bb5bd7778e654d4ee81191808034a5702f9abb9,186992
update,24,126,99dbd55a15139f1553f1dcb444ed04d3139b059904a0641646c86e894031c935,186992
update,24,127,5469812019b8ebf54052ee34f59af3a9c9ded284073adbe889f7f46ab7e4523b,186992
update,24,128,d3fd76381ca01146a90677301bd245c1a078fe3eea804016372f55d99734f5fa,186992
update,24,129,1596351104a461e089490c841cb4a436bbc3f4a05433147184e4b18f33389942,186992
update,24,130,f566a90ab99a5b5eec0bd5867ddc69c96e68e59f19a52f26751b048cdcf9a3e5,186992
update,24,131,3053579495d63441de2d9017a37c2813f661e1ed56541636b5bb372e4c04150a,186992
update,24,132,b3d55f030512d18646bf59560f456e9773a910282a6ebc5da51a4d4b90eaae5e,186992
update,24,133,bc03a87b88f63bc5bde8db4c88f7547aeb401eadda2019837268f7d1c81ec8f8,186992
update,24,134,bbc24b390833424de0a04a1b11415b3141bde0ab0c699b70e010b55684bd45ef,186992
update,24,135,06544e95803008f1f0c2a469b751bddaf7fb9733fea4813e4e369dce28846290,186992
update,24,136,27407037400e3557a53c4d88dc7ad4ae316b729c1d3890df1464d3d5e6abebf8,186992
update,24,137,77913c1e2e6387d9201c2934622edeac14fa3f7ce8246a5e602a68ed8f225f9f,186992
update,24,138,e489bff565ac20b6d95db268f7d04049e6ab437838b302cf17858292ff345f32,186992
update,24,139,88e4f7972623f99605fd6b2fa7a1e0050ec9e9368615a88d85b88fb43977a01f,186992
update,24,140,8c8a5dfafd69d2bb93a9ad70fa75cc29132083d86ece26ea6d68739d455d37d4,186992
update,24,141,22de32ef4ec7931c5c76c7b2fd7e6bbd17f04f7c97b3300ae87b1118be7d3613,186992
update,24,142,d2296c7535efd2c1b9d766dc9e51c3a8bbd46e3d245281e16e8aaec826cfaf93,186992
update,24,143,27fb8c00bc71fd0fe8811a94d1e485a28f31bf2f2c6590a5b3104845db600bf2,186992
update,24,144,38c2adaeb54b0441c9d3beb8fcd991395319b5cb0dd6d75f4a8bf8802e05b0eb,186992
update,24,145,746720420fcbf7216474a46f5692b7e3474f59720530a8539415355496048fc5,186992
update,24,146,3d7d89bcc730edb8832518378f7f2255c2352775d7b37433b23a5343afe4aba9,186992
update,24,147,7d69b26006c657da2c2c02f3ab5b171feb7bac13d6a0471356c9210809515a92,186992
update,24,148,6e84a75e170635756a682b8256bd8001ec60c00630e8124df823184f752dee05,186992
update,24,149,761388c30175f40e08dadc4c598acc2002d01e4ee6d741af70b10fd106b81dc9,186992
update,24,150,3d1ed64f1ea72381d4b85b50a39c9d652d3e744805b0ac63e4576cea00e4296f,186992
update,24,151,14a9fd2436161ea5a16436f70d0bf5054d530bc6c4c39c501e7a8fecbc354f3a,186992
update,24,152,de761cf55d2711289d90537c89ba8ad8336898dac7c319df7f17d15882afae6c,186992
update,24,153,0abbe49190b68ccf0b01488af948c42aa6c513720e637fd0f602e939c1cc0a5f,186992
update,24,154,6e620363773c9b10a909e0f0ea612820ef2d8c2a05b88a72174b7aacbe3e1d56,186992
update,24,155,6e6ec0bf47ea2fe33e53e02b5fdbc52f51ac24c85e1840f3da21e1a8da9c3935,186992
update,24,156,ea8be13af09beff98059c82fe3159f5617612b02801c5deef26c7a7ec5ba57fa,186992
update,24,157,3c579502266d91d9da86c966e25d05d5c6bb56537d3808b45d439b7759751fe2,186992
update,24,158,381a0b708d895a79f31f7418fd58b55afc5715b9320fd0c60b5810408a6756df,186992
update,24,159,0db6231cd179d3666c3a1f46455cfac62e7c5328b6503ab0a1a062eb0b44fd99,186992
update,24,160,06c552f5c6ebc406b6625639ec9e498fce080378ebfea8d876049cb774113777,186992
update,24,161,862e066b98e39250736dfbf583e248b97b5d11ed5fcc08473440f2e82cd473e9,186992
update,24,162,b3dc0c907ba6ccda1176018b35e2282e9f10e6259ee0fb8efc59d87dd0578d88,186992
update,24,163,c70d7f80402529374498d8861c8e8b4054f4a33887adfd6abc1541563a982ed5,186992
update,24,164,c91517c607ff4875ef7f3e27b4a7e78013d08758edf9445662e82af974f5bdff,186992
update,24,165,ca60dc9e205c4cac75f115ca525fd600a27df9f28a17f70adf584935fac7bcc5,186992
update,24,166,c01ab07131f03b7af8263ae797231155b2d9942eccfe25926940006611f38226,186992
update,24,167,cd3f82a7b4133297d706161cecb4929f7ec17cb43603d0cf683366d6269aa6e9,186992
update,24,168,d65230a9a484f7f8f1df8b3731007b81f56f6ca243fb3deb330615f30227fa43,186992
update,24,169,ead07240beaf8d44dcaca5a3018a7e3c107f9f00581de78e9fdc2d43d4ea204c,186992
update,24,170,e84b5debf155e0a8f2c7ee56643e28ae2b5752cdf6b31fe914278e204febf06a,186992
update,24,171,1d11f9f20dcefeaf070f13871d4da91f2e2be12c3368f378c8cfec3dfe89af9f,186992
update,24,172,7d7d10d93be56196de260d6385fb3fc3406d27380329dac821f2b85fbab9f570,186992
update,24,173,5dc1ac61df59eb8a190ed5a69d0af27f362f2e38beb113a33fc36624280d5c27,186992
update,24,174,1d9a26dc3f6b5788e00d526b02c19d27bd90baf16b231f6e46a3ad07d1961d9b,186992
update,24,175,47a22cbc453e2d2a2520a2dd0568a98f5ed1fb071888b8eb53a3166b47c02a0a,186992
update,24,176,c5623e076195495a74969f01ce6df2468434691551ebb4a1c3534ee002b4917b,186992
update,24,177,b2c2211e1900a431839ead46bd19536ccbbf1e11be87e2cb79187fccbf4a10e7,186992
update,24,178,d87eabc1c61f6f6f1353d35a9f29d8ccf74e6e83d0a2aef94b47e7dfbf039eae,186992
update,24,179,13b413fd26aa2e56b2427a0d2c2d27216b8215f3fe69133e5bff052aa27d2201,186992
update,24,180,98d29a38045b9bf22a78a1011ed2f91f8fdcbf3114d2cd6696bb0b1558988ee9,186992
update,24,181,760787d6d34da9326f709e0a3d936c26800450bfdfaaf4132ce4e1a013f15cdd,186992
update,24,182,957a30b48b9b01b26f3c54f0bf01dfc5698b358b694d6eaf05a7a7cc545c05ec,186992
update,24,183,ada55c24ee2292019f4027ae177e6bddafe9a7286234917ae8e06c46abf0efcd,186992
update,24,184,29fafd4ba9c4c01bf665347af085675d1ffb67396051ce21161a7a0a7e9c0bdf,186992
update,24,185,f17c9c697dc860e40f92a22e18602f96d1a6f35af011e99131aca63d2d4c4034,186992
update,24,186,65cbbcace9ff3eb58387eded3f2141f0c2b65af7c85b08a94a87f418cdfd6305,186992
update,24,187,9b6bd832bd5860d3bdb862432d4f71c44b111497177545745d31d19de08d4bbe,186992
update,24,188,0ac1631d37a2d2e3faa2c384ed74d8b22a6a1bee493402a59dbd438ce82efd24,186992
update,24,189,926eb7dd3f91b0996fbd198709119593b147788c43c7772910ae19ae6c05ad1c,186992
update,24,190,2326b7f01a958de490ea3f4f7a67e551f9399b1d4418b4091ad8cf24e2ff7d62,186992
update,24,191,d4f921fe65581c12ff30ac5b314cb66785d61e91ffa7f62a0837f4c699d0eeca,186992
update,24,192,ff0caf63fffd99c14fec4b011e86c1c7cd1060bcc032841549b1734064fd1aba,186992
update,24,193,698b21a27b6f572c7109d15ffe55934655cc531b9bdd26a2070f09813d51354e,186992
update,24,194,43817909a153db221d48fa4d5cd4cac3f13a2b340fa73f218c9cd30d5ed17d4b,186992
update,24,195,b810093fb6990af937ffec80a66f73803cadf71cf63d4e2f8b67bae3ef6095fa,186992
update,24,196,76ea95ca0fb4e0fed70597a661c3e1adb15cc7392445ef6241d7315466177550,186992
update,24,197,4981b0541c7516f6c80625263bfed6e5619eecc6f5ba543997d82f873d02a770,186992
update,24,198,4c3d32f5ca01f3a0bc7d3cde74c12e9b0d2fb084fcc0eb6693bda8801ff96c88,186992
update,24,199,89d1fbf9f60555211cad6aa4ee2d4bd0c12e08524edbe77dba451cccd820aeb4,186992
update,24,200,e848a695759b152eb11665c2be54663c64174e005c1e5806403a4c36a507d2e9,186992
update,24,201,3c1ceb15e1044a0d1f76be8ff82c0ed2148cc27a26f5411884aa6f3f0fed2133,186992
update,24,202,0370834083e2a98608f078d86fd29d43b92cae3300b4c63c763519a99fd68546,186992
update,24,203,6b42d08b58a135f7233c8ad89ad67327230b09db2e0b9e0d33b50f692b726f7f,186992
update,24,204,8fe473a45fa03e4276cf8a3ddc7c2520f561177c8f654eb9f27ff6b3cfacf16d,186992
update,24,205,26a7ea2e81b153dfbd42a23b408a601fbb2c4a8013bbc5b0f291150f7e2bd9e9,186992
update,24,206,0b5af3730e029f38bf376e806539ebddad318184091670c4cbd3652fa33e23b6,186992
update,24,207,9369bc6e91dfe7796b817d06676303c8c4d3fcfef5edf391a5d811db7fad4277,186992
update,24,208,b8a6f154da7f4eabb2dd9bc99ed1a2defb15875f91c413e89a33c14b859a5a99,186992
update,24,209,1a8d20f74ffe511b6aa56a3074627228d789e06b2c9a227602ade1176741b40e,186992
update,24,210,fc75d806fbd3cb8bf40b5372a2951ea3dd32ad723737ed3d673adbb3b6af0838,186992
update,24,211,cd0b24eca5151675dc106d213a042c06b72ce6c4f5d41e339145b7b64e578270,186992
update,24,212,3c0c01d000b1061a32a8b7f674b15d59fdfffff7bf1c0d993293958a70d82bfd,186992
update,24,213,aaa1346111145ff8c44512b21f7490145d0e3001ce84b8132a7e924176ee5536,186992
update,24,214,f12074e7b8380312904dc0785625970544e54684e000dd296867fab266b8f98b,186992
update,24,215,2f2c5573be5fdb400318ad42f66c0acdaf857574494c33f5c65319d9fc2482a9,186992
update,24,216,857461dc12fda0c8a9862687cc891320314d95b9a0ac46e883339c767a07e5b5,186992
update,24,217,32388ed1c20b50a55c6ad856947cc7a06210428821745af9260f8d9ad1a8e4cc,186992
update,24,218,403767c697a2636a1f123bfc53b167a202d21e565ab30a14dd9019ba3c9b3c6b,186992
update,24,219,cf26a33efde37aaebfee3543735ea7b3cc0100933f2456910ac03586509d4de3,186992
update,24,220,665d975b5535825258b1b018f4561846e7eed07e448ea18bafcb044b6c427129,186992
update,24,221,3790002a8c8b949b56c316ed50976d38cd50eeaf30ed11523bf9d8acdf443ffb,186992
update,24,222,24d12132c62c46379ef229e968b8186f8038f33ae91b14932810179946746e72,186992
update,24,223,d7f8e15380e121b9afb7b00642e0f6f976be4031e99993299b01d1ae7913a8cd,186992
update,24,224,f98c03569c81ca4b3b200f213b86aea1dae628a067c13a8ac7f3a80174f97c99,186992
update,24,225,c2b09f27460e7706ccf1f03934913a31d79ae98c29cf10dd967080d063a308c8,186992
update,24,226,42cd7ce82fcec2d6a2d8b438576e115a911ef2786c18725c752eb04190023c15,186992
update,24,227,a89e8985d92de9f9c0416216471aa53ab47162f11d217451a8bb86f8e1af97de,186992
update,24,228,d2861e83f29470a41eea382dd72cf36a1370e2c39063a88fa033757fcd92c312,186992
update,24,229,42f04a69a7f52ba61f5ead9c834789b7bd4d07158276e9116e57bd013ef9f148,186992
update,24,230,4619b375a8998c9a5411a5cfacd6727e94863d3df5103882fb198126ac9e4274,186992
update,24,231,c1fe8def28dc1222154df2170c6f62810a129264d0988e8d28c109aeeeca1a01,186992
update,24,232,993eebea24464863b9b3fcc8c878d662fcf0b86d3f988a99cc873725ea800e66,186992
update,24,233,6244445ee853f1c71e2be559eda9582f4017bd93be0437dbb11f7b67c8c325d7,186992
update,24,234,b0d05175dc0a4de1c0e58fd5c2ccd8bc06210f2695e23c628ae855124dc59a61,186992
update,24,235,eca4f85b77798ef4954c726574786398312159044ac6e92e4e814851bf71ad8a,186992
update,24,236,e5e5e307a1ecdecb1f9186e2a21929a511c9149e7d17073e3eed688cb645c652,186992
update,24,237,43cddf152b72338de8a1b6a3daeb9beb152a491d23019d198abb63c6af171b54,186992
update,24,238,96c2ab9e05fe9a8e1153d14cc54d9b2e27a64d7bf12405ddee185c05bc986c93,186992
update,24,239,550b78acbbc0b27d31dab7461e2088402f71229074cf1cb48aa0906879ad7cc8,186992
update,24,240,8f3a204f114db9269f1e91f5129fd45731032ba7107178aa80df2484f40002c4,186992
update,24,241,2091f9a2070a91d168245942e9a3da467a2bc615985abb5fee9798b0a13e124f,186992
update,24,242,f73684f9b9453fe0d7fe3c32c4b98a44868227c58fdbb946188b65ed761301ac,186992
update,24,243,dc05b5bb6abdc39bc3480670f0f23f9ad781f0c2cc25986aaaeb81fd3d33cd8c,186992
update,24,244,dad52b5b02bb7345114a14ddba1b6ff3833685ac55dde50926e54fcdbb0982af,186992
update,24,245,ac9b883527561c5a73a29390f91121a538d8819fa61735073448839f392a229b,186992
update,24,246,02924ad9c4dd03d9474acaa369d4fc1b0f69a479fd039baed71f85aa75ee12f9,186992
update,24,247,c8f41c9359f3d241d753422717773c8cca026e4550f7eed5da0bbd184392086c,186992
update,24,248,0c1571ff5890a2717fc4075dd7d22dbb7399d51193aa07d27c089c04d7d41298,186992
update,24,249,022782da289bbacf96f12e9e968b76fb47fb2f3023d1b7c83a248703cfacaec6,186992
update,24,250,9246c11dd6743758eb60bb01484aa43e97335b504ee086ee185570ac756c996e,186992
update,24,251,6206b63eb220b1e5777dff9d94137e1b02c1673162fe0f4fbdc837f2d4653ea8,186992
update,24,252,c034ee3e336e8673f8ac80fb270e901e0a45f13f37a7ed9f7f5397b2539ae862,186992
update,24,253,3a316e506a2d1c7503f3e2385a7f54897f100d9a7baf47e19a75e45568742577,186992
update,24,254,c70541f5c0298a0268f622b4d01d4fe696d4b2cc50e56d37d637a232879bd1e1,186992
update,24,255,76afc0abfc2b1ccec4c2a2236369ac536c1f83981bcd35ed2e32c963a533c983,186992
update,24,256,2a0c0c632baf9fc956be266ac31cc0c279ea9fec33b355543c73aed1038d4041,186992
update,24,257,35cbf7bce96edcafeb9b6ca8e45c5eba2627dcd4e7bd7a6fcf8ffd895eba172e,186992
update,24,258,6398d59626d9af13926e89f0c2308e81122cad1eabba268e6778730397cdb6d7,186992
update,24,259,eca5ec74890b62bb0f1216fdf8cc6e0abb4c0f02556a3cd4651ed48fdade21ef,186992
update,24,260,44e78aab0b28762a302abf69a8932c7f9f4eaff2dac4c7518cbc6a63ad6532c2,186992
update,24,261,9b8baad57177d8f15c80e7bddb59766ad7809a798903b17fc49ec68a529a9b95,186992
update,24,262,d1b485ca2df3a6d9ef20e268b6f5d5a28e17271ec35eac3368d938e5c7a0f1c0,186992
update,24,263,01e1fc97e2f25db9e0c755776652ab63654b19b9373dfc63b770cd5b5b30197b,186992
update,24,264,4c940a29dd52291fff8faf8153a148f25bb10bf469bf0a8338c9ad66377725a6,186992
update,24,265,9f69cdc4ec1dd1de71bee93763234a68797a4d03fd7921cdd8891721d8132bca,186992
update,24,266,f3b5879d98e88132f7eb1ea65ad55b5aee151a3e4a1afb5f8b01186f67cc58fd,186992
update,24,267,f81cc3d8f362652262afb386ddb826548a21aec09d0fdd1ce2393ee2547024d4,186992
update,24,268,5f4f470d34b66da474ed039f8869985af43f836ad22a28b87e483ce66fb02724,186992
update,24,269,d9c36c812e936739ecc3fd89781e572280449353350808e30393f55f0accb753,186992
update,24,270,1f0947847debf49c1c8c27e0742a963d9c136e81c02786b04aceb56ff8a28177,186992
update,24,271,eb78062d0fd06bb16556a9d16cc93cf71fff435a71c2c149b0984f34c42b022d,186992
update,24,272,164e7bbcd8d351a7f0d79854f4f021929b8d2612a89dafcb21fe9227fa4892c7,186992
update,24,273,d8bb7a9d54798753de4dc9e1e3c57f0566a46993fa24a99bcface8ffad70359e,186992
update,24,274,2b3ff60ebfbc233b9ddcb1eafe698bf6184c4e2a101697a92719af334b637af5,186992
update,24,275,ee20aabb24289270003e9b26d5d0203bf23bc567566824d75758726c39383ac9,186992
update,24,276,1133975151ead34b16bea203a73edb4adc44f2c6772d8f4de8636cb25e0e5cfb,186992
update,24,277,07c1eb421e59f2be8941b94f32a909058f7d5d872754393fb11c7b7a396c5bb5,186992
update,24,278,6bb62874ea34ede392dc8e4a89bffae9d50fc8d5c21346b9bd76474eb8b62f58,186992
update,24,279,8169b3e2a48b5e3845eee9451dd7d077ebe895b9425410afedd69a6fdd4eb865,186992
update,24,280,1eef9690168d2830d38af0c30bdde94f8fcd5937a1c26f17a59852222551d26a,186992
update,24,281,02660dd9a2db6607c71eddd8cc50451cd8c0777ad91a899754c754d2739b0bee,186992
update,24,282,47dc71956651c73702e6098468a73b6d40c17053eb6f615151693b6c1b9171a0,186992
update,24,283,f5f51730bb7d12ae239897625b86899d25b2147f94c463b08f4692a00187baa7,186992
update,24,284,eb5af24242a8158610e446aca28f1d827480a427fff1e4a3557fa7a2f4605ef2,186992
update,24,285,58f916d41dc5dc3ad51ae5a440f085c67dfc47516aa0e3bb2f450c9d312acdb0,186992
update,24,286,995109f3d23cd0104a18d33f7cdd3e3ee54c775c2d955a94dab70a1c341636bf,186992
update,24,287,77a65400f8e5bdfe1880acf1220834ba35f2308eb4e03ed3b27e885b2f87b1b2,186992
update,24,288,13ef0b0e4a0caf7d63e249df9731cbbcf957d020f4f40aa1048e039f4a84f714,186992
update,24,289,953dff64ab0faf7a2c3f3f68df08362ef9901c248a4c0cf8d287e31f384a8d4c,186992
update,24,290,b73b59f2071de21932fafbde9edb16c767b182f7b72377c18a6a87209499cfe5,186992
update,24,291,8e3e82e9613a6b18196605180868e446f8e4c0187813b073f633dab0a6aa466a,186992
update,24,292,3159f00251cbeaed96cb2e9654806f68bf6063de13b4054bedb7e4a6399248b9,186992
update,24,293,8a3f36f6fd8076b78d00658231bb6d1c3b2ae0ee5bdbef178882723ce834a3cd,186992
update,24,294,7caffade73d5260734b70878e5bd9afedfe961a22d3ea61d3779c594b4e0ac65,186992
update,24,295,7fc6e4c46b46af122390179967df3470f1206c9c18cedbd0c7577b83ea4ca4cf,186992
update,24,296,857dfba6702f62bfc16b29255e5fb2114f38c2ee2f62f8f6e5cb7e9ea6dc7bcd,186992
update,24,297,bad304119500b96fb9600d23d97df37d4d32d1d2bfe0700e341736a6e5aae962,186992
update,24,298,78216375a412fd9b22b0c969814a33d4923c2dfffa728f825726cdadd8293c49,186992
update,24,299,027eb3a657726bd98f1cd23032923be0b05c97f3c8f417ed689b3242fb07a4b4,186992
update,24,300,cfb9e9db0c61dd32ba61959267e7b39244b0a43097bdda82fbdb417afa133526,186992
update,24,301,618383cdd1d1863548ec22e7caf6a54bfcd894c45630c8a13d8f3b09eb76097b,186992
update,24,302,49aa0bd61d59243e5c11b1de6e5923c8762b2c665230b6c61ac18efbbd2470e2,186992
update,24,303,fe8f365564201b103962c53a7b6e2bc335ede0b3a9a70e425e835b0bb71a1f5d,186992
update,24,304,4179749816026650ddd1993f2a4b8c61e9ca4eb44d33f92836f1c22e7c6b5ae8,186992
update,24,305,dfa30dc27f54934fe37e951b4cab6155f2273543954a5e96bb5f0c302ea5eed7,186992
update,24,306,44dabb8fa24d4a42ff0e2b0e4985de55284aa90b20f45e83b3f95c00b34ddbe5,186992
update,24,307,8759edb80dc3bcd6ec97982d3e7d2e75fc36155dfef9a79c5ebd95bfb9122d7b,186992
update,24,308,6ad440069d9637c8b01aa4f200229ffb99f955c27ff31e31d1778bcf871c53e3,186992
update,24,309,f590fdd377487d6fee8514e1fd845d3bafac0392b8135a028fefda499e9a90de,186992
update,24,310,bfb4812bc615ff7b6df48d5e4c0bbf0ed16646799b29a29651f704604e4a8e2b,186992
update,24,311,8b13bb7ffda677bf41c2d497ac9978547a5aa067644335f8d4090ddc9e723f50,186992
update,24,312,1e3a7624ce7cf49789bb8b830937a12509a46846782997983f4b0b7e65b85ce5,186992
update,24,313,2d420bf99036f54490267cbde0c7341219d0ebdef6b50bb38c9aa8ad501c0ab2,186992
update,24,314,2c725f1d23a2ac0e209204da424cbd011ffe9fc57b13a3594adc53a423e8fb5e,186992
update,24,315,9499a7a9f146b0a2ecac877b6d7bf26ce917ce077303472a11fa841e96c23ce3,186992
update,24,316,c0228650ac6fea154d5c26b5c50ed2621cd9e6401dd1af125096ea6bdb7dd4a3,186992
update,24,317,774080a613f5271444592827561926015080c3c1d71fb628fee27809b86eb7da,186992
update,24,318,5035f614f1245c08bbf863142eff37a20664a99df626d03878da2352b49ced73,186992
update,24,319,e06865ae7b78cc7375c166942fe079af2504cfb63dfa7c7de4e5c79b9630b654,186992
update,24,320,dedabe0fd2e85bf53ce20727f893fc3d0947a7ffabac302fbe8585dc58bd72f7,186992
update,24,321,f2e19ce82dcb3aacd220386ff8433b40cb3afb3595dec5b7ac03c0a77fe8a977,186992
update,24,322,2b49dc6b0f97c3bfcfe5d3c61da01a0b24c2f277d80328a6df8bb117e67492ce,186992
update,24,323,9969e911f3882ef9b42a70565bf9b4cc7dba1fd41694472b7a4f5ef1933f681b,186992
update,24,324,cd45acce1747ac31dcbed429992c292d0587fabf59e28415e5cf49bbbada58a3,186992
update,24,325,891407c5feaad5e799427777d91a991fe2aaece2d2843c8843e3fcb6f821228e,186992
update,24,326,23d37e47ca4cf0fb30a935f637fcc484ec00b1a311d2b9a38620b7cb552b7565,186992
update,24,327,4392c7058abc4b720fdd5e8fa38d2d7103d08f7279de86d04672d8ce7384582c,186992
update,24,328,2856bb1383c401132a436fffc7d5aa3692ad6e5744a69d7a800eac2959d6874a,186992
update,24,329,a0a76e160f1d428dbcb5ac1ce91413324b4f93b29825df80c61f6dbb620361fa,186992
update,24,330,56a2da395d58050deff72e1f5f281b2cd5c2ba5ae65e06b400ef1f286285e101,186992
update,24,331,59f8ec7e22d21f280c0908adcff6c5e8c30b57e9cc7d912947a58f0491c7d56c,186992
update,24,332,2fa31dbbe9694c7c68e7ffbfa8def334b392525d6e928de825ebaa643b58a2b5,186992
update,24,333,9d7d941852a4a55118db03b64da6474ef0dd3acea127ecac01ba9f620cdad30a,186992
update,24,334,408c3af2635cea8693c12e019a8da889043d2da95b040541b1dac5238ae68214,186992
update,24,335,52aeb86f0fe734348d0515da179a3e78b70984cd980541692a34edf7f14916ca,186992
update,24,336,1bfe51ef24cc3d1887e9dcb67d388c62b9faade63c0201f5d58bd592dd670ad0,186992
update,24,337,2b5ef2864d9803e5f2437cd04a53dbb07575e486cfebb70eaed2b1e55f938288,186992
update,24,338,7f4a42844fa3f60f9fc6d796616fae8672b230f30a7b2a899257d134b722bbfb,186992
update,24,339,2e7f107ceb3acb95e03486186866a22da04a53e6cfb9cc15b54628ac355b20b3,186992
update,24,340,e9cd03c8183a2d670817703b14d41b8480cff6554cc58a2124b87a72b8699f81,186992
update,24,341,77f780f6b1a31a951e303c575e3323667b2686be48e437cddc6e3a7dfc5f3831,186992
update,24,342,e10a656a4c279c498ccaded19060156f8ddc3b7dce763f52769ff3d1aab71443,186992
update,24,343,9f0fb60647035ad716422d58ea5b10afa654c1408a4e2a70a9abb2ae77b9e4af,186992
update,24,344,950d3e58f9c0460a89b53c811bc53eda18973f182873f45d226593723e27eb07,186992
update,24,345,b0a6b8de277468cda507e3feaa484afb1be99c4b46f61f5afc16fab7ba245f87,186992
update,24,346,085f350081a341ca0eb2f8e3c447fb9aebaba90b31ec7780685ddf3d21ac0b14,186992
update,24,347,bf95a71d45a68ca60763a4f01c9e3c3c853380a7de14d319ac0841fe03eeff39,186992
update,24,348,fafc6e081eb9b9f7670ddb0a71d7f4f87d159637254aeb98526d9bc231e94d69,186992
update,24,349,92779ba815a20a25dc337480df21ff386ae1cfbb42c032e2b07e932e3afb0793,186992
update,24,350,5bebe0194b902ec5f1b93ecc6ef3e9393925c5b94a67faf0454085a8f7351cef,186992
update,24,351,f4703d2a6938bc99abfdadd6e602bec39120253c69b2f64f2918ef966352cfe3,186992
update,24,352,e735832d622984280ceb34b39b4fadd70285227db63a596a22649d8804f3011f,186992
update,24,353,3ffb16fe2e38ffdc59bbf2fcac480fd650f5d5e8113af589dcfd7a0c2814dc48,186992
update,24,354,c7c7650c2d831be54aec9fae886302670a5f331b88a300d6a43d8400ddca88de,186992
update,24,355,37df389c129cf9fc3a37f623e687d2da8ebeb2b25f057e837e190b12a3d87064,186992
update,24,356,6dfd4184cab736db9a35e59b8c7fdced0abd7ddf298088f1bea886d00e484bf3,186992
update,24,357,3749a5788978b30616838b62a1326c04f33681d9d28fe817edc013593a703eea,186992
update,24,358,c8e16d22612deec8c5a48ded397b6037b45ea56b4c51878a2fe1159f3493135e,186992
update,24,359,106ecd95284ade1b926ccf330ee44f00ae3d27206568372ffa0e8b073efc1610,186992
update,24,360,919703dbaf9378e5dab3b88d17ac2084f84a51602330cc0631888f48bb33cc63,186992
update,24,361,215fdb731b312f07e53ccb20e3b047d9fd27a024fd1dc943705fe223c3c67a2f,186992
update,24,362,09d446ec0c3b8ffb5eb6029ee1e7817dc2a046c163df904615075ba7383165b8,186992
update,24,363,b11b04c7450af5fb1596342c9b440e3517cce42ac060dcd3754aaf7d505ad312,186992
update,24,364,a1521452b13c14687ce9dfae537074af84eb0d5c122d9e6e32b02fdc8b85c7fb,186992
update,24,365,74178059f1a163267bf0f925179e00800d6a47e54190f071fb29a1f1a9fcc14a,186992
update,24,366,053edccb408a8cad12b9338c901c3a7a56bd3f2d94ff51de4d3e745585b56d94,186992
update,24,367,bf30b2cd763f88cddb5b765cb8ec0ef9a180f585efb233d780c6a50b51a7ac7a,186992
update,24,368,e0a3e8852e5aefe7ba9ab0d62d758d16fc49aeb6fa1acda4e08eb01f28942eb1,186992
update,24,369,9d0b64dc6a0c9be75bdc827024423d8736a078a8e3f630c50ec812a1a92dbf6f,186992
update,24,370,05fbbee50a5b7672e8e64bd2c4a969833bc3dc0a74ead7b21306cd407764441e,186992
update,24,371,d56de675fee0ddef85bf5a091db1f9a4581f8eff184ae03f4f3d1c1d65ea5415,186992
update,24,372,7ed10888ace8a16c5eab1f492a31aa03e2a6768a0b012aed3cd917c709621385,186992
update,24,373,e66df70a6ef1a448ae86ec7703b20dd9f632cf11369f79ac762af9d80459e07c,186992
update,24,374,90339b925f2b4c45107ed8f5f4e933b36c9e503c53a6d3598e244bbd4f041141,186992
update,24,375,eacf725769eb5082e1f7c82d2fa01deb3b36a7646c6d09d6a48aebd6b2951821,186992
update,24,376,dd70acfe5968000ddd00ed342a7165c8880a369379bff8d813a9a261add1959f,186992
update,24,377,1ae14cd26121e7ec9f1ffcbf805480813e9f7efd1b04eb0b50f82ba32ac9004b,186992
update,24,378,f5cca484036128269a5bc39335e88c8355a170a630f35192ddb77bef7ecd0a55,186992
update,24,379,19a87aa0b3012a4c74b3d432c44b75084efebfc34e02d5c87456c77e96d4865d,186992
update,24,380,8b6c955bdf1833ead739c769f1a68964cfea7497f5232f929842b9ec926678d0,186992
update,24,381,ef5f141f751325cc9fb6a5f05f07df128e71ccb8979023998c6409bf6b206356,186992
update,24,382,a076aeaf9f8e16e16dd524dcde121a9670117cfc7638d6f452829d2d826130ce,186992
update,24,383,51a95180791aedcf9ee916cf87003d663c2e865c9287bfb5b8c71897397d7749,186992
update,24,384,2752f0a8fe6974bceb5ffe3bf85f5ff5e98e964c539b22f60a748d4bdab48d9f,186992
update,24,385,84a83d12d015234a2c7e37c8e1a70ae011c5b4ac554ae3665162436b16fc8ad2,186992
update,24,386,8c68375678cbb1ae56da5112d61eacad6c7df8fe41880c6adaa704d769e2a36e,186992
update,24,387,3d4324453f56dbf68a5045a7b330585ed306ced3d88ff5b3f7e698016294a221,186992
update,24,388,189ce2314ec85dfa6f9a2274a0488caada1a8f05a51fa64d34fdc31d50c0de84,186992
update,24,389,91c7033756ac9db82804afedd4d0a3c460eae6dcd0b98b260a1a71deefb880f2,186992
update,24,390,3100b768a46c025b5bb2149300ec929eb8e835840e99cabdf3e032192d3f4ae8,186992
update,24,391,a5ad1600da2ab7a1852b619bf989a92441c09f257bbdd1bca64055ba36c433c2,186992
update,24,392,466e0d26581d9379349fdb2b4ea45e627ca309d40d1314e2e856074ffb2d7437,186992
update,24,393,65b331ea5f0a5db0b95340f2fc3bb35a85beefa8081e4e805c0b90582fef9fae,186992
update,24,394,86c38d97c045cb1ed2769d885c29c635d12b88040259648a604ebbad1edf43aa,186992
update,24,395,8971b856a34d6cae62f4238060500014ae2a47e28d34b8cece3f129f68346f39,186992
update,24,396,aab47ba6c8c7f4caf3e130100891e80ed551fba63cc617965cb0358cf4cb1a90,186992
update,24,397,b1edb7c28f5c9160e7a9de10e7227343253e95856b573df06bc1abf93cc73734,186992
update,24,398,e8d177ea517d27499cece12318aabc72507f9cd9ddce35de97d1e52ad23df317,186992
update,24,399,3eac1a3e2c18b2a7f9dc3b340799c2dd82441bfca05c12a51fce916bbb5f1ae0,186992
update,24,400,2daa8db2c6d1ed94cc1ca82062c82ff90de3a3cf3c168b5d3df8cc75d30cac58,186992
update,24,401,c4c74d26a10f4da5673b85026fc038e656ef425ac0bee41d77c31863b6a6697a,186992
update,24,402,1172a5ec81cd0c12a046091c3b38611d2ad20d3d7f121bde2c5897091031e342,186992
update,24,403,f11b8f0b19a6ee8448e3c56491f8c1cabfe56f8232c3afcc237800a6db17d36b,186992
update,24,404,66c7728f9f46e0c01ed0dedcc8a49e5905b4467ae60bdfedbbbcf90c8aeb0bd4,186992
update,24,405,e829a5e4c74baefa82cb412421063834ee5664302857ae56f3ba842960037e8d,186992
update,24,406,98f75315ff471cd5d0c5c4fc77c9d510268cd32a055363961a2f1b07d3f2e496,186992
update,24,407,42f6bcdcb60c64b4a6eb6dd53c540a9422ecfc6e341f851264705a76a144f1b0,186992
update,24,408,09566844ccde9fe428e0db134abb55ab8b6183c85350c8bea5f82093b2dcd721,186992
update,24,409,be357494ecbd513dd005263a6b720027b12d32a69060d48b89decaec05bbab92,186992
update,24,410,e8dcf6f0cf8cc0198cff3b479ee6bc6b61727591277edaa3d3ea1760a2ba9f8f,186992
update,24,411,d3dcd0d115502ce9562bdb798cafbf4ced628741bdf715610253aeeb41d7d03f,186992
update,24,412,1aeb20864ead4cd62862e71760371d83596fc9b5cdba49e82b423c1d866f5a30,186992
update,24,413,40c6c1b3fb5ae4f8d7c653d892eaf5fa6731f2240aeef90a9cce8409705df2f1,186992
update,24,414,a85dde8681cb45adc2e5fedb573965f1bd8840c3015299d4e6d024d44f087992,186992
update,24,415,b26f55b5c031bc11b8b825f471e978c0e9ae9bd92c217f0d273dc3b5b59c7d54,186992
update,24,416,f6b807dade12804f48148e5b6295d41d806cece55ed8daf2b665bad9f8048b0b,186992
update,24,417,cca3e271a0532957668f2874a4569aa3cee8d23d1a2ba7265f0cfe72d04671d9,186992
update,24,418,5ae68a9841ea091f93a280ed7c8704ecb3c6efd80722ef6300862027c54e8a68,186992
update,24,419,583df9cf17c8aad2355a63749bd2267a88f82a9d1cd7fd3f4b5dc29e19c0c8c3,186992
update,24,420,9081ba54aec5890f7fab736d07f6c2e3ffc5f0318e9199d9e4d535b7625fa8e5,186992
update,24,421,5d2480123eba745b30a45067ac3b2082a02a2e4fdacf87aa000f00e82b17420c,186992
update,24,422,60d8e5dcefdb29d530fc0289b73120d04327219f519b1a08e7eff869554c88ae,186992
update,24,423,c1235ad37eaa0fdde25dd7ea03f3708da9655ee9ea99c2887fbe47f8f594f21d,186992
update,24,424,9d6d8224e632500e5e7baa00ffb72a82241d4c2d31c33a9c49d3d7835fd25be7,186992
update,24,425,d891a768a3b74f0fd61ffae3eedeaba545122d7ab136289460e6c1d38ee9d96e,186992
update,24,426,daca0b1755c6aa02bd7da6e9b36edc4977b81ead44455e33442f1f74be50d3a9,186992
update,24,427,d783b11a3355dff5f9ffd529e257942dcba8d993755c3cf153e5e05507170214,186992
update,24,428,a27045a48dbc655be1545c184e289fe55a7f552bbe8e29f2eed7266d3634729c,186992
update,24,429,273e4ccc3a80b1327e4c49a8ac5e3ae245e44c0e70b550aedae9188a4939e8fc,186992
update,24,430,b7dc63bef0aad2a8b8770ae0377c19a2259c4fb9838a73ab6e79819885d4e54b,186992
update,24,431,8ea0bd5969018126876a98ca300c08864edf7371ca24039cd0cd4f8354f80325,186992
update,24,432,00f0a6a788e965cfb1e0c6b28f7b00522b11741b1d1fc057381592b5984e0c64,186992
update,24,433,0def2dce35ef99a1a6e7b8b40d963da2fb662a71583c54ba7ee4c6a9cbcdcdc0,186992
update,24,434,451393b6b559ebb7cd18cee6c1943a043020cea5386a35bfd99f7fb2632e4263,186992
update,24,435,df00da268c0e283c7741493a8e2bfb39ab8215b146d0e67a388c69954c0fcb8a,186992
update,24,436,2985d857577ed6872b1f107ecea66e12ab7608d6e77a4e27c10fe1471194d8f4,186992
update,24,437,920a3d505c16abda0fb0036e5084b27250af82d6f33d1e3b713cb16d8bc0a1c9,186992
update,24,438,71df6c77173e77741e4ea0f54bc9318df52d7eb846462db911e0f56d68135baa,186992
update,24,439,ab4f58d66d132a6e7baa94303dd390b74440a2ff6e2ea01cb65743c65e181190,186992
update,24,440,4891f88993464455c558abf87f876240761ac377ec9c6b05e9237e34ab9f391e,186992
update,24,441,a8aef03ac0193470b71f4ae598bc5daaaf2e65f1b36837ed825122c503829f2b,186992
update,24,442,34247b47f0023389ff2e99d9003715ab2636071f6d314a5fdbe56048701cf567,186992
update,24,443,896c094f329071e27f249f2a28082b3b4a9b868ca4f71d79018cb69fef6b5b25,186992
update,24,444,d9821618acf96c980b0997db164a8d4cf328716c403afa1215357e48bba9d2c5,186992
update,24,445,0b06c1d0abf845a40a1ac406d5209d708f0ad1d8ba24c9ceca9225df41ba532c,186992
update,24,446,3a844dec82ad48903c3fc3bf23d4d9bffb96a1869c18f3cedebf1adbe0473e25,186992
update,24,447,4198f80b717440f0fb67e70f7ae7646de0266f9572f0ff29b460bdaf554c1c5c,186992
update,24,448,a00367e4b9ef6d31c06c95b53b35c65daedd720a44c845d9138605e4105e8ff0,186992
update,24,449,54c947d4c802785ac606311f440cdcb1a7dda0b18ad1b99a4ebcc804bd4ae079,186992
update,24,450,698d3c687bf29f995cf33c4cf119598652d4668a17eda026f07c4955f0d0b509,186992
update,24,451,65a8f80a34c80410770bc885efb59111bc269bbe6bd71193c30f1d2b026b3aa5,186992
update,24,452,a6697057ca139d0d25f2832471540ef6a6faaa8168312387d40b727516f6be8f,186992
update,24,453,18766d7e6a09a5bba521132c9b8a6b168b1662524d2acd44ceb01726890ae357,186992
update,24,454,655b0523c9710da4cde2269bf57bc061addbb5bdf67c59a826b0ff238ac53dd8,186992
update,24,455,49c9e163ca04a342ee2194bbcecaa0ac85f5b6926c4ed0300978d3e35a955269,186992
update,24,456,1ea944e04257be8858f62a1c3936165547ce8e093c75028d17ca3212a9526050,186992
update,24,457,fc5d09674d16f517061988f49aa5d949c3066b80b7d6a742009ce495a0366355,186992
update,24,458,5e8afd9f73c4f1456ef61fc6d12e1425b4d8d8f66e996e978c31de75af2a3d4a,186992
update,24,459,d42cbeb059f58fa1052cc9af1f9087381120886ac55d73752cec744b9093bde5,186992
update,24,460,052052b8e4c98e59d19faaa87c2d81ae32cba45ef6fd71ad16106cf9cfb4d49f,186992
update,24,461,579c95a6223f63c8bb1a2ef4815b48cc06926207496457b60d74368a7b0195bc,186992
update,24,462,779f8c4b9b93dea6c0b80e99271bc5f32fe2f25265661b5325726a34f10dc985,186992
update,24,463,d151191ceda974ed090555faa9a8f6d5279645d526549bee9dc3eba67d594165,186992
update,24,464,13f5ec2e706b8990d1433af2c99a40779cfa59d5f8bf3047ebe9fb8484d612a7,186992
update,24,465,2ebdfb4a3e0ba64d5e1bda1c7e0ae9f63259db20295e31c319cd77d1b55d1de0,186992
update,24,466,b3dddddd18421d9fcc99def5a7c0b9af36d097d88dc649da182dd6aa84246455,186992
update,24,467,dade04c2b3e72efd92b83b5a16bb14cedd58b6c299d02e37889e2efc59355471,186992
update,24,468,2092b9a931c23b55fec24bc430f74e2e22f6b3defcbea3c3b2a301328566e58a,186992
update,24,469,06bc997ba12eca9b229a6002e2d5b43a63f69a688fc510bad6018b648badb22d,186992
update,24,470,1713d6f366eb8dfa433591dd25c8a95239e1bcf65d6c17c7a5a874b5e5eeeafb,186992
update,24,471,5c44d3848f5dfe0e1b50741bb30478e4ff46aa5327a7451b637cc508c9821edc,186992
update,24,472,47152259e2b6a5d3d4439bfbfbfb2380dfd162bd3b961c5f9b1d668dcb5f370d,186992
update,24,473,e18b80fec6a7978ee9c3f9c4e4f7bd7013c072a2bf30e24866ebbd72f71613b8,186992
update,24,474,55b54028f2154ad244a4ec31bed505f953a7ccf2cd2e273e5164ea93205cbfa5,186992
update,24,475,614787d6bbe31703270b58c72c5804512495a4dadadceeff23c2aca1b41ebb5f,186992
update,24,476,733cd43adec991eeb0a5a4a15cad94ac35eecb1a46ab5abcaf4d060608304078,186992
update,24,477,14b06ce2fedef412ec2220ecccb59903f951226b690fbbf66400ea9ae888726a,186992
update,24,478,689f3ae110a17d321a35757e42f5485c4c66d565156423a29b17bea25cc6e892,186992
update,24,479,a6534448a3ad5eb6e5087f04a453870a45bda99b35aa7a23094bafd406f69206,186992
update,24,480,ee60a88144e295a8f249b3fd513fb2c2f436c5ba9d0694c2d703a13b4c3e79f4,186992
update,24,481,7345dd2cb17b7a47a6488cdd6f2c8b1a57c6e382666b90484fb4a4d771a2d21a,186992
update,24,482,a32fb55b2d4ee9da63b42dc462160afb17ba8405168a5020b747999dca44a2dc,186992
update,24,483,d4a6a5981a6834f9038698195a0be4fcb57687bbd4a491c1ed9453966b6597ff,186992
update,24,484,488daf7935cf374b38f2d07bb6e9cf70a72a441621b0e8a4bba00d9406bc867d,186992
update,24,485,e755a88c491a4163052232a70410f8eb2021e0c225ea71c676fa4f46dab1bdad,186992
update,24,486,1f93f634f7191c6f7e03e8171273675d066953610e273a3f8e244da13acc422a,186992
update,24,487,799902aad9782a8a3a49e980079e001b1242d20ec191e89e61a3764624dafe86,186992
update,24,488,196a02526a4a07031b2b189084e97378a2e22eba10eebcab03c32df2d4266d57,186992
update,24,489,ef6db223dacdfd59ad7595bda479895dd83ac940c57cea2d33c7911669f611c5,186992
update,24,490,cf8dfc5c0f536433889302f1b2d71c83fd748215625d6e90f1d9186ab60ff381,186992
update,24,491,49e155608c49181f5db7a513f298d0783095118a0def614f55425e72b533076f,186992
update,24,492,79e73d6c624e48ce4215b694169b95ae595d6894e6c5e09b315690bad04514fb,186992
update,24,493,a6777349aafef7fc54accbe6653a82f2333e3f3d37653bbb780c74a99f910e28,186992
update,24,494,b43e467a2ad812fc3569166fa362420352bfc30a7939cd5acbf298b866f73ca4,186992
update,24,495,a237b2b88e3e20328a8027c9605cd3677b60d577fb31aa36f1a1d5c4fd50bb5e,186992
update,24,496,8f118f7db3c541fdb52626a583f497d22f693d1baca9bd35d456dc1793419085,186992
update,24,497,c58e42d3ef00b80306419a5aceb0c372744b9df2ac92fca6857c1ef4a6e216eb,186992
update,24,498,22883d3c07b9bd5a4afcf14e0008c4db1897a285dd6081dcce8958a28046556c,186992
update,24,499,5a27752503b67010ad3535cca5be0c210dd6d0682918dd0e9330b6be4f9bde51,186992
update,24,500,4fea51b494233588bb7146f9ac666583c2381f99ba065cd9d9063bdb12e56d86,186992
update,24,501,d15eb2b3aba1b53d5dfb0af459808bcfe27812c395d76d728d966c81f408c1a9,186992
update,24,502,b5bb993bf380162eb10fc3be9fc9e65f9f9e0d3c1c0e6df9b8f03c8d18d9f6f3,186992
update,24,503,b2b7c3209859b8b60ec668adb4bfafbeaff2e4d5b88d4280f08b9f3d62ef45b2,186992
update,24,504,1831bb58562960fd366b90d10d980f4f99113f31459af24030014f5498560cd1,186992
update,24,505,6cd0880e0cb192cfabd4d850ea4b836c3b92530877045e527ce6ba96e574c6b8,186992
update,24,506,0374955e5ba1e59b12fb135ecc4ec9b1c98de69f8f626ac5e2660219a7fc244d,186992
update,24,507,ce9b0f7d268fad84975a6b7e39ed14fee112b019faf9527d1c897eb6f7b72e77,186992
update,24,508,1f699e40e8f8d7cd0427e2bfe8dca582010e5ef0bfae34e0798508dbb2a3370b,186992
update,24,509,1e3090889f834ce6bc1fa41194516051c6a2290a5177535f49ef80e57bf513d5,186992
update,24,510,bba995ebe100bb68f7557ca82c617406d5a342c3a0bda9d67c296f931d431691,186992
update,24,511,d31621e9a0b6e24cdb303a074d75185fe00eccc0c061b8c8d16be09d73b0bd9f,186992
update,24,512,0cc7d4908aa636a1eb3463945e092ee0c93b4cad71fca0b613b790b42ebba38a,186992
update,24,513,a5821fc789c82e9531dc86a5cfc6238b255ce31002d2bebc58f76872a21554fe,186992
update,24,514,58d08541285da44924edcf49a10598b5d1839498dbca542e8b88dd51b3f5cdac,186992
update,24,515,ad665ed05ed41239a299156496d596243e6d4e5648360db7b8e14fbf43c98475,186992
update,24,516,ab5fca52fb9167e8414daa8b63ed989a4159a360b57e5811d631fd282c4ea4db,186992
update,24,517,66d5e52c9604c7782ed11e49480cead11c39e313c9806d639ff74f1203028e41,186992
update,24,518,74a9e6a85e91cc1441f0aba1f1d6a153450b3efa2245985e446c4ed6164c783d,186992
update,24,519,ba48c68c355b609da65e26757d7d995188579fc823a037aef580a929e88ce1e9,186992
update,24,520,89f11fd05a56ed717413d2940a7c88d93d3f9ac31bffae1c48eb4d7595a5afbf,186992
update,24,521,592dbb485ef635f6c924aa878049c3bec00fba06ac50240a4c2eff96bb1ef6b5,186992
update,24,522,9614633b040a649809fc6a71e3314b996dc5af40961be261aa3dabc6bb1fb8d6,186992
update,24,523,0ffffb9b18a9bdc6abc0cab77746f2864b3fa0714d8157a3fc2c9447dcc91521,186992
update,24,524,17f59d20f12839130795579e53b3d7f2f8367639e9e2cc0ae412e59ce8d9d210,186992
update,24,525,fd3b3222002c3bc6a284ebf77bee707e03a833c7b1e023914631baa8cc022fa5,186992
update,24,526,d0b96ed430545ad7af1355a5b0e5b3e64a376a3a3614bc760a60ce7ff4d2a4d8,186992
update,24,527,0b5ab852307208df219b71088a9cb56df8ad0f23a713fdba56c9b5451bfa7a88,186992
update,24,528,f65842ab5b4d724ad77dfc15c67ec5cf37af3202a6cb7a4ae3858a533b4b4e3d,186992
update,24,529,5e75bda4f294527497f4bcacc2e761cadd8aadd628e4fa9e5b8274b965e37bcf,186992
update,24,530,50a10c48fbff94799d8efdc2f1601431e03033ba76d70fd0efb7bea192aa2c0c,186992
update,24,531,0761648073fa3128844c8e4e1c0c35d810d238c858e699a8658c77428bc1d7bf,186992
update,24,532,f4114d334a7e3c93742d6264830a14084d32806fe7a661482757830514439883,186992
update,24,533,4f5debdb837d5f88bd51d642fdbb7ffac21db1d36ac078044acea618ec8e573d,186992
update,24,534,84451ab3846e87efc93b16e3f51c04ffb6e8b297c0300a1c6dfb40ade7e393b3,186992
update,24,535,533d40f0d5af7f749745bfadffec9cd2adf2986a81ba2ed7d10f75976a4ea3f7,186992
update,24,536,dbf67544cafb971716a831a286f39be05087f7e9519a98bec84bbab9d0b817a2,186992
update,24,537,e1302414bdb382fed0a4588346a0e3c8dd5540d36c3de007b3254b5bac0550d3,186992
update,24,538,69824303ad993506edfd088be32034ea3a361ea61c8159b6d8fdacb91a1a9996,186992
update,24,539,cff853e90d06b08ed86830fe5b3887f86d28d09a6172f7583082297a276174b1,186992
update,24,540,cf72e911a2ebab8919d687085d15461d63f49519246abd1f86a440ce85a7af14,186992
update,24,541,cd0786d4fd0282147e277c2051820c65e1207ab1316eeb7a4087be9e47980cd9,186992
update,24,542,d749941d235273995c5fed676236fd596d3334ef2d3d967f7ea0b857b9bead8d,186992
update,24,543,681128d18730d29e25efa1a1c24808ff831a6b8bf47087e74c2fc4c7871f048e,186992
update,24,544,6f3e0484b5e7e6143c370808988fc3dfd0576c00c2244fc84876e976e629a3b9,186992
update,24,545,d57bb3d9878dcb7a1c1f5b31bed95e8b8e01e4054e092f1733a551ad3512e370,186992
update,24,546,e40746f93f8b26e4e77d56d19f76277c35f016c2c4a320d2e76afeb27d5299cd,186992
update,24,547,ee517612a1364180d11237ea9b298be162e5f082ccdf5576d38fc6c5816e665c,186992
update,24,548,61a73fb3dabf74958e4533d8df0e5753858a8f80d4ed0d8c04ceacf653406a91,186992
update,24,549,cb1b26d40aede66f208d35d1a8f36480388873dbe07b7fd41fb9b619c33a935f,186992
update,24,550,6a1f8551ae7142ed868f2d7c186ba2f43a567a32951ed6ae6962d4ff7fbac858,186992
update,24,551,cd6a9828353784600d051f7c358597f8c8d119d7b780ff802b05ba48fe25ac08,186992
update,24,552,5e9b485b01935adfdc7981899768adb9eab3d064432d92a30207089d706f020d,186992
update,24,553,ee4e3bee010ddc489d7f488707172e8c8aa15fb23a574b9c4e339ecd939a2ddb,186992
update,24,554,c03152bb745b90589ddd4eb5e636ef4914a572a4e7ece94b7718ba7a996f816e,186992
update,24,555,4e89508e20b29d899c6a60c9a88f2557c99b9d2586ff5e9393719e729812511a,186992
update,24,556,bb157809faa4a4c05f5bface72deeb0144b84b2e2eeb5871e41a9ee36d9c0510,186992
update,24,557,90bc2fe155ea55d908a10eae922ef02ead884834e74e99b3cdeb871e6b28f1ef,186992
update,24,558,1b3dd97beb7652192797a414279ad22172df8de536721408f4f07b4f5d3a4460,186992
update,24,559,89ac0da52cca320fff70fe072102b8ac7e76d35f82d548c8b91845ff9943befb,186992
update,24,560,7afb2345e714c70e75326aee3503b23d23024087e6c5140e0f442cf0f4257cc0,186992
update,24,561,fce8551e39411e320b059f22dbbc93e372e06e44b37923ea64adf117a2768959,186992
update,24,562,6befcdcb51af55651cf1f02df6859e498b7ee22bd526f18c7de3bd66ec9804e4,186992
update,24,563,111df59e188d3ab5b751f712348a51190853e434ccce53ae868749c6369a7401,186992
update,24,564,84378e802ff01b6f62698ab358cd0e18e211c04c13c057863da3ffd783a016cc,186992
update,24,565,fe885afb8cd2370f415d9e1667647acd5e7ff05c98a875e755d4983901788f5e,186992
update,24,566,8cb5ef2f1242bd78597362d5ad94fef68b0462e4c851e2be54495ff64163734d,186992
update,24,567,f6b8ddb34bac5ce52a4dde308a11fcc7ff85dba62c28a41541aea326e8c59ebb,186992
update,24,568,821966431961df28c3a0060baee46a48e98482bba24aefaa308de3c9f250281c,186992
update,24,569,319a06fbbb96b72de490c6272b622963f87137c5c1cd02da00b49b21c0f5e49d,186992
update,24,570,b659889d7b8c9d5bde09400a89bd68f77c1b501317b3632b1cd4b2dacb4aeb20,186992
update,24,571,46eea2335aee2d5945a9a78654ad73e60f8c704960bc1592f7f501f0d05d32b4,186992
update,24,572,e306f0b739b4e7142ad9d8c59c51c87cd84783e4dc465fa3296649fdead3c97a,186992
update,24,573,9221d85ce3896c90d4077fd938e7ef5497abde26c749b0cfdae6785a5226e397,186992
update,24,574,75fa7eba07a9b2ad7f6f2f20128c0175f75f92b0fb5936f259d2b52c5f0e65d6,186992
update,24,575,a9d6600f22ebb7bf84e379f608c4f4b41dc86a4adaa45b4500c3bda5f8d8260d,186992
update,24,576,5cbe241a32504fd8436065261c8bea79ff379883e69b1cb43938abe1ecb2955e,186992
update,24,577,9a1bf1a8888ff203f883584411db03e45530b62ace43c25e7f97ba73dd51004a,186992
update,24,578,5355fef6c66bcfe9d24eb92a1671342d6c09c68b05b7a067cabce95effe83cca,186992
update,24,579,ab7836634430b24288e3dfae7a696ee95e6f8ea4ecb3c1cc6b4e06a4470362b9,186992
update,24,580,d93af00e46390d6020d0bdeb582c9d4931ddc021fef56e7e83f6b38f197bbd62,186992
update,24,581,adb452b0a06968ba93a04ae5cf194045a1ee8dba03e334c8867b81abe618fac0,186992
update,24,582,c0b62b081175bc8e4c0a7cb12958e6405be41ebdc2effc90800d216c4e5f7130,186992
update,24,583,4340e0e162cc57727c1dffdee5835206e99055e49a138b8928d4bd084492e8d4,186992
update,24,584,5bda46b2c19c86d68fd253ca052018d3d92823820e00bef804d696521e87809b,186992
update,24,585,d91821c67216d3c7dd6f9c509513aac4c774e7e2151743b9d9ff0736522771e2,186992
update,24,586,82bfac5322374ea1926f6abba05ec3460a143bd94ed0988f721584edd38d8717,186992
update,24,587,247a1fce9cac13746731a9ac50742af5fc7044c375143ccfe0359cfdc873aea7,186992
update,24,588,4bf6fe88cc238b7cbcd934298e9edcf1bbc32cafdd4b82c9865ed283d5c1e5d4,186992
update,24,589,3defd8fff2e5e62c55d0482de2c5381ca0f68fe5864c7159a17a340c137d3d41,186992
update,24,590,bb5ec20244d3d06770842bfa85892fdf7c82399a82e02cd1259e6c403aef3086,186992
update,24,591,e77b9bcc4a372accbe14050643060ebaa650e94eb323e98c5a8ee0d49a5810ae,186992
update,24,592,51b5afe31d70432afe04812f77ac587eceb01cc985b0133659802b3c5a0d4081,186992
update,24,593,191a0f12a953248b98504f892e46a2d58fc9e0ed35b2cae4f3a0009be9715ca8,186992
update,24,594,b376902eeff6d69d4a9769d71f8e59535e1c4173b6a9a12c78468bdca9717e07,186992
update,24,595,6cfc795cc21cf0140831d2dbe37c5b1232dfefb6ed9b131a9bdb8eb19adaca05,186992
update,24,596,17f8da561af7fd70154533d104c89c67cee15dd4f5110a487e0b46db7b629871,186992
update,24,597,94cd22b02bda5a1436a8d921309e5b8a184c4c20add6728ddf5a483102d7e719,186992
update,24,598,32b8f2b62b9e3d1b1898d37b94e371c1a63a88e21518abcb98c4748dc8d0a7fc,186992
update,24,599,9c4cfd041c3663f73f31dffb8c533f75f14b3ee2486f1ec51e37c8d0e659281f,186992
update,24,600,d82d814e3d796152113e63658708de4fb3655ccb3bb92f39d3adfc600a019e69,186992
update,24,601,ea8fef5976fddfab9c674a30750ccc127aa16d5040763d7288ab7e9e624d7354,186992
update,24,602,c0acb6c88df1940c59fb556ff122912e053bd2a46366818949de46094706dd8e,186992
update,24,603,9e50936adef5fbd7c21098cca4b7d4d9008e9541cf7cd1a23c2f877393702349,186992
update,24,604,6f0e49b35f0af323e6fa1985191f42e040bec8897de2ffa77e8e9c5f3e08b42c,186992
update,24,605,3477588c41d5fe171f9bbbe97b2bbfec880e598479972cc13a6c4131eb36ab71,186992
update,24,606,6abae85569c2e63de0a8ac6534e2b695af84600588708417d95c8a87bd8ddd9b,186992
update,24,607,64a181c80f94a69814bcf726ed98eb34e575898f686fe989e99b7aa7125f7032,186992
update,24,608,cbfc0aa5c6fa6b0f27220fa3958d6466b2da3e5c5da2e164546e145408839a3b,186992
update,24,609,387fc1c2ffb0bc274302a415e8114aa5696d515c007f72d0c217cd136d4117c2,186992
update,24,610,99974483dc07d2c63646d747086352abb3bb0df6b707fd828b205973d348464e,186992
update,24,611,48e0f6046c89debd5dacc7055d174f927f347ad83095d6e3bf0a50fd9baf2c58,186992
update,24,612,0d3b94477ec50cb7a3a8ad5c3befa41fb47f81ef6b5b5c8e8541b0e37a866102,186992
update,24,613,c176a64510367f757d36c75aa89ec273ef60da55fa367fb7d66ba646d10d50e5,186992
update,24,614,f59eac5d3462b6151d8906d21399f59e68c033bdbd2388ad883818352fd48046,186992
update,24,615,9f8a84374c4df9c6983283821c97185681f31977da98df6edbd9a46b2fc5d77d,186992
update,24,616,16d5b240703ca80f5fbf99acf8b5de0aafc6f954b119ffd4f4a1169c9f35ec65,186992
update,24,617,c94183a7a3fc8ab866694a55c2a7924ad8cd1952c20c51e3c0873fa13382a624,186992
update,24,618,4e87a67e925e50aabf41240878fe2010c78562a94c12e529c9780dfee573bfe9,186992
update,24,619,25965e0ca13b0a6b86370df609cfed6e2252aa7bbf21a15196ded8f681294379,186992
update,24,620,10a581de5559256986bc91a787e28d0cef0187691084c3e7e6baae1ecd4bdea6,186992
update,24,621,09e7bc35b30c4ceaea31061389e70cbabba56281ecb10a950a5b8a7743816d03,186992
update,24,622,2f2e1d776c0ab8b790942da7de1d709e2fe671069959fa69d48b37058ea3146b,186992
update,24,623,bcde7f8b82c72ba70fb255dc8c9d640a8b5acdebc11d69c27b9c2e006e07c6d1,186992
update,24,624,ebc38791b9d077ea3399dbde29196e5856705587728f2532282d48f803d69bf1,186992
update,24,625,596533191e26efed23061d995444a690b9182a874eeb6ef4f6176e37db87d325,186992
update,24,626,ef72fe1c95442c9bbc55fc65a10e0d7b1665561e57800101e50790815704b39c,186992
update,24,627,309f8605ab1c43169ca9e47ee883d08630158137b8679cfcb4f109e381ec20b5,186992
update,24,628,393e8340f05039cabe726641ba0bcd3cd45524130fb46d35370b389cd8813c7d,186992
update,24,629,c2a9b2d5b66e9bcd9d1fce31e5dd92cae202f19dc120b2cd72c18668212b57a5,186992
update,24,630,92c21c4f441d266450b1f8c254e879433e53ce02bb81b1eb1dbd15f954ed1f57,186992
update,24,631,7a2a3028bec1e6d0e924bdc14d7e139287e3f8cf63ca6fc07ce246def18f4fe3,186992
update,24,632,c2f98854d0ecd52847f10e3552d7a1cfcd90b3c2105b50df80d3f870c18a3631,186992
update,24,633,6eeb0936d0572ece59bc6ea78618f930d54055eee17607f1a7b6d16ad87c1658,186992
update,24,634,4f51b60568937096437044fe4191c5471df2167a8709522ea0bcea215cac55c5,186992
update,24,635,268062d7e912d48a9dbe439f8f4dbd5e9dcbc370f51b5e1e4fcd7e3a8d43f62c,186992
update,24,636,e1f35693eb482daa80532c9e32fc235771412b305b9a8b70c4e4a0712b1c34eb,186992
update,24,637,b00a5359741a0df59e0e865a3231e01080907a91a0de414d8766b2b9cbcccea4,186992
update,24,638,0c3c0db9d1d796a44790505737c8f93e7b4618a090d7dd61d04020c95ac85382,186992
update,24,639,74658869092c9c081afbab84a82f848adbe5a803b9a31e3763c0aa4836560419,186992
update,24,640,adbdd2c5f502dfdaf366b1dcfaaf8fed421a107a58944c8e1c58ce239cdc5714,186992
update,24,641,99a05ad4ce669866479c463c80544084327077b23b3bf7516c17b30766b3acb3,186992
update,24,642,b687bed8a1b0ab8fbf39d06325e421aacf9be27ea54fc499200bd9fde6e2d34f,186992
update,24,643,4b89750cb18230221db65e2109f684ad2e195ed54d71440f072eae5bd6d72b29,186992
update,24,644,1aabd841c30f967c46fb312513c9956d8124cba5ccec43c47251a117ee07aaab,186992
update,24,645,4301e2f176ffbcdfa33cb7b2728cb67c138cadd43b23386ef5cc928bb1a9b201,186992
update,24,646,c1a2f11be6278134c4c00b121fc8d205c6ac9896ac983078e15bfea4bc44e54b,186992
update,24,647,e8e17c0b337b3d06e8ce802200eafc6e6f8c113549cd709620931724576a43d9,186992
update,24,648,26ac4da1a97b2e62e734fc7eeb9e69c4209cd598ed06a190ca7315158c046307,186992
update,24,649,570de64c25f0511b92e772396cf1bbb83975f6adb53832125a81151a572fc1de,186992
update,24,650,e7f089a933271c6af984a851a11d8f8ace4390f1c5ac8f1949702b4da445c198,186992
update,24,651,f8e8f797c3666b22ca8118af3d4518d15c33c674ed9448b14cd3e70628a2c9e2,186992
update,24,652,97a45de3ee1f4b1cf20271258bb46e4af182fca8a374d52348f3bc923518754e,186992
update,24,653,b241655d61bb23b0c164ab871216da6f7e83404b5f3d1847f0b3ce307d2053d2,186992
update,24,654,ac8b552a60a8965fefb5fff767a8502db66168e2bcb67dc5fedf07519650420d,186992
update,24,655,bd322fe7ca75bb4e7a3f0bbf5c6f1eabb479bb5d7dd6b95e50b080e459bb3e19,186992
update,24,656,06771c2b574e1922552578d49d09d675f95f8d21c3412c8a9fa3f8dcdebb92ce,186992
update,24,657,f0e94fcb3b3f01c2473c2df06bede7d5cdbc2ac20b98e833bad03bb0c4cb7c96,186992
update,24,658,725dc6639ea6066dde69c291cb31828aa8f92a2b5caaf7a6698f79deac896249,186992
update,24,659,50056025d8400c82a372235dee6b6430692fc7b7776e63be4201636631bddb60,186992
update,24,660,0667cf45c65bf1204301135f202ce2226cd183a862d1c837bcaaba4b92742ce0,186992
update,24,661,40cf0a580ff71432f293a0e8da2d2a6eb99b6a033f269b5d21119f78e0a87f96,186992
update,24,662,2786b4957fafec1f9544f6233389dc75fb5549e2f0bd8edc894240b58ac2acd8,186992
update,24,663,7de86e12c709fcd22748e68a7b813fed3ab2510e834f70347e0f3fa084d5d648,186992
update,24,664,1adcf03357c4c5a020a8d4348982b2c5589539ee4246da8f077c6ac9c094fa65,186992
update,24,665,071b043c08bd633686da285d7af90586a9c74909aa4af5bf5312a680fa6a1081,186992
update,24,666,1bfdc51b642fe1cdaf4aa8c9ef2ffc6d0cea2cb688c77c52a76fef856ea7ce6b,186992
update,24,667,70e6e1c2bcc4871a47612caa5f8828f3d66a7931a7b627c55942820f4c3cdb8b,186992
update,24,668,cd91374395e9c586a9dd5f657a80ccab16463b0e2056ca3284707dd67fed3db7,186992
update,24,669,5b7aebadadcb051fe2642d47f37cba363854917c8cce43a1c58c5973d00f2480,186992
update,24,670,71c27ac1dbdb47f7de6bb7d99c5c8abc164cda45f13a29f30d12f75f41fa0a52,186992
update,24,671,9de438663a54f6d7beb1a6a4a331bf3f738c15d45bf47503a5ee614db2a7b65c,186992
update,24,672,78a646e9a2ddd281027e96802a4cfaac2b784676db485037fad00190747a9e8d,186992
update,24,673,30eb99be29965ce82c9b3af9cc06ab982100d3170a4ad2f13c27cdfdfbfbf23a,186992
update,24,674,28541e78536708f6e5972d7bcd3674e5e3d5e3bc580138b59972449a3c83d088,186992
update,24,675,439c05777f30d2471c7f8e709024b46cda570871c81ac7fde5fbce9ef5bddcf5,186992
update,24,676,fcc3d53112c325ff699f07d5e3ec57c0de8559398f92af46850da22b8efb6770,186992
update,24,677,6fef6af5171821f2c2ce81a0ccf09246a76766ff6cf097e1e4d50c4354f0b63e,186992
update,24,678,d785d2db5337d1d4cc8c1dd3442e78dd23802db345daf649ba2b23f489a6341c,186992
update,24,679,47f9ed664168c44f0f46fbc45e55189bbc96e15089e72af6c31bb2be18a0df14,186992
update,24,680,94770c96c5ca158b14cfec1e0616acdf7ee462a4fd2b575fe049ff7684e56b7c,186992
update,24,681,cdcb9138e2c9e714825594d52f492eb75d89eec1e4dc9b025ded4be65be9fc99,186992
update,24,682,a33d63915288e29552bebf8e65f949cc5b44b6635d2df8be9d251bb052ff4d87,186992
update,24,683,8df19d0f92432e82ff25cdaa3ee0e48251178b5f0d074211afdf0d1f10e0dafc,186992
update,24,684,a0e764bb78c42dfcbfdd63e9b6dcf8d002da6ccc513aa72ac502894141769ad4,186992
update,24,685,d20a9691d79b79c10910f946af3969c1381218ffe738d4aab525a0363d12b54a,186992
update,24,686,6cd4152706637b0fb3f4849c92301c3d864f5aad705270e47be90fb08061b377,186992
update,24,687,0fd4b394e90f6b17c90008523d0a1bfaba2a11f01966a202335a9304cc3ce7db,186992
update,24,688,79dd86d8bff9c81b095bb125bc96e2dc964db8e2687d2efee6b9a64f4f7f749b,186992
update,24,689,0a69cc1ce4ac6f23ce44a5113dfcc5d64d2ef53816cfe8680ede7ba845381c27,186992
update,24,690,c24d3b56a70c1e279b19a1bf9a9e411f754d2bf705e87d8f485c951a1f61bf8c,186992
update,24,691,94daa71af5100093d90216fc2aa004988289a20213a2c7b61190089bbbd58a32,186992
update,24,692,dfc02668f79fb3386dca8270e642a109ed973ceed1c83aed8e1578958b06d98a,186992
update,24,693,99af1b124f2cb9f2aa535850356711f464bc3eaf64dc815873a6ebec3c5c899f,186992
update,24,694,d9b25f5bf312aa653be344b4cc3cc0f4de3d73cfc8f27951c875eb2d7da20889,186992
update,24,695,79968e24c4f8bf6b45f2e55efd619ef7330a7a3b532c17459b43b2cb7595d439,186992
update,24,696,cf285cdb380c6048c31f475f86e0d826a9e1ed0d3110614c665df6631dda7fe3,186992
update,24,697,87cd591658045b4b3f0b3eccb3a91795da1180b2e33e365cdd677924423df268,186992
update,24,698,afe7e28af99a7df2e1f806ef4890295f695e846aec55d8190f11b1e785417708,186992
update,24,699,583bf62e508ed75f845763f4fbf6660f4c55f90aa99a86d4f4a5c7ea642a9f55,186992
update,24,700,ed79eb4606314871b0534f924748ba0739a8a19ea3e7b81a32c57b6f93f71b6d,186992
update,24,701,9eb8466aecae0e787b181db31f97e12af593e6d8f4736451e6a152fda8d0399b,186992
update,24,702,02a0b64c00f731a5db017c7c38004357f75ab3f9129baa89e5912726d9694ee4,186992
update,24,703,4bb8dbd13eafaaee688de1f26af1f3f98146c9644f2583109b81acb186f4d59a,186992
update,24,704,e0779aab20d726b7e1543ecc9c4e163eb4457240e22b6107a6361ca4d9d79491,186992
update,24,705,1efdc1d14ef13c9a72d8f443ba338babf97eff291d11fa3aa24c24169b1c937f,186992
update,24,706,27ec06fe0a93233db3803bf88f4a67e5dcf20f3ff3182cb7e8499409d485c571,186992
update,24,707,f8bd98af4907ba3e7a7ad07578d45e4af84a5c5f4f5a9651d1bc7c361f6e715a,186992
update,24,708,1682bc00a2f07f3b64116ea6a4518b11c76ea059e9f2b03f2e1978bb92143cf2,186992
update,24,709,c7c749a56236004563a3a3d563a4c0d095d03d373c5de51eab8162156f20f727,186992
update,24,710,14e295ce910149797dc9bdff5875f1857c18a6033d3fc3f0c0e4bf5375b3b69c,186992
update,24,711,ccf6e514c9a848a981fdab898cddb3f2cb7dc5980706ece521e483f569f2da2e,186992
update,24,712,3ee380992d7d0cb324fefb44e9cf1cd46a46c099e1c8c5315bacd14e3001ecf3,186992
update,24,713,0080b4af8b79f24f8d53bcac825afa8f98bca23400089a24965e68930fa97908,186992
update,24,714,faa4ddf74d7a00f4f0b032a51afc668204b929a9dff8e53e4b6aee955a400b73,186992
update,24,715,a3f3e116ccf6b08b85998836be5421026c51317f3571808ccd279a651fbe5e81,186992
update,24,716,a581a346557d61ad2fb07950565c437f08b20f7535032bce4212c04163580c66,186992
update,24,717,5585d016f1d9b4409294301fff0aa6b4efa2ba5fbd45639d4e47e3c8b800331c,186992
update,24,718,20557e31b653712a324deda999ce07cc390c949cc99f3a8f4709183e06356276,186992
update,24,719,47af27fa3ca8521cf9ab776fe32701497fe7cf432231692ee73c64d7910a647b,186992
update,24,720,4a6f191e6ee12c516b90746ba4e7ca6bb20ae94f8430781288e19bd422ffaedf,186992
update,24,721,855602e4c4cb7556a84cc7db77204325e90b86a18d296f4436d8c33ba40d63c1,186992
update,24,722,9b549760d3860cd3d798e06bed03ac8efb04ea781ada193d7fe1b9eb267c0b5d,186992
update,24,723,92c136bc1824fc852a56d8de4f84c14c2d3ab128b9a00be70490a4b230d6a7f6,186992
update,24,724,3eb740b9a855eaed2c6397852603898a44deea0d9ffa9882cc414bd43e99eebf,186992
update,24,725,d7d120379d68c6eae59f5b306939dda94f14989f80b5ec09ec62d507e114c972,186992
update,24,726,de23888b46f81d8965d1cd23127fef963ae3248baacfee99d831241b3e3cfc50,186992
update,24,727,872ebf7f013145da4b4d4235443edd6abdd2d127b84dda86d1afcc5882e6382f,186992
update,24,728,9a9a2ef02a71aff10c33edf55df4c29332f4a60e570ab0c270d60b41e0d83c3f,186992
update,24,729,3a5d765e23b9d0356848fd6a911262e792d3f4e6a4e0d3409a4545ee921903c9,186992
update,24,730,7226b7adfd4cde506691eed6c51eb116c952c7e526fab18f1811aa0e7842ddf9,186992
update,24,731,15553242ae3bbf5bf5f16e58e387a4dee8980d915fec3802a929168f341cb51e,186992
update,24,732,c94d250b1559f0f77f510ef122147499812bf61014ff3425c03e23b1e193af0d,186992
update,24,733,7641763a612cfeb256e3aaef899a8160e6709df1f133a0e17246615571f63af7,186992
update,24,734,aed32abdf3187c49810ba81e3c14d54b4a94f42110bbfa3c5a320b0aa95b324b,186992
update,24,735,c8283b3bdf5f0803353f4906a918563d1d9cbfb7ac8446c9f47b20255e8efefd,186992
update,24,736,62b726b4ba4c691359a4a3c188b180849576da8f118b059381f38530583d5b54,186992
update,24,737,8991cd800e30ad8b1722bdaa1b4f956819e922d8228791241c34241b559aad44,186992
update,24,738,224da8e8c2c67bd9ca2bea85b5218e0e178955f12dd513868380070f272b2e8a,186992
update,24,739,d759fd022accea125d0ccd87bdea44f30a3a93484eee8b3a7e48704eaeca9c31,186992
update,24,740,95015f5e6073bf75252716e1568228c61f11bd14f45b02f7c571cb468f9e5699,186992
update,24,741,e5c235f5959f1bc127a6a22595614cda37d34da761da2574ce6fbc4281cb741b,186992
update,24,742,b9b85b35ac13e93df7cc85c4fa20a03e6e70306288fe54f098b7cd386a882f28,186992
update,24,743,ddb088c76ffa941f213559653990a01bb1654236fff72ed7dab366a97a707fd1,186992
update,24,744,712d7e2d733ea74580b13d8b7ac0f2bb51e26b68cb934a2c2784fc7117b5f4ae,186992
update,24,745,8081a101dc24cbcc9f5556c619b0cbb24b3efbf7e7fc6b7c537b116d23286770,186992
update,24,746,3a490f5a4493a507d8a034f8e205354361e4e2adcdd7a26fec6e2a38055e01e3,186992
update,24,747,13f94fc2cc8599b77a2502acb01ab22d96d20968d640be5ba18c64a5511f369a,186992
update,24,748,f011193633b3636fbbc94435968e192af35244aba48e56a4e0524f95bc181208,186992
update,24,749,67050f8e31d0959a7cb5f3cf104f909b9097e2d158cdea8027841f12a28cbd18,186992
update,24,750,3ad71b05330cad653816764aeba445dc402a136b342e1b07ef6d138388dfd9df,186992
update,24,751,83da6ebd754a0d299cdebe0aa8cdb588564a4e714843c55ed5a4dd5dd2dd79e6,186992
update,24,752,8763c0741675e8503f70f3cccbe34cd54950baecc43bf39db19ad5077da6d20a,186992
update,24,753,e7f65a4ecc6b9c071b801130579988b78c6f5c10078bde1a7e66bad6856f523a,186992
update,24,754,1add4a0f1917ac7f4d0396f9bff85920efc5fb0b101533498eab94f8302400d9,186992
update,24,755,e18d31e5bf0cb0b16fb1c43d3fbdc5d9f428f67c9867ee2e30cfec31b35455cb,186992
update,24,756,9afc361e251dc19ec6238cf5060f85dc9dd6a57a9abada1f6609b9f72ff4fa80,186992
update,24,757,9e4755c31fa77065687e071dca8cc2a9a1c6320b3049cf06029138da57ab8b07,186992
update,24,758,7d0634b6823482e66c3114f7807e7774addcdcd34c357f185d1e66335295d6f6,186992
update,24,759,2ff8a09ecacb0df383d18db933916d0558108ef256c162e552c6976b8d21ebee,186992
update,24,760,9c574a0b95ea89d17e31d1db8b0168dad1cc19299d1f6f309eb6a21d69b2318b,186992
update,24,761,fd4c1ed71966c8af651445a5ab3bee64bcdb0df60c263b7ee914ddf5e874c456,186992
update,24,762,ad25f61db932b284644badd0cb33d435e9cd992ee52a0fa040b3c1cf76a109d9,186992
update,24,763,7eb6a0c34bbdbfb2a672f03493f068001c2bf4c247678a24fcdc9405ce723032,186992
update,24,764,6da9de0454fe5fb707986571f76a98a1412085fa69bc47a738d118094db71cde,186992
update,24,765,b28c07bca9bdd104ccfe88bdf3839b28e092c6afaffacf2ffb5b193debad34ad,186992
update,24,766,907d2ade29eb000b053203b8ae3e7d9e9a6734c52dcfbf4f1077fdd6714373a3,186992
update,24,767,4fac55780096c566a445419ddc47db2cd29b807a749b79a2ca267397a75e43c4,186992
membership,28,0,d74a2807a7c53a44a230a994feabcbd22fc23112e5cfbc42d4ccdeac3daeb060,181970
membership,28,1,c40fba40bc57f499ce06a9f949d5c6989793bfe410a3e5254c551d08cbd7b6f6,181970
membership,28,2,caafb20080c34d8e106d8bfd13667b19c7b4b3201e438898c7f63b01ecf3f1f4,181970
membership,28,3,446404b6b7ad9d305a6dd7671011d4a805bbd9285f91bfc59714a9ed0987359b,181970
membership,28,4,cf5b8a20e6b898be927f461ca219f1941986efa49a8677778fb848c2c02f77ad,181970
membership,28,5,92713c12c4672bc33f7008581623b2414d46650c2b3af56d5ea762df28b5ea42,181970
membership,28,6,79e8c6215d1684a9a14054ee758d0e9a75f89c85295f47f755ea7a0a183ccf3c,181970
membership,28,7,8b40d4de7082d43d4deabeb03095bd9d1db00817c90d1e9ff7f047437380b9f4,181970
membership,28,8,0c5e2d57a4d24576ad12f09c76da43da3789f44c380a91ce600730d050862267,181970
membership,28,9,5708691552fd85d44a6d0a9abc9507e38bd280dedbfb2064681c024d5962965c,181970
membership,28,10,b88d54413f060ea2f082e499e40a3ae53e39dbe2c38937ef4ec4b94df229a608,181970
membership,28,11,b0bab01853d8ddbf84058eb142030b9ea0a420cbfacc39af1194309ceea940d0,181970
membership,28,12,90e9da170d884f601817e35417d4b10e181396a8884ecf60c10442bbdfd19d3b,181970
membership,28,13,10fe0b229b17d9d350850e5ba22af1bec0688511ff883d1cf3accca35b57657b,181970
membership,28,14,8b1cc50288782dd8da1c1c737443f0341802a3fbfefb07c42cf055b107152cc9,181970
membership,28,15,84e89eb5423dd8f9dd0d6308ca021f99a13c4dda00c3c9324c440215ee461f3d,181970
membership,28,16,b706ccb71f5ac5d9d1a58deb5a6982fa82f94d89de0de68a075e87e47ab6448e,181970
membership,28,17,eea4220e6a214eab437f2decddec298bed515794ce2cf7235c152768513eb4b9,181970
membership,28,18,82c39d6daa7cf932b23e7e00c38274bf0bca7e8140a0825231932434bbd59ea5,181970
membership,28,19,965e9deb8e0a2bbc388a37cb7dbef584a0bf08ebb319e33bab3911929c0b18d9,181970
membership,28,20,38f4b982e34178f271cf88e1162d771bc34b3f36f72b2a8baff03dc1b5bc6dbf,181970
membership,28,21,5cf4f52a3abeb23189d8c32612e4e0dc96be98774c3d71a65534a1b8d89835c0,181970
membership,28,22,c9411a9a03544dcc60eb11d3272d0a0534ebc374ec29a9db90aa5457b8442a8c,181970
membership,28,23,549fa1526e3c2e58c118fd14325b0d98a7eccef22653a9d6e9f4f942ff596cdb,181970
membership,28,24,9cc7c4e9ab4f49ff7c1de3aeea87371272e6f8a09601ea945723208eb0f3ccb4,181970
membership,28,25,b2a1ae7722fa2d55ef095bb8114725a704ee91760006e48fc1b72717cb87bec4,181970
membership,28,26,e78fcf2a8a83855c640f7d674c29a70d69a8bede800672f81e9cd055170aa944,181970
membership,28,27,efafe9946c38894f0857ec04fa610f6ccb45b326f11090cb62b78eca0b389d69,181970
membership,28,28,9863cd557bba9522dbbef0a0b4591955a56213430e8f42071fe43ed11a305f28,181970
membership,28,29,e5a559f6aa2577a7724953d3973c7a77b6cdf999a96615eca7068f55bdc18473,181970
membership,28,30,100ab2134361a605f5e2c56781fc5debdefb11012d9f58abbeec42f61e6fd396,181970
membership,28,31,2998d56b10f7b4d566cdaa868427a74d2f04819464963b43dc25802757987791,181970
membership,28,32,81404a3a3356574a0c7d493853de6130bb1f9d84f1d646f389aba409ab1c0194,181970
membership,28,33,e9ea4c5a560a157e50ea69f4d02aeb52ec5cd8ae19462437296cd8d4e00ec0bc,181970
membership,28,34,2105a186fad2dbf183bd53682b9b290cb3123d417d03c8bd38070f8ffaf91f99,181970
membership,28,35,ceb48e04bc69223a2a7bf88851bdab8e9e214455b41d95a40a765aaadfad4325,181970
membership,28,36,7f9477c6b23b610171e620f2bbbf8474ef4d8bd1bd613445945a68eb0eba93b3,181970
membership,28,37,2e2ecd9301fa813a3db62faf715f54c8a0f2ca94a376aeb7134e2ea10cb8184e,181970
membership,28,38,3c87089ec2d4ca713b201a2ea3a0dd487d6aa9475d89b77e6111366f5c79427e,181970
membership,28,39,3fbb112a68a09399afa04c9748eb61d3872daafcf4a209fa5da8c06df471ab20,181970
membership,28,40,bc42ce987f6a5c5326b9f9db1dc5c3b9fb58c012b6ac4a31fc220a412f45c1fe,181970
membership,28,41,b5aa7d02efb7ab5996c243dc7822eca86dd32cd0871be5cd57ce8804c050a992,181970
membership,28,42,ef64d7487219081f6e57268c3c8f2be8ec0b4609bdeb9a73faf05b70a2c1860d,181970
membership,28,43,e0f0761b8d4d5ec4b8305d6023ebdab5f0dbbb366de0a628ba75b48a27b10611,181970
membership,28,44,4876aee1c7e12bf5fb0f4d8267b4834869b129da7948ca40c0507860361b894a,181970
membership,28,45,c52f639dfcefee366ed3a2dc7ef46a1e85ef2e514586a2b761b361c7e21c03a4,181970
membership,28,46,7ef17b9f97f2f7f7f049375d787e6a79745411798b840509ed8bf13cad27f4f8,181970
membership,28,47,5fc687185770ce5abd17aca3ce1f674327e7a2db40e62ed68f26bf74b7d8a95c,181970
membership,28,48,33c6fa2371b70848dd7ade4a4850362655793da6ccc6100f42045cdf6815a8bd,181970
membership,28,49,402f6eabbe13d44d25b9f619de832240750cdf7167f39ab21efc5b8cee25799e,181970
membership,28,50,2f43a0f459908f2fcbbf66014424be749af92e89081b19c99b1d6d8daff07f5c,181970
membership,28,51,4499c6f22f0dd0f16aae2dac45f9b397cfa7f482280d59d56546d78b37e96bdb,181970
membership,28,52,40b994f0f5e22bc0fb622afa44adbf792309eb76a987c152c99be36cc219cbb7,181970
membership,28,53,e8fa7d2ea78e47fc3ab76594f4dd03de08e4ca83cb1accaff45eb34a98098a0d,181970
membership,28,54,cf8d1b923e522a1487577a4d147c581782344f0d4f5a2bfa843b3218f5097598,181970
membership,28,55,d7d5f502edc61992ce6e6a22c4e715cdbcd4f00a105b5f643ea6ba0269b72d65,181970
membership,28,56,aba8789a3d6c33fe32350ee6573ccf5a8f5c1df1828f2cd405e3ddc8063fcf70,181970
membership,28,57,ed4fe9f7e1c907d6d4ead31fc9ff39d9b02602108177a322f4d0d74025981298,181970
membership,28,58,1261372968f9e60499adfeb2ab1225ca7d4e5332de199955630be98d31eb162d,181970
membership,28,59,70c19c93b48b3fb4a04bbea476d9b4ed484af3ed6203942b2059006a71bac38a,181970
membership,28,60,611ea950faa427242a5cb065590d3916f2cf24e5c8d29dbb288f3c1371a8df31,181970
membership,28,61,8903e5c8a6f833d54df9a72be8e0c928b8a756ab7d665e9ad7bfde1d5e1d210b,181970
membership,28,62,86f1ec34d4304669609bf4711a6668568d7973a7762336c6a4415d071b83f0f2,181970
membership,28,63,fd84a5ba18335bed11254eba839fe476563d17407cb5d35e476222de3cf9eb2f,181970
membership,28,64,528703073ea2eb35abb95a2574aa93eb31f78417b1c1840e153b445f319aa1c1,181970
membership,28,65,eae94504163cda5c42839e98fa6820a9da9c693586f2977a8e7d10afaafd8d97,181970
membership,28,66,7dcb6852a82e0efb0ea8d1a11d5c317805580b6be353fde940bc8ab17372e6fb,181970
membership,28,67,4a88471f2fcda5531c614d5463bb49cf773d585a7993ce37fec80d32da7c7bc9,181970
membership,28,68,d8b17ea18439c4bf126aadb1248f6a88c1ffee581518c71c1e021310b371c34d,181970
membership,28,69,e0883842944ea62c9dd0db885c1e90fcb0f1fb78e91a0b873926d6564d858de7,181970
membership,28,70,9e7c4d783883e8d24c9cf1b745d40353e0886e7fee5770f71c8f7050fccf1efc,181970
membership,28,71,6b2016b420da617e73945fe35b832feb8cbcc4440e818e14d2474e5a89f6cdce,181970
membership,28,72,be5974e016c7ad53be7b5920c94c334feeadd02d7b05fe0b7dc4006011d310d6,181970
membership,28,73,fa6f453f60b8c3c3d967cf883d1b225417d2c81e9b279a2aa3c8173ccfea82d4,181970
membership,28,74,db52ab261140cd8a961d40a57413a3c171d13844724aaa9114728bba1ec65057,181970
membership,28,75,65076e47e58e8c80ef392fff7179d59c08881ab3076f8e089d5b3e8faa108ed2,181970
membership,28,76,636db52b2ae7db5723932f704647c1371e723806acbe90209a5102bca572a985,181970
membership,28,77,555dae199432ca2d9d98968de11acef831cd86f2935f7121af63fe80c87fe29a,181970
membership,28,78,badb7a0cb39f51d3b533e9e442b168800c16cb3ab278d008b1d1dbcaf142d2f5,181970
membership,28,79,03e5b024467a233c8b25c86dc9c1e5ef9c9f1744fe1fcaebd7ea9a119b90492a,181970
membership,28,80,62e1278527b332ad27d06ed045db4e6565db4b815fab7f7970e9efa5536236da,181970
membership,28,81,a6268b92c7d3c8d5f2f3102fb82173db15ba04bf37e73582674f7f4b2d046e1e,181970
membership,28,82,04f05aa99f61053924adaa6e165dc728facee82cb7080fc2ff7121e200ad2644,181970
membership,28,83,02038af6232b20f985f9293eaa52530014db445d554d19a2964d26dcd0327098,181970
membership,28,84,759ee8259c70605a9eda977d3f7b739984b817839ebbd0ef7ec0be3032cc2ab4,181970
membership,28,85,80c107eecd2986376b409cbbeca9e11959f9e9580b607c606cafa734d5d89e1b,181970
membership,28,86,1d0d480af9bdb4fad8d3d450af1fd754109e8d2bc511f13e3f309b37761a00a9,181970
membership,28,87,fadd272b8f1608ce0151466c606d542291990a66f2981001b9c18be7381ae1a0,181970
membership,28,88,10fb871848c1a5cac86aadaa2ecf1c878ba16aaad547b3654bdbfa7d0be6c5d8,181970
membership,28,89,bd42875c027d5af0e8d5ed7b61c47b095ab498a62af38219dfe2bf06b2e67a0a,181970
membership,28,90,45cf44344bf6d58477245b4cf3fb2f931980d447e3492b8e18428ef64bda9042,181970
membership,28,91,be3b46c60ceb61443c89bab4f3c5df1e9d8d7e52279b54787739f96565f4fff6,181970
membership,28,92,df564a2fc54de57cd8b4fc7b4d305f48ab245e480c4946a6959303df45c930e7,181970
membership,28,93,af5ef538ae84f467816f3a1b9dacbf40fb8af596020daa4319b43735e1bb3632,181970
membership,28,94,f836468239503b216c1cbb7c48a5861084935ed4459a7a1564bf8034ae8c7ea9,181970
membership,28,95,b7444daa5a0e60a1bb3cf2f9d5bfbb59bba77d9735097bc68b879e59d5f73614,181970
membership,28,96,381e35c3d529a92602598c3c95b97637939322aafee51c1c5ed85f2e4798a8b5,181970
membership,28,97,c206b100a69afbc66acf50237dc023ee5532f678a28b078f04eb5a99c3e77958,181970
membership,28,98,101bb1a95aa2bb23105f275e9e374317c1c5e10d4a5e26db0970d6a47ea77da8,181970
membership,28,99,bb023dc86edd4a6a18832c831397de76d2b301bec505a0e8d72d69c96b3665d9,181970
membership,28,100,dda5a5a18feddbd8b943f6bd64ea5234d841690a79c089423edd171c38213c13,181970
membership,28,101,3ad2c49b3a215e8b14090c25926e05f7a995ceac36fa57875c81d9bbcc1d3c52,181970
membership,28,102,04ad0694845f8319a8c6e033881b3dffdcbfef266cb7fcecd2b347271d0209c9,181970
membership,28,103,bef5e41929ae0f179312af0f7dd8a92211b17f64b371238df27064b3a01d0742,181970
membership,28,104,359b46a4d5e1a8dbead3b47ef5d377ebd168c4217417c9ccaad6c8b07a4a7313,181970
membership,28,105,eb08bf6496b1e4829f322dfc793fce6ae0af3620f656512b866b09c6fb0c08d1,181970
membership,28,106,61218a9fcd3133f4a2ac054a6fd6b16fc42fdfd0e4d0b4c3f7cdb6eabbdeda42,181970
membership,28,107,52269e706fa336d9363baaa8da8e6cfb6e791c0b004aff6d2fd5978f86b1f867,181970
membership,28,108,248b79156036ca82c30ee141c9b9355a65ac6e27d3f1235ed2021fe07ed8ae07,181970
membership,28,109,6d67a0cf0f05fc5ed41ff09bfe4274585ad3b0f283340c9befb840cce6626c62,181970
membership,28,110,750d89ed692c617097b6ac5912e2137bcae54090aad04445ea6bdb66f5cc9c61,181970
membership,28,111,f3da72d416c9993e78a6cf5361d1c952c274c469f58ca55d8246fc76cac44d07,181970
membership,28,112,409a77bee0b7514afeaa740e586f912876bb2b21e68b98e401c065d3a2299a1e,181970
membership,28,113,49aac81b5fd50fb834ea9582ab75a9d71b1f9144e522eecbe909268081e1360b,181970
membership,28,114,c458955127a5e12ae0c76bd5d4714d47bd05e44a55dc4079f8b089086c098683,181970
membership,28,115,8fd214b922c808472030dccac8d75ec97830eb94dac79913a769a9c699b94ab9,181970
membership,28,116,bd0b0af02821bf09aaff776b7178c062bdf531475bec7788c59d946962e139ca,181970
membership,28,117,2dd07ff25bf2bdf2f067a9750eaa84b5cba07754a4c2d5c39028367e8d724c3c,181970
membership,28,118,1cf93907d8f95add3c37fb45ffb06abca3b1325953c081ba6665d74680cdfbfc,181970
membership,28,119,07f5d2b06297132c339b953d8c65fd2cd5d52be39d1d9f0c9c382b27b29f87c2,181970
membership,28,120,d2e2db34cfb85f766213f54a4849aef82624478ea1bb18213ff133369cde09d0,181970
membership,28,121,562ecc0fef2c6b35767003ce0f7631bd91e3e0d12433f1d136488cdec3f63a93,181970
membership,28,122,c008c875361e88458e974a93b548411de3829aa899e2961ff9b05bc66c7043cf,181970
membership,28,123,08e9c8133cc547e63de37d63513236a3e7bce85c08a86ce1b100836bc8bf94ac,181970
membership,28,124,e27b6bac49ef6667ed53aa42e0bf78592dabbb725554f70c26318cf34ec9bda0,181970
membership,28,125,4347ad24c25d556514fdc6d9feb6685980b70fde423831dd41138e81b643ff94,181970
membership,28,126,c0695d1a84ca1b4fd0ca6f7b7e776ecb813c42d515b759e71095a654d26bd5f3,181970
membership,28,127,6b63015beb18f965f213b6b9e021f8da5dca26ebb32cfa8626a5ea34d936de91,181970
membership,28,128,1756e224173843e969977aaf15b990849417543df4d825ab41fc06bb72ccc1e6,181970
membership,28,129,6bb22bf4bd77bea7e78277e1672b20f45a041de0f827029f0b47f0945ec6d5a6,181970
membership,28,130,eb53e0a8839b26253351f39770127aa5a16e243ae3995f8e780a06a875234dd6,181970
membership,28,131,8c00fcfa366f5863253f505dc6af7f94d648d938558f01dd6c62a6b94f1f732d,181970
membership,28,132,18fe17e4c82cc16c93aba38369b9fb0b132e851cff75d36c3588d2677f3baab1,181970
membership,28,133,e36415da1373fa84b4ec14ea6f0aaf2b34fe06d0f5decc267dc8214848941dea,181970
membership,28,134,bc343132c7b06e4c0afe633973f6971fb1dc336b14356f2325bc020615567b14,181970
membership,28,135,bdd815a81c32f41e652aa90202d70732a0bacb0c26c0d203ad5ba6315b19c93a,181970
membership,28,136,2aca01d75b53056cd0c99800eeeee631c36ee0bce857645aa97b045255d847a4,181970
membership,28,137,dfe65b36bfa611b5b7b1b61590cd3ac4f5d8f1f0480157c186f4fdbf011b3523,181970
membership,28,138,a3e2fd9f0807bb6ad875abc66a30555010c6bcf57992aef6b5efadb71d53a251,181970
membership,28,139,d049c26c011d17f432847de52acb2140542fe305f7dce941630eda2816eb1c5f,181970
membership,28,140,4dd144d47605f45b1bd5284ac86c3c00589c850ec858c7e727e8740a93a73a2d,181970
membership,28,141,eee155525b8ef09f98ef49a19c625d179cfa41a5e9bdd59a8c56a2147d2ed60a,181970
membership,28,142,22aaa8c76a721dbc84ffffe2af044ea2df221499514b1b3760b4efe47e1ab5ed,181970
membership,28,143,f8f3c58a802b8dae82d67b68a36533fe142b6e3d1750250a5dd4177f33b69bc4,181970
membership,28,144,d1056086c1413ed078ee1515b610aa861169b4f21d9f8c263fac4abc82a92d15,181970
membership,28,145,a92c0f93e919c287999191e0d8ef4e9ca7924792988fc305e7ab0e7a6dc73935,181970
membership,28,146,cf146f11c5fb4fbc823fe417d83ac5135c4a056b76841183c6f02756ff31eba3,181970
membership,28,147,e0d253ff5c3550991e4eaedfad6b240449f4d892fc0ab48d821643b29c679f8c,181970
membership,28,148,2b81938c8d2438c6922794f944b7e2df940a0dcf7474261fdf7af8842a04019d,181970
membership,28,149,80381e7eead637466ca962896ecc3e3b61049cf467ff45bec52ac0cee6366413,181970
membership,28,150,eaa1df856db1c1d64b186dfc4db87854a2d2f6617b61aa7263fb0e078acb14f8,181970
membership,28,151,7895f20ed2c1ee1ba4d2175fef73916316820836baf895fe685865e1624d3e36,181970
membership,28,152,765c7d3369a9880b520ba5d3ffa748c20099551b0ca956b610a9af92419ea5ee,181970
membership,28,153,bf020baeb3e4398911d4b9969efbd6836ad4a42758b6478db69c70a61ff86897,181970
membership,28,154,524cd8303d72523e76c73ba27f3d13de02e8f3528fab4b05cb73d92a625bb053,181970
membership,28,155,b2e6790bff5d86ea35cbf37450a7ded4da5617d9122e9b2b227128422ddc6382,181970
membership,28,156,69d3c6bab2c457ceb52d89bfc992f27c42cd7ec31ae9d68eab42238ddb4a64f7,181970
membership,28,157,e532302acbdb155d0f2a3a2ad789cc1755001d0bda021010de8af7c8c95760aa,181970
membership,28,158,1df4f790fcd3d5543c1efcb5ec18278ca29ca92af4888d560ef8789170c1b9c9,181970
membership,28,159,6082b0aa368e754c050219dababba0dd27eb798937bb313d16ef92aee98de7ed,181970
membership,28,160,7f8ea4e06a81771892be99a8957049224104e04127e448f7410a79f9a490bc66,181970
membership,28,161,cd52075c742c7804b87f3639cabe8811fb3e3012f970127e8c812e5908474a24,181970
membership,28,162,482db8ab269c06b06a39b14cef08c79409e700f11f13e4b4f32b41e4d97618b0,181970
membership,28,163,a7564159d8c4d694c36d5602e370871df5150cc91b2a68f4177278499b9af601,181970
membership,28,164,33fa88c02d280638f308330ea2d5ebbc12a2cde3498663dc489e1fb4e6f6da43,181970
membership,28,165,de4a58532f08bf7c36376d6f5cf67ee7449cd0f54f391421373e975bffcafaa6,181970
membership,28,166,306f7e119b37d3177b7f66ab51682aa30f1cffe63d636ac8fc85581fd74ee08c,181970
membership,28,167,eb2f6896b20c676e99d4cbc1df23e4e24f8ca77cf944d501104f9a27a3faaf3f,181970
membership,28,168,e524a64a023fdb3f7eed2b7d92e8e4895c527a4495e92eb609b94b38e9ecbcc5,181970
membership,28,169,93c9cfa0559b9f2a70bb218af5cf221af6eb81345a88f65dfa58a01cca6a0724,181970
membership,28,170,0a93d8e739c3e97c093971e5ab6c38197c535d42f679285745a592102f34efd9,181970
membership,28,171,0ebe388dfc3b71d23467c036ceff2fb9103d67a98226b9b5ee6652afb5467a76,181970
membership,28,172,97005b8ee562bae21001236d80099661a98f37c7ee4fc230ea60e200d7d6ab3c,181970
membership,28,173,4f2d29f20234851b66318559f4080ebb0897f07e6b821e2ac8153bbcbc93dda5,181970
membership,28,174,12ecb6879438b9c83ae11f3f04a837fe21a7e0e26d22b1326c23ac3e16ae64fa,181970
membership,28,175,629086d3b113c27469b4c6ace1679d5bf429dae57b4b7b5b23cb630057cd3d9b,181970
membership,28,176,162dd51951061ede56ac754055727e80afa7a606941dadcf456a8e5e32eef876,181970
membership,28,177,596827d98e6db3f5274a8bf2f1798ce06f6db66cd6c860d1d713ba01110b51f7,181970
membership,28,178,bd06d8adc0bddc1ba3ff6e8e584882a58a9d1ed3d083dd9787de0eeafc56c23c,181970
membership,28,179,efd83fa0c2e2c3c7091489fadcbd2e3ed8a40ff29b1580400acb2d8c3fd915df,181970
membership,28,180,4a89f7ee6eb1effcd2c825d289912766b62f1082d83a4618912b64496d1c2caa,181970
membership,28,181,0b8b41ae00c6c5034a08865cf11e0b59957a2e7db1cda492a21f0bdfe863457b,181970
membership,28,182,2cd1c70a4233cd92c516ace30e5a7c00743a8e88d671f1a66031183844404b88,181970
membership,28,183,48954fd1777c55f10d317f388f264de9c841fa5cc12d8ad0ebe9a5d2f536859f,181970
membership,28,184,cf1fc505f601255db5afa3e55d67ef34d60975c711acfdfad68561be4c75adc0,181970
membership,28,185,bd3430d74060a9f6bac370ad62f2b5ad20dd5bb66ec4e81899045baef29a2c08,181970
membership,28,186,029ceca558fbf7ebcb9bed7bc5d218ca35e1ae0cb58a8360f70dcf207a16b8fb,181970
membership,28,187,ab67bbbc775fcbd61862faf0fd7ae1d34963e8d952c302ba1cccbc6aefdaa4cf,181970
membership,28,188,0a041ff33b9004c6dabc6924b08db7df1417bbcbc208e66e70bc1e7826e64d33,181970
membership,28,189,4fffc74201f616d3f6590582b9024ad4a7e777b40cbaedbd8493a677d0e3932e,181970
membership,28,190,281697b74e9bc34a2eb1a78cd85ca0ca7b9b0b9a2fba73d5bd498eb6beb02747,181970
membership,28,191,277b23410c2d1492b86a7be00ec1b23cdb24e8bc2328763fc49a931986e5269a,181970
membership,28,192,e581771d6a8914820f383b8b9ecb712cc06b71901026ef4bf4500a09e481da90,181970
membership,28,193,32424e5dd234302617755b08a994be437e0c394e019f823701dc34847d0cadbf,181970
membership,28,194,1600c2e34cc5db6c4f21461b65e70f3bd4be13a2db629e84d0e9eb67edfffed5,181970
membership,28,195,623d3e289246018d717bf2d753d5116c8ae0ba023592b34e8ac822d3b9a03a42,181970
membership,28,196,ded994c5b595cb1ec8e10039c4c680a48cf058a2795e1493c02bbc58cb01bde7,181970
membership,28,197,6cc7e27891dd5a51cc4cd694d66db3f5857c3610dffe5a546be6b3fd3972bd10,181970
membership,28,198,3b5d39f9745b0ea1f028dd1fe9a8f71a407ba7e31f9d3716ef3f074d2959045f,181970
membership,28,199,c545bc2703823d9c0456aff86f1c9b470bd592ff3efbd8ade059e32aa316eb78,181970
membership,28,200,8de95ed99d97e4810fac60cd0e64ec1abf0f66ec627ddaac6763dada358e4d2e,181970
membership,28,201,811f951fb2b126fb82af10397d21937fbb7fa3bd1aa87be9fa132f4e57dc0f6f,181970
membership,28,202,ed865566a1a8faa00478727cb4526310a8d19d910e3dffed6d8983f7a90591bc,181970
membership,28,203,09515e57a8e30ca2038c59ce9ee89bec59ec7d201e96329df0f9c85170a4263d,181970
membership,28,204,51d8da3a29ecc9efc7df256fa9bc5d8eff1db904dde6437941276e60269efb2f,181970
membership,28,205,20ad32eb3646224f2f4d030e5145a50f8f83d3d17db753ad88e4e20410e91bb2,181970
membership,28,206,45ca1662e42b4ac76a591d7a9b692cab08a342b5354e12d3d2eb8d211d835086,181970
membership,28,207,7232f645b1d7b88a43c36a65c4ce7c5faba2571798d950f8d69233251cccaa50,181970
membership,28,208,c3db4782909d3f977bd7298f129ba258c2e04c00d0ac8cbca47fc1340e81a1fe,181970
membership,28,209,573a52b3d9a77839b3fad89f5439b36f592fdf95b5e1631f64ec82423ea30b07,181970
membership,28,210,acd78aacc8b49fc5a8d0d4d23913932213ff743954e9327b5f78691451c0a548,181970
membership,28,211,a3d54cb03f09ada50240f15ce0a191f99f1ec1c38966434d3d2beb4972eb7cab,181970
membership,28,212,c2d07bedbd341b55637667435b4a89a1ef1a20031c8e4414bc25e26a7c14e507,181970
membership,28,213,51796e92fbe7009d5235362a5b190693b5e9be4c61c130cbf5e12e29b95bae19,181970
membership,28,214,d5daedb18df6ec3752ff6bd494ee1b3760dfe5b00b9136aa003bcf06b2d329d0,181970
membership,28,215,ec82df7b242fcd6a0f47836dd9c83f6952ea353c3425ef4eeb3fad545baf31c3,181970
membership,28,216,48e1192c0e3069e78b406c559f23107e9126183903f5691f0a84aa74e79df9db,181970
membership,28,217,56c070759c9211f149a302715583d99ca905ce2a57757854537b402dfda5dc3d,181970
membership,28,218,eb2638076da5fece9acc92d9ef16d7910664e5ee685f56cca3a324d021c82b6b,181970
membership,28,219,3527064097be654fe40b455cfa4cad3e2d056a21691446af2220640009e0e012,181970
membership,28,220,b45c40118dc6f2f876327363285707b09361af69f5486a13ec49a00ec9ba1009,181970
membership,28,221,371275965075e1efd1255a130c42687f050f3a6b0a73dff4830d24099919abb3,181970
membership,28,222,aff559697d46c0990a3fdfc7da8b15561695fbd687c297049ddc607ec7c5baf4,181970
membership,28,223,148fb3f3fe27b110b43705382e690a7eda06fe44dd575cc4f0255f846c7a5dee,181970
membership,28,224,c4529f8281b05178f1d433bddc6e674401320f984520316f702a29e919030f88,181970
membership,28,225,318b2321c975da5be0bfd57be9b1cfc682918fc5580ad7979e8b520610cd0153,181970
membership,28,226,e13c8910603bc8322f533c10cd26b63a40e4d7bdecef34667d592d5a0a6b0067,181970
membership,28,227,16eab546694fee5b05863e6acc4ef3319b2a85f2e9c6ec4eaa79fc5a4230c061,181970
membership,28,228,6fc75a38418e611747988f688be1083791420b84d9adb88bf9bfad6d09abfe0e,181970
membership,28,229,02a5e6d6ca1942576bf28c593180a8a59b0b1740c32182eedf4565d6a9c31e20,181970
membership,28,230,864a3f31e4adca8f9c61a2de3ced17cc8dc6433e6159627e8ef8519c8558f0c0,181970
membership,28,231,4c1a49eddea6bf96798bed3ccd677c22561bcfa91cb85d08f7e9d40084e3586c,181970
membership,28,232,348f51ef9d39e1dd55838dde02a3f975967454638028c1a7a0ce981f33f0d000,181970
membership,28,233,310cba100f12ccc75a619674f7d985552158bb65674be7af81dfff12348927c3,181970
membership,28,234,6598f7e3c1ab135c727e21f01319afa49e1a6547829776450cbb3ebb5d1e0cb5,181970
membership,28,235,4dc8e3f2f42c00f110cef3e0c1b398228ca194751e6ab4ff8c225118ec2f4797,181970
membership,28,236,a1fd3706e41673b9ae7254f3784205d2d526766f5bbdbb9c5503d4be162231cb,181970
membership,28,237,8eb4250b183babdb2036d3fcab3461f577fec75b610b48b19b2351ea8da69ba1,181970
membership,28,238,445927c1a4f849408e077f9c3203d1bbd30246452b3a22c33f9155364cbdd7f6,181970
membership,28,239,6357b2b0b5b48e60c149fd73d597af8b88455bc5dc215fc0ca974a28204b2c0f,181970
membership,28,240,cf2cb2e1b40641a88f68b4d85e3c59c935b1c08c7b3062b96054b5b986cddd59,181970
membership,28,241,0ba61fb4e63843d246b71d78273023c86183e78f42cf3b7911e74000f57891a2,181970
membership,28,242,e6f6bc08923f3de8ad1b1f6672a0c701400b88b1b5ec72b40ab1a32ea7220efc,181970
membership,28,243,3f32e19b55eee3f923e2750da80d1620517ba3e2a6bd4f6fdbd2224a64bcd717,181970
membership,28,244,471cfa168c9c179571b2bfabb148ce15f944a2b34e22431a13819984b511b729,181970
membership,28,245,abb04eb1e398f80273f45ec379cbc2fdd50bc86bea114a670347794b815d1376,181970
membership,28,246,cd9c8414c75c5d4092345ea28bb36c1977078694a855786b09d748b814d09684,181970
membership,28,247,cd4e930b6473f67571814ad3af200f539be4836e19d505c0f368507ef582ef7f,181970
membership,28,248,fc62737f7a2c26a629e5831fffa8181cbd6124f83b0e2a35e7a8456cb32c72e4,181970
membership,28,249,b5695dd397eefd7221732dea10c782c59eea12cccacd7f920e67aa15b2b0e81b,181970
membership,28,250,97d25b577bc746fea7b366aca4e6b5e909aca8f9b0c6e92ca7b185e09af0a0e7,181970
membership,28,251,0bbb1570e23bcffabedbedea8bc0a5f523eb43b9bd737db9d954448814cd848e,181970
membership,28,252,f02c8e276a1c5edf32863a9aa1c2b006fd24673de3f90fad71062f6ff2adbd5b,181970
membership,28,253,e775fd9d99a397a6e4a85fdaeef972f280f653748bbae05cde96e6f042ea3553,181970
membership,28,254,d98d94a88b8d37294cfbc20ccfbe45a87d6005c612ffb54fc45b207dcee2e6e3,181970
membership,28,255,be837f4b2febfec4e9420af672cee6487ee673c2114cbc86820bf7da62044741,181970
membership,28,256,2e3bf96b548afc026979b351bd0697f709486bdffa77c5f1086c4e1ca8f988f7,181970
membership,28,257,ce132b2ef64533dd96d27192df688298ec96c4e23ffcdfa3ba0fcb768157f1c1,181970
membership,28,258,8db841a66fd1fa77fbd5d7c94f2807c9ad10b37b1bd463fa96ebd00b48ce94e6,181970
membership,28,259,80225aa629d1c9116ee809401a0eba617a89f1683410db9a1bdb2ad14c0bded0,181970
membership,28,260,f2f18b3efc29d5d22694e081a29c362ac3a19398897a369ebc4eaa70221d5545,181970
membership,28,261,5355381ac7da33c1a0c4ee39647cd9e7c6b1f5eecd54fac05b4bd83b3c393fcb,181970
membership,28,262,c1aa59b077042921255975614701ed391ce067390dc58588410545a73ef7782a,181970
membership,28,263,0ef23281605a8dd7cba62e9d14ce531e10c0055130c2d145228b738247c63fc1,181970
membership,28,264,49e616f991d928f59c6ef5a4d11a83420b902e6eaccb536b57445341aa17915b,181970
membership,28,265,d02f916b16d92fe743737c994b0ff27eb07b4c39e0fb9edeecd30e5ebbff1fdb,181970
membership,28,266,b0733cc40a6673b165dba4bd89aa227599930e6a8f385bff923c65a64a1d373c,181970
membership,28,267,223d7a30a0b518ecdb23833f5f1c75e91aabe5fe60fab60b8e7d1b843860b8a7,181970
membership,28,268,4afe474bcb45e09c7c82a53e9a014a149850e9f7cb6fd74a39360d7c44cc5c84,181970
membership,28,269,bddf74eb3846158f138944d6f554aca275d2bb818fecaa966c2f3ada8977ee1c,181970
membership,28,270,9b74beaea452f4b02f5d10bd3a3255d35c5075c873c40cfd474e3dcbab4c8a49,181970
membership,28,271,75b321da01f698ba693410c9142391c735851b2bdff51dc0cb80c1cafc02891c,181970
membership,28,272,ac76316921bc0ddd7d5a24223643084e192c5fa33a37544bc5899a0061d4c71f,181970
membership,28,273,d839dd0390eb495fdfb0c1e72319fdd4070dba9d5bcd14616bf9103484f551c5,181970
membership,28,274,1ef3f736ed77e29b4d44feaa7131f3a65b632b853e45ab920297088b731a7750,181970
membership,28,275,ca3bb6897d267fa8d252e2bf8f13fa4b114cdfc0766770e4baee846ad44926a1,181970
membership,28,276,e947beb139460e6f4a0775526c4a6264e5ac473f7a56ce9030ab9536bbcc30c7,181970
membership,28,277,8927bddc9964482dfa6ae49439c8bdcb9d201f07026c5044dafd00f7d85cd855,181970
membership,28,278,ca44376c03ce9bd4e81a810a19d1fc339d68b21f8053f6448755018f59bf5b8a,181970
membership,28,279,bd6f325ca641f037d54d5fc8e7eeeaa71c74dbea3ab9971880e97e7776ceeffe,181970
membership,28,280,ca969b192a4868b738ab38e37b9077ed099da402615ef74f6d60dd2597aaface,181970
membership,28,281,37474e209a55e0f1bc417788e187262749d9bc04f2d72ee605a31c8c117270a6,181970
membership,28,282,2e1bf645a89e9cdccd122dcfa5fa1df608c27064a1453aeea804c0be10aa9a17,181970
membership,28,283,d3949200613a3c5e3d553179afae5396643000b084b4dcc6d28c86389b3393a0,181970
membership,28,284,83633a25a124511f890c5136c3776cb902e75b9e410f0a68df8d4224939c1ab4,181970
membership,28,285,e154ec2475c248e9a338b9ba7b0c4d3f73955abebea73fa5e18250cc514d28c4,181970
membership,28,286,82307284ab866adc503c12a8dc526e365653c9c139764926e0e0acd63d14fe95,181970
membership,28,287,73d3041837d8a39b2ca955e61fbd25051db2b9a1b7e0c75bda57572437133cfa,181970
membership,28,288,5609f8301fe6e6fc2775cf68f2136fc7f8808e637d5bd88f29790c750df66025,181970
membership,28,289,4e706dcc4c262f1675c969a07b3e7f62e409c3cee919453230146c26c68dc71d,181970
membership,28,290,9b4b5642bf4f04621578da952418c078c3bfa8f21282c2b76a80f399cc36c6ea,181970
membership,28,291,bdac4f00b4864fded6141327b064620a6cca6bb01e19cb406ac4f406d31a91c2,181970
membership,28,292,5a6e3ec5a55cfbc441352dd84b1ec85e7d491f7bfd421b5bf528ed0ea63ac7cb,181970
membership,28,293,96e16a3feb18c3dd707a3a636f0b653ddc3f4c478ddc640dea81db751604262b,181970
membership,28,294,c7143670ce191427d5e7ec98eb9460d1de3a99b14b2ce028e3322c7a6aaf1612,181970
membership,28,295,8c59ef7622afb9db6105f5bc96ac7f2426f1fc6e6a94e9e3b357a3a1c084d060,181970
membership,28,296,5701a79c8f53c6cc8adedf9476d04b7aea92b1c26c1d4f193ea8ec00d5a7fa32,181970
membership,28,297,1ec262596c17121125e102f97696377bc463e53958af79df362f3e8020fdfb39,181970
membership,28,298,d42cd837fdf56d5e51d99d34e473027b6c44a99544c72f5e8b33954d49518621,181970
membership,28,299,4ab0ba8268c8d524ee1ab1f0fd11ff230c51d4802134961342630af652347f3b,181970
membership,28,300,e536f560115b3ab8dc2d524c4b7720bc033928990004427af9a9f26b550db3d5,181970
membership,28,301,fc61a69d5a8d00677de33a5e1389d4b6e909b02182dddccc7bd8d138cd635455,181970
membership,28,302,97913dc22f40688d4f43ec23e3074383eee8b4ad901352915e2190178e579165,181970
membership,28,303,5f37f0fba23dc493b90a1afc4ede7ea8afee9a5085037a6a261b7f2158e6a6cb,181970
membership,28,304,3c8b19e6b261869ab7943f49556cc7f2b32f6e05213edbdacbd00b342062375a,181970
membership,28,305,d8b4243740a2ab29888cba2efe2d69c12f62de3b4f88b1a39c1c01ff84c0efe8,181970
membership,28,306,605c7987ed5603546a950e5236ac34326fbd2e4a37d8e17000c7b48fcd7db908,181970
membership,28,307,24adeb02352f48018be0ef8d85210aa311c23ce37f7eb7d578882363f95804f6,181970
membership,28,308,51bd382d5f3131d45400a451451b050423341f48208586b320a6a8adef949eb7,181970
membership,28,309,1957cd803fc43d8777c6e6ec1e2c7cc78730782dc03947a1b250916719e633ee,181970
membership,28,310,1048b3cf604f0f9931eb3070c531edc419868bcd11c709361250c7d9c08bf090,181970
membership,28,311,39e0e90620238428ec408b1306b1f2cecd9e537b800fa182ae85c5d71bf3dcf0,181970
membership,28,312,a26db880e8f5600de056fbb71db5ba50e46654f962e2e546638ba9acc76f248c,181970
membership,28,313,f46d4f9223927d676de0938d4b276022480c0061293e9b4f10c9bef6d398f227,181970
membership,28,314,5bf7fae3e7fc2f81dad3981d0fc48c0cf38dbc02a2f6054852434bbed775c27e,181970
membership,28,315,33a30db7e387057b6bbfbf9e5b7c9c9e1879f25c0743dbd330ae08a0d2e65b26,181970
membership,28,316,40ba0722f39a0b35ca02c9c9dc629bb07803ad4ee83e9a4d0a0f5cc16eeedb16,181970
membership,28,317,e94474b1f66ce77037af5db539cabf2ead6dc0c2ce5be7a8568cab5b8cab524a,181970
membership,28,318,54fec8703b51847e716b811aa57ad610520e3b23bcd93c7954adf7e85e85c0da,181970
membership,28,319,2eed6b2aa408c5017f1b80f1cdfd155b3534f9b93991fc97268e18e89e9d82d7,181970
membership,28,320,db80f01155a65f5787f1f4819ce84c4a7e6e166baf56b300b19a100bd0c932a6,181970
membership,28,321,7c6775bd6e39394ff33e275d42fc5f33de7b4083dab265b0610681a6e8091a64,181970
membership,28,322,fdc61a23a9dd931e48e1bf4fc53d0108fb38bb61ee2ac3138174422a8b2230c4,181970
membership,28,323,cdc4ab424cbbbe9c8744337e73e4d840c7fee11d2b1d9c624d092401eb8f07b1,181970
membership,28,324,5a089b4babdfe505b327db559cb8b3ea9f8427c1fad6bf7d5959c14ca3a3742b,181970
membership,28,325,88a256e9b1457d668ea596f26268ccddfd552886f3dd44456794699bdfed475d,181970
membership,28,326,997a2b48dbc3dcd87a7afdc5ac9b8c355709e819ea8bbdcb6527660ec39e66c9,181970
membership,28,327,b3f82be1ae5948aee07ba0f5ab71709d404d6d4370a2704265064e9656d8574e,181970
membership,28,328,d32b7ac167205eb197c2cdcf65181b81d8e443a7265a911bc66bd4f7dd97294b,181970
membership,28,329,9541608c19ff76d33072350896e6ddd2aa5122fa8b4b91bea50b9823fb34a942,181970
membership,28,330,728b2c20b27478198de706ca2ecbd72c7d0e02ff9292f578ddd1d77ae892f628,181970
membership,28,331,3ca31fb55fa5642e6e1c0d111f9b84dac099c4b03b6b40e34c20b3e3a89fbb30,181970
membership,28,332,8c76932227b552fe7b8ad393dd6d908187789d5fa45635462aca8097d7256c1d,181970
membership,28,333,3b531fe5fca3a190bc74f6ed9c16ec9fa636e0edf9638e04cf97c1c08ec3971c,181970
membership,28,334,8876b5992f49975974381722f19283dc852929d9f7db704a1c289452c73f9b19,181970
membership,28,335,e0800a4313e28ecf4addc1036136a1fd73aefdf5b0baf17fdfdd0fa1da8e571d,181970
membership,28,336,0126ad1fb033131082c3df25d399b6e27137aff2c2cafd328e8ae9bf329587ef,181970
membership,28,337,ae12f4090cc82f5e091a1caedb6f3062e9bdd0714a2f3a192e33f57f9e039ccd,181970
membership,28,338,5ca8465df4fa799e061e65a2ec777c734845e5f98401a99e824861c37ecc70e2,181970
membership,28,339,759a9bfa006d3a57dcb9b7abf73b562100cd5c5763a6a6e884141c13fd5b5715,181970
membership,28,340,0d71dd040cfa2afbcc35715cab5fdf4cb6ecc83d0a8b35c74b9d589ffebdb39f,181970
membership,28,341,f8b3dd63ca418ba4420c4d7d67f5060fa8ba983ed669ec42aa14b0b8c99fd262,181970
membership,28,342,91c23691088b358d225f26585e9356620107f3564bc3effe7f77a74c44d2fe31,181970
membership,28,343,6eb5f1c9d6a38f112c738fc33d0e9b972519ccfa197e0ef0e01a01e68313735d,181970
membership,28,344,0c2c9d48d2d8ea0ee5014800cd50d235f1ccb3a9058893a2b6946859e268cc6e,181970
membership,28,345,8952b164fcf3130bd78b5c906d022b2b49061bdc42f26b55870e97ad63caf7a2,181970
membership,28,346,936d164b22cb10bd438c581fb6e8d690397d54cfa3686d3dad2f20c16ea2117e,181970
membership,28,347,3d9f7dfef3f988435af550244dda5a355ff885cbd46146cefa5a053db566e418,181970
membership,28,348,c7923a72cfaadbe35cc1bae54e9e12f76050e368647af6c32e3f843bc4777a36,181970
membership,28,349,74e62f2b387920d89d95ebc63831c52928a264f49255bf9b456b5fafc037ec1a,181970
membership,28,350,04016d64196ebe6fa07940ddc14bbf58e32fbba6de76d71df5bc1c85d49eb2be,181970
membership,28,351,5ca8518a69ead327558966b1225d7fcd273d8d8ff168b29f3c2b7f4bd59c27ab,181970
membership,28,352,f85c0f7a93292ff5e5f77b5fc313aaad5736ec5a211ffec8f9716ddd8fef68d8,181970
membership,28,353,ace1ead93cc17b639ccd2754f999e29c73643f8507843d29ec38eb8ff87e2e4b,181970
membership,28,354,841d431264f9ae335d0d431b55d3e3d2395bc7baae40bd3ccbc70b80ab55f22c,181970
membership,28,355,83d5a19d396b1d670c428df2f27eb7e14c31e7d558dbe115f679cff86f41098f,181970
membership,28,356,6cee3ca37ea04a9d9c4300ee03394eaebbb65807f3551c7616878e8ec72face6,181970
membership,28,357,cfc74e74cea25884a074c1c8e39c1f45f89a851b4c78997614c9f52a2d74b157,181970
membership,28,358,d2fc6ad14514c2d9d010b60f498e12ca6d73d101662036dc61b8b4edd9a4e21f,181970
membership,28,359,3d015977ac2e2dfc670366a56fa4e9fb7e845757200cd328939b974ebd3810c9,181970
membership,28,360,de69f9f48ebd213900435ad097028815b7c275c526d824d8a9096cf879bf0cd9,181970
membership,28,361,acbc158ed0c43cff6be6b5bc6303206857aa8acbe222c27e6de9b97d0d1baa4f,181970
membership,28,362,244eb794207094d271fc6d4174411a6d45a721b4923388a84f65e0f068bcc047,181970
membership,28,363,4dfacc4a03e25165eb638c4db5f65ba30c19a34c8d02f02edad1a0c2a8e8f830,181970
membership,28,364,892e44e39613f96fad6f891a42c98f83c6370f0b300bd8604d28bb8028773451,181970
membership,28,365,3f282f2327b8a207baa0d043734f9c60ec0b4d425a27437f87608191ebbdea73,181970
membership,28,366,b09d8f9be85ca2e77b0e88c6a6d6c61c88aa517d799d71dc6cfb5799a6bdd1da,181970
membership,28,367,0dffa17486df4ee1ef415371ff06fa7874eb1c4d4ee35b9d52557d83f2482269,181970
membership,28,368,930eeaa919ea21575711f341b4f8e60c0cac7940a1289c608df1ee8c44ec3ec4,181970
membership,28,369,fb3d25b4e12d786983807eb2d871094120cb8facee9cfdfd57cb508bd2be09bd,181970
membership,28,370,384658d54d966a3f667b82a2a3095bc4a68953c7c9bfb26714c96ebb5391b722,181970
membership,28,371,57b6698e46afdd2148e48ee2b2a68d6f1c275c5bde732132407ed4c339858e62,181970
membership,28,372,0dd1a914fd2688be392caf268543eb041dffa2d4ec90722e5552d5dc52c47673,181970
membership,28,373,e4c4752d77ea3b9eff54ec93e534a13e02d48e1debaa5ebd8f1fb1fe8fef305a,181970
membership,28,374,727353bce369963a9d0cf4918382d1a688a0d7c61f196ef882929a109e5fe86e,181970
membership,28,375,a1738f5fdc38734621b142609a16a80373a7076a66d46229001b90774ba3c51d,181970
membership,28,376,41d357bd1894e36d4c730311912b115d8bbc8bd15cc88805de3c140895f14c96,181970
membership,28,377,977f95200b9a6e026b5157b9ae7323a2dd924ca69fa3db648cb1f16fe7ea984d,181970
membership,28,378,31c3f317229e6063676b87be5fd4c48c81f1f76cdd2aa7407a9e10680c35a89a,181970
membership,28,379,be0135feb03c1d31a39a8b7810b3fef6a67c56a1ec617a071e5ff634a1d690ab,181970
membership,28,380,dd3b464294d2f7236e184a73d830935b985184114e94192a9baee4978520e6e1,181970
membership,28,381,375a370c2517087f93d4d0ce83910a5a2bfa010a4fc385f0da490e502c730678,181970
membership,28,382,abea0326aefb933d850286e101124e39c32b3f362c3c8697b1af079d03c4c42d,181970
membership,28,383,2a0d8ca25606ea9bd400a62611c83af3456762e27854c12657e33eb7c12ee481,181970
membership,28,384,30b4b13cbd2b64402ec0f06d8c07ef0355f6e3b49df89650305181c8f65c7146,181970
membership,28,385,e8158231a5eaf7430fbc34af1d17965baf718a6a8f84f0f9d683c072f916ef61,181970
membership,28,386,bb9cc6db350c6476701b63250d3a36ab5f91939d5c39abdd9b9a8e8301365264,181970
membership,28,387,853f4a3e233a5e0feeaf0e6a4f5c4463c8e0ccc4b30a43975f7d27b726f93421,181970
membership,28,388,c5f784a5db367460a25dcdcbdcb17833221765226cbb4abf7a629bdd8d311e51,181970
membership,28,389,430b5b2a01753fdc42740e3212371ff8362708b8c5d7d43ff209b9863b97ef08,181970
membership,28,390,3cd5e5905f8b734a6292a6a36a365723d5dc030c2d1e53154dc21b2142498b84,181970
membership,28,391,19f6b2ec7eafeffab289bc5bcb002aee43810148ac47f6ac7ba67da7c337f810,181970
membership,28,392,dcc4fecd306a4816ae44fc1b790bc671402d4b87047e5c8948ac0bc15cf937ee,181970
membership,28,393,358613da5c10b7ff164c5fa699114093d727801112f9d10e18fcb1f782f323d6,181970
membership,28,394,9028ea86541162c81a8c5f9d447961095847627d0ebceeab7f1b2a1b1365c605,181970
membership,28,395,d242d7f3c48c62ad6f3ae5065000f430a8d17ef79d21f20ea0de5b53d0994d93,181970
membership,28,396,ff21d83c967ec6ecba10196e570944419d7b6c1c34d706a4e082ee8f40e09fe5,181970
membership,28,397,f0c67f38090bf4ef80a420de210c07635f5ead97b197af41f1595afbd89fb46d,181970
membership,28,398,22533895905b13227a495f4de1cd08d6e5fb457e472eee1dd875b50c69896285,181970
membership,28,399,ff5ad68457673a82e8aa777bb99079c5015650d19cb4eb5d9a6a06b119172dfa,181970
membership,28,400,dee483c3b08f10bba8ede465740d2b86411519e76976949b984df6ca893cf014,181970
membership,28,401,a51d8b9e793d8d6a317e7fda339592d05c5ae688828a035354f2f94490eb487c,181970
membership,28,402,d9f963d458300d1a3e43f39f31cbfa89c0571dae598279cd3279424ef5504da3,181970
membership,28,403,e9be4b3ef96cd18af4429f36dc2685b2ee2bf1acaafe19fa127809d566dd83f7,181970
membership,28,404,28b62530e8a6fc897815e5a0c8524e182b8b9dee0bd67faea8210552aeab606e,181970
membership,28,405,58c591deca7568e93638ba3da567b79590291659402ac43316a9b64884e1dc48,181970
membership,28,406,2a3b69cd47d4e9423b3003b25fbd792b11e964774d619d25e904e0824b83d95a,181970
membership,28,407,a09df50cb5bc0003d357c84224ef6b0e483c17e13e47c9c31911f795562f7121,181970
membership,28,408,a9008cf7afc9b98b4c806de8a76be07a58d52d5ab0c574ede746fd7e3ea6415c,181970
membership,28,409,45826c418003eb5aba9db32b4c7857998d34fd2af9eb612da70701ac942e6e73,181970
membership,28,410,1e90a76e50f863c5fe38db38f8055dc179b106f0bc9d266462f82d238c1caf49,181970
membership,28,411,658d2907e38647e8797c4cd0170726c8bce8d26c29bbd29941217fb38202a55f,181970
membership,28,412,ba1e5ba8e6d79d7396455d458c47e6f3445f4c698d5f447e1333c527ea23c373,181970
membership,28,413,f6e23b3f22dc3d68fe2792b4814190918667508c79354cdcde099a43a6300ea1,181970
membership,28,414,d147b004166c2899226b33468fee2198fb31f26702fafc56afb070a7b4ab8d64,181970
membership,28,415,cd3fa84329964bbd67e88dd32912401903eb85ba11f2fbc9b7bad13710a7c718,181970
membership,28,416,ecba0093eeee419bf05db26334ce37a614262f353794bf0c28e2aa256968f5df,181970
membership,28,417,231d5b0b980489b93c196a1f8fe6e265747b62c02013375168bf72b94978fac9,181970
membership,28,418,ca6f9e4ddb4e1b047a3fa38ba1142ef9fdbdebe5421697cb02b70a0238772a73,181970
membership,28,419,d800f53f817fbace1ecb0a382133565304d2f9796bf282516c5a649390c6a75e,181970
membership,28,420,d715c762a277c70262a8ee2a0ff0ea46caf4e3f5acc256d190ab9c9a74cb9ad7,181970
membership,28,421,fa6da2f6dbd664099a66137df6065201e3ae871e72abc912033e31d279784e96,181970
membership,28,422,e11a829c8b2d9b1430d5952a638cf0b23f63957ad8b554d3fde7310fd5d31088,181970
membership,28,423,6231c654fa7cf4c0e7f62a442ee7db664e2d46302619c78a0965f64379f11b94,181970
membership,28,424,dc47c3831e1bfe32bb065830cbdbb72009df1ca4148bf42d0adaf5ea211633d5,181970
membership,28,425,3e91867dc6696700e6a3d3952226cc4557960bab0ec7d97b28a2500bd28ae318,181970
membership,28,426,d0ce5c8baafe9d14fc3181252d8dede0d000a2236e0ffcbe7f60e2fa2f591672,181970
membership,28,427,a8ed2c5bbf710a8528a39be6f244dfa368e6cc4d10452d06c1d3edb42f2c38c7,181970
membership,28,428,7004a8c7cdb89153bf4313664ce95ddade3660c5c06462413c63678fb4605ea3,181970
membership,28,429,9aa75aba78c64b346b95f5e925a65498a30b17de5f7e132fa1426c9da3172443,181970
membership,28,430,99c1189d7fa93decb480e92e5edd8a7b8173216d0d1c7f851dcc0394a372ec4a,181970
membership,28,431,2fa42c9254dd890a34b3329f1ced14ce396ee7b4d76edd968adf1af615234da6,181970
membership,28,432,aaeb52f7fd4eba89a74a3dc0f16f03736f68be15d64b72a8ca76a98e8447144d,181970
membership,28,433,6c779f0ec565d98b3de2f87784f2f5185578958c1ece833859449182e4ac4377,181970
membership,28,434,6067305753d2ecca8db62e195e8c85c1c0a08d8ea210545d26e645348274a5ee,181970
membership,28,435,c6b87132a566b251a213e4dac13fb687cac784483788743794b1b6db749a8ea9,181970
membership,28,436,4122bd70a5441b6a4c3c7d40333af45a243223eb64d0a2fc4924a5b9ca179f57,181970
membership,28,437,20d9dad2a7db6ed0324f9c5837714956e5b466921b765557df28b806ad84805f,181970
membership,28,438,412939df2ee25204e13c6e2142e511f44fa10e9553861dd3c997a83b73e16b55,181970
membership,28,439,7b5eb6dd56b74275357d9ed9f6332ccc2570397d01412d39a206129252ff2d35,181970
membership,28,440,1d4f738db0389bdfaebfb705d9efd22a22bb5ffe0eea6bf960ee0e1ff997d669,181970
membership,28,441,41d30ef44f9e93e54d43b2caa3407d66178c457922218ae63cbb2a28ef30c051,181970
membership,28,442,581a583852f5c891b61d00f43755c64ad4537456e9ff03b28d94eefd40af936e,181970
membership,28,443,abed9af61141b5d4d312023fa653f532617420e9e9292ed00c495fc29c8eb0c8,181970
membership,28,444,055a9a31e16ce9692fcc4d3a9273a1ae6c7aaf4c119d8978bf750a3ca052b5f8,181970
membership,28,445,9d915ac26cf7ed2ce61f9cd313030cfa3746f844506c1821f294842008c80e26,181970
membership,28,446,d4e275f2e0464aa45217e4d9a9a7b50fa281a4fef2151f8e5cb110a71d8f5b6f,181970
membership,28,447,f437de2d6d956cbd1fe706292dcea875ed418d91deb837c06da72af24cd5a55e,181970
membership,28,448,0d3101704f73d478d4896bbc50ec7cc078370958285c6274be6a11898c90ca30,181970
membership,28,449,b13cd3bad23fd966ee9a18a19414881e72bfe8db55e72e4a3c5b1f437089fd54,181970
membership,28,450,f9a4064933675eb1717e09a81408b03e711c22b478016dcc5c44260187375d0b,181970
membership,28,451,b726443ece627f9c3805866d077256bcb109b1f4e14dcc05a60928a0fe64060a,181970
membership,28,452,d5ff7a65866bbd9767b48545972113dd53d637e6b22166df90ab0ed703cf584b,181970
membership,28,453,7c4c8f2c45ec9d173e7b6f68b79d024abea16ff4862157f2d7ef70db6d352506,181970
membership,28,454,e76d1e28bd3c3609545ec8790778e9f2a7740c0f34b4b7b6d6517865f44778e8,181970
membership,28,455,2f2b049256bf23ed1b07745498e5f23fb5885776c2e40a49ef13585e7bad7f9b,181970
membership,28,456,86a1900be66d8ba650160566b278e02f909293382120252f72fb109aba5cc18b,181970
membership,28,457,b5b9e43043be9b3b8c7fc0964c24fbbd373fc934df70e097e6af7d99d7ea73b6,181970
membership,28,458,15ceb334eb3de1e01474f04780e48dbf57dc85d2c6f3786a7350d769ed0aa669,181970
membership,28,459,7e29dbe1a0fed97273936efe7bb70e151a70e81208cb6e9fd5fec20e08d40b27,181970
membership,28,460,75f2055ebeb2c0e2213a781b548577d2c53bf5e2cfba464953dcaa2d655a9ea2,181970
membership,28,461,f5e2f33e288592731cadd038d464e3d7ae834db0c6087e6956dbec81ba7a962d,181970
membership,28,462,5d0c5d55f904a87a05c1b4bd8e13a3be36e0b5ba10648c1ee8f712488574534a,181970
membership,28,463,3ddb6fcb4c50a479abb0a15d415460dcd2fb0047d62937260c569bf91e149af9,181970
membership,28,464,1d7e9c6fbd3b6e10a85694d751a94ae809549934a763ae82e24546d0fa0f4d86,181970
membership,28,465,b691dcc13f9e7447334879770e574d916b5049f055ac0e1320bd218965ccab06,181970
membership,28,466,9af315efae0b0958628b0126c8f95fd16a99fd6612b21f1323fe5f6cd6755acf,181970
membership,28,467,d9db4d53e12012fc8dcdb8a9f772835c613bb42695bd8d11e878b1ba8a054fbe,181970
membership,28,468,c2abb540d7d9f8127a494f0a82409aa2e16356ae75ed41bddef600bbf3eda2ca,181970
membership,28,469,0ecbdacabd593b22830e41b8331c49d1e8822c89143b3549ce9a630e68cb31d7,181970
membership,28,470,4afc60cfbf1b05901cf93490c11183ba631aaf8fc766239220b9485ff4dd5dc6,181970
membership,28,471,a0c9c35d34ab64816b6c8bcf1a7bcc5098cd7dc05bb79b5f9ac5567536766c91,181970
membership,28,472,e1ae12be9319e875598e0506dbb10691e854bd1b3d9a39cfa7f695780f1d9bb3,181970
membership,28,473,48a35ac9c823d51e0b83c483dc96b3e4f5f1424751ecb9c98f953eac5431af84,181970
membership,28,474,3bde9cb1165a2ab4d91be870039acd65212e5047093c7aebf69931dae4f1c583,181970
membership,28,475,4fa3abc256710ea4615b555956f3eb31923040638d8ca91c1266c38dca706e81,181970
membership,28,476,5eb2629652d06671b60e29f3f505fcfa6b6756a71f78c3346b3eb607bb9e3813,181970
membership,28,477,1f9ad23833397928d05e4e57f0039034e77c98e6e8a8dddc22cf6c95a0c3ef13,181970
membership,28,478,b21c7e9f650f3a1415b06696ac340da0eb8dc5142db37ae429974e2b86672d08,181970
membership,28,479,c7391c3de87e0fcadd66842527c3ba04b5cdeaf09ecc6dce119b7af13aac381c,181970
membership,28,480,59ae77d5c34308f63c745757e577f985528d3791a9ab3b8e08b58cfbb5c61770,181970
membership,28,481,a4db39eaf723bf048626c9e4189fadaacc1a6d2581c4faa2cc88a498967fe0bd,181970
membership,28,482,27d339bdeb3b0cd428fb7df8da85045c455daa19acf06922aa2d2a932dd85047,181970
membership,28,483,9463ee9d3cd524857e95459bc6d4527e0e4092e8abc31f419e69ab899a2845a2,181970
membership,28,484,d4dc40849bc0226b2bfccbaeadb00e718843995a70995665977d936af49e7aab,181970
membership,28,485,21e86f4e451234301c3a0c186fedf338f1e64c4029e8c15e3cdcbcec10193243,181970
membership,28,486,b534750368f9d5776f391e2336d819ecc85a3029ea5373a7cd699dd47c5e5674,181970
membership,28,487,9d4d17cf9146e1b13b42d30ed6f403a7908902618b6bccecd6272f6c2169b55f,181970
membership,28,488,b6bcfcfee96e065f5d25ee2b9dea1ebe4d4f6d6faab21091083258687f87c3ec,181970
membership,28,489,db622f9fca56ddd5484461f41b5556149c2d2b59d1dfb33feb8a2c6cc7abde09,181970
membership,28,490,6c7fd514ded533323a1d67d4d345cfc54d810dc1d44131901919a43ab2a29c3f,181970
membership,28,491,c2cefb2b628385a842a05461870bfc7d55583af77edbe6a8c4a8e61cb6a49181,181970
membership,28,492,2550297be3a8ff57d12f9dafa1ca72deea707817b29db39dcdf13e8a7d09b305,181970
membership,28,493,5d38aa7806830d24d88c0671c74b1a673c2b580010bccde16ca503089bbb7be8,181970
membership,28,494,c8c4a33541b68355d1af52d9e4132887e840eb27c7d9cd5b1f51e418da87b9a7,181970
membership,28,495,188bda5bbd0fe2957a46d73610949a25ba86b6420b7ca4027ad15e19a4c9c421,181970
membership,28,496,00f64fdaa5f8a640011ce2ee6cc71fef04835d1dd37151b49c0ba8ee3c916ea5,181970
membership,28,497,f467b226a66f0585ed4e688c188a73a0f45bc1660235b34894b3500bcb3bdd5e,181970
membership,28,498,094bbdf26af6159e99dfd38625a0f8f6b7c7a052b64742203016701073f9034b,181970
membership,28,499,e145f5dde2518f6ff7380b573fa3c676102ce142d6c866edbbdf972b32cdf146,181970
membership,28,500,9e0d5cec576e42a107ee545a2c5bf78dfad52583a75dc7777b5a2987e088786f,181970
membership,28,501,555dbeed044c80de963ecd9cfed775bb982c1c099bf0c0d2299f16be82f238d3,181970
membership,28,502,3da7f7435d20b3a60862472fc50dd5cb39b19d8fb873645098159221ab799130,181970
membership,28,503,dde7699a4e77b1b718d6cb636146ae9f5cd439c6464a838045f88f99eaded10c,181970
membership,28,504,ec98c5919b9819506a64d8cd6c92d2859a5f9754dbaa4d27232448debf80220e,181970
membership,28,505,883e10369b0b8346998cc46e6be259bdf93d3476054b9dcb54a26cba41084eeb,181970
membership,28,506,7366b8be25f363e0e65a4a269b10b6633a4cb75e690fda91ca885b4fa596b684,181970
membership,28,507,8a9d2b183965c8f9cfba1aeb2aba808b11c24e1b6009b7d789bd246fc8fc5c02,181970
membership,28,508,23ffcb43313f01ae8bb94f26179194bee602df337284e1d030beec08c6401121,181970
membership,28,509,b62c133c02f7a44fd3282f8cda1b80b94f85e0ec8e70cd017838e64649110b05,181970
membership,28,510,f7a376840f46647ca438413d23856996f0d71c9d24343ff4e6a63fbebe2d7637,181970
membership,28,511,b19f928f2d592b733d3e22325b1e114f44c50ce6d7564e558dfdf2f6d991c916,181970
membership,28,512,4c042891922b91c3b7a996a76b814c6824d0553b091ccb0a5e080ccf359088ca,181970
membership,28,513,94426d0f11e5d9341fd80ab0c4a38fcacb20602ce77f32be38aa3720115d73c5,181970
membership,28,514,abdbe971d65383c97dfea47efde14fef886f23c7e2d91e19934708d076710bf5,181970
membership,28,515,ca70c5305075ac66826b2085af6ccfc373973767d9988f3e73fe29cf33a00cbe,181970
membership,28,516,2118ba0be76280febd3193d5b585b3e6a353fc68402d3e6ac7f2b5d889e4e62b,181970
membership,28,517,fa547492d4c663b1e0fab03ba1d9b8344dac28d204f4e85f362af5a0b2e84101,181970
membership,28,518,438dd8cd42d345f84693a38607cdef78fe3c93d765c5ad64f8b6d6e328413f5b,181970
membership,28,519,5ac0874d37ab474400c8214d6f7bdee81d3cfa1fe5bad8e6eb36d1d65eb5c48a,181970
membership,28,520,2842d1f6807017e6f4e3099e90ae7a2160c408511d0a36bfa67e95d0d6e37eca,181970
membership,28,521,91d1c711474f35b65d46c9a55ddf15de7dfe7e4ebee1531f95ab88498909a20b,181970
membership,28,522,ea3d905f8498de29da59e523b37c836f22dc2f818c2cf2641531659913faa60c,181970
membership,28,523,990b3c867392d66d640bdace6020f63bed266f5f11e35948218bdac52f3f3410,181970
membership,28,524,48dde5f155df6aee5e918ed076dc074c241ba29ff149c4600ed94b4a2dcaf54c,181970
membership,28,525,2696e67ec139e77c61ca6bb7c9ab92fe1abb288f71358101bf50269a4be1207a,181970
membership,28,526,34eeeabbbc318e857ccd56181e430dd3444d1ea9a6a0acde2a9ed7b38c416042,181970
membership,28,527,428b7ea327de9d6835eb94692aa46c197f28e5ae85aa490f87ce91b2a4402fee,181970
membership,28,528,20b8d708ed7b62c43e8dde945cf7b1ca784e33dfac6d72d61841de06445d7b9d,181970
membership,28,529,d9e798af2ca27173510572176d552713d707bacc81a9154c3d90fd20ca980a51,181970
membership,28,530,d23a0de81c5588de5040242548ddc7e84df3ed007e88a3aa443d3f7e9d89843c,181970
membership,28,531,ff1086d22c0b707e18bc1e77b2f48a993c1265550e3d61b92ddc5df3b92069a5,181970
membership,28,532,dd62f46cadde1ae0b6c0830ceb3f76a60bfd8ac3b7de3b38c9b6c587ed96939e,181970
membership,28,533,8d0d4d301e0110811aff73855e93bebb99a09f351a9d899b81bea15a4030766b,181970
membership,28,534,5b8b28133aeb38414126c300b1e69a35dd8733560196d3f5fafacd19dcaa068c,181970
membership,28,535,391b2f2b4eb4723835a0e6cef91f7db5bb927e44b50fb999a01fee4b2b23cc91,181970
membership,28,536,e257da92e8935c1c99c6f1da76a2af0a4e0d01646e306b04c9e53e5b928fff9d,181970
membership,28,537,20b2e9947bc8fee25d6b276c451bb3187beea7a4137b4f91bce533803b353dcd,181970
membership,28,538,6cc0adda24896cb41b7dfd001ad86617b57362df9195c65b870c52ad265214f9,181970
membership,28,539,c1cf2a9141610220c3db2a55a9de5c050a2a03fb9a3e017364d7caf7b80e40de,181970
membership,28,540,3d74e781941f5244bf36d360b61a9d5ba82034bc3ff5d8bf678282cfd96a2903,181970
membership,28,541,35e179095abda66d6d5f8b40d16a66f0695ea94a29783e2d6e9b775ca3664657,181970
membership,28,542,e67b87e0694d0a5e3993546a5ba4bbc85164492778aa7d174eeeaf3636c763a0,181970
membership,28,543,fdccb4c391fc653f7775932351ab704e094d72449badc357399928e9a128758a,181970
membership,28,544,1268837febcc150d52ead28d24780494f4a713fc9ddb538e8b4fb665b5e125f6,181970
membership,28,545,5e2c7f28b600029da0e98ee125506b8adf5e73310f9c7faf8602c49130b03ed2,181970
membership,28,546,2f0ab267ee23eb1d64981c4f50e85895fa820952d93ed4242f2083999a42c54d,181970
membership,28,547,865e05b1c7ce788d4813489439f4cdc2a7196480b04fc484fc2b7442ffed97ad,181970
membership,28,548,f4f42e157212b9a206b8239387aa10833367a0461631f9ca2162c6ec5c8b0347,181970
membership,28,549,14dac11929efd8d74e909186b4b40c23534617d9752852f9f9fe7d5d0c6622ea,181970
membership,28,550,3b4b8976359fcc874520c4ad2e4b3b0ac7e615c141b3f32206c13b3392502e76,181970
membership,28,551,c8b0ab634ed65ed1c3456db33ea3861cc579cd768f4493754160e844ac62efa6,181970
membership,28,552,af0f77cb0dc7763a16a1b5ac66d7910edb0e7fff9fc85890fc49d1000c855bf4,181970
membership,28,553,78533513e3358e2792559a22ec2836547a621300c8488de7f651305d2976cfb3,181970
membership,28,554,699b6bdeb14986079a49bdf204094a116f82c1590cce1576485ef95e3271c852,181970
membership,28,555,cf1afeda2ce57a07b2f2b5e2633884caaa1a8c604c9bc824e195fbc1572ac7bb,181970
membership,28,556,953d504a8b35f6604f04bda614387d52bccf36365d6ab6dcabd276c49ad9a3e8,181970
membership,28,557,a288614fdb810ca426a5743ba98c219747b32cd5f0dbcc251899516331e45f48,181970
membership,28,558,23d6759e59f08a449bd1ce84c76bbe8ed7131504c704523430504acc546eb804,181970
membership,28,559,f3878f2f1bc36f86b4b2674f37661fb6e06d0878eba1825fbc13815f53a3d937,181970
membership,28,560,14e78301524e6e635ad938955b4b3cc3d8da95097b15eca6e8982a49e49fbccb,181970
membership,28,561,4238fbde3aa287addf35ab77f69009f2cd530008c718a3564800bb7ec49a8e91,181970
membership,28,562,89ac44010d1d7c77fc39e5c287fb1e07e1baa649e7eb6b2fb7109b0919fda8a1,181970
membership,28,563,30dd58c7bccfd7d65815052ed2a73d88c3531e2812aecd0b17f9becdf7423199,181970
membership,28,564,aec5cea18847ff93c6a38e831ad122f8739a0826dbfe0473f68edc9112ceba11,181970
membership,28,565,d4b9aed1aceca94b212141b8f063b66604340d973c12d4b52a584f90436d0be4,181970
membership,28,566,864dce67a46569b47863027033906bb7f35b483b423978a841d45dc17441b8d4,181970
membership,28,567,bd9b169606df68dca947bc2f3242ccb58f14c35cdb63733b0324310bf46c1985,181970
membership,28,568,179ffda78150e63c7c10d2141cc7daf711f9d7adbe2cfbe1cfee717705a883f3,181970
membership,28,569,ef3701c61990956bd0427efc318ddfc82feefa4a25af2bc4837d9eb2b76a1d91,181970
membership,28,570,127b7fcc4d06f9c951a7beea11cccdd7d284c152afe830cea258f04006f25f51,181970
membership,28,571,96e5226ef5d1a2b38c2cc1b0aa59901224875851762432e5eb642eaf9a349ef2,181970
membership,28,572,f2a7519aeb491032f4d91fbf1d69a60793abc884749de11243f419b07183acaa,181970
membership,28,573,989fc56fd1ec19d6006d247755bdc6b5cb71fecb7d9737b60493f18079132280,181970
membership,28,574,e7affd3a4d6b94244e122b5d8b45268bd6324d86ce09768011c9a28e328e903f,181970
membership,28,575,e8c270131ad39538d2c2c28f9594dd3845d73e3ee77d6aca8076e878e782e934,181970
membership,28,576,d4dea1894f81fea14faf5961f06794a1c8c2572bec8ccd555cc58c7a298498f1,181970
membership,28,577,4d3a87a48b7d1fb05759970149b4e502fd5766c9539628ff6686c116489d9fc9,181970
membership,28,578,edf23b093350aaf8429309ce62f70dcfc66e4f2154adbea46bff4ecbfb314a04,181970
membership,28,579,8a044b36f27cfee48e0c933b76a5887330ccf69f4cf6afa67c3e5707506d3668,181970
membership,28,580,d84ce1a27aa6420aa6d344060b95d445d526f73445721bf7cfa4ea34b58658ab,181970
membership,28,581,0ab944b5b4899c8a7e0cba51f2063ccd45deedbb8b5a0b94093b3e5387c0f89c,181970
membership,28,582,792d404bacf448bcfee8ac6bd02b95cb99f6c98702510935d7263b063e9044b4,181970
membership,28,583,e31ee169371040486d1fafe413661b9c4f2d4f45e435806c786c7ed90eb81457,181970
membership,28,584,c797b2e0440beea5cde3a6ea7e16d7acd01c0b0ea02b294f1bfccbc2cc5ba2f9,181970
membership,28,585,e93605a46294827dbdef048cbe8ff29045a774c542380213e78faa9e50c221da,181970
membership,28,586,b66a9aeafdaa79e9e0963e86f53e523b8d43a133de56943c41e8e4edbac792fe,181970
membership,28,587,43fd53e5136016afb4b79fbb0d594fe912fd85a38ca6d71237674034057686d4,181970
membership,28,588,b973d56938265b5781653423a57ed5f7c188dbad8f79f1ed419821657ad67bdc,181970
membership,28,589,237194b3ee4c36f2c38bee553dbd4f727603a2b7a1b30a1e2d70658c2054817c,181970
membership,28,590,745647ba2552056763af227b40c2a34d7c37987172df9116001d9f6db7a68320,181970
membership,28,591,df34f90ce6c4e4a595222c51f4947f1da7da6e867bee4ae60a5373522acc5fa5,181970
membership,28,592,e28d04c75fdf2828d4d816e7859aac7aee713409f4d6483fa5b7d6596ac28f59,181970
membership,28,593,0049482e8771e5b96fd5744d32ba94443d86fd9c7939c9766206d6299f4d71fc,181970
membership,28,594,4845da75b46e58bf588c33a37dd57c78c9a9ed6e77c26cf4829041af8fa303dc,181970
membership,28,595,310ffc342a18594d612d4548b444da44fb139ea284210ff674c547dfcccda093,181970
membership,28,596,2f8ca1035bdd986973471bb34338bce08fa96cf9a7ed9be8c8f6641cc67b9356,181970
membership,28,597,969925695e8b8efa7121c4481b11ba4dc78154dfa8da446b565ca0a16075a5de,181970
membership,28,598,3bf6631ab17c22a369aa8b11df3a162b0262a5835e552d5debd22dfb1617eaab,181970
membership,28,599,bb49fe3d541e7b0ced0272c4db13555959f73c3e0751150ad07d17fdbde00e01,181970
membership,28,600,975180dfc6b99d685bafac2dc847d9a6efff42da028029720a872ae5892cf924,181970
membership,28,601,362c161c7fd025336b54e85c7fb4b31afa3a1086173dd447f13968657ae1f2cf,181970
membership,28,602,5d67612fb05fad74806952c777949552cf097983753e699ce7463fc12bd1c919,181970
membership,28,603,22405895ea330e3056796ab23bfa00f4c9fbf89bf0578887ee5f1dbc9f2267a4,181970
membership,28,604,c0c209c5f0a099abf604750b0efb5b65b3682c6f96640dcbb873e888fde5092e,181970
membership,28,605,93057b7495852734cf62afbc10b3ed70c139f1f53f67ce329e8ab9ceca96d385,181970
membership,28,606,4d88df0a4f20d4d119c2f29950898d7250008bb4622dd008e1e9838311b053d2,181970
membership,28,607,27d94de682c2b4ef5c3241d44830c73743eb31335a1c3d8d317c4bf6669d3adb,181970
membership,28,608,133d7dcf6eb8e503b9c17563d56bf061222dfb92bce241437352ba37644e5269,181970
membership,28,609,7f78b4551cd8db6ebc8b0c5dc4a6024040249e40bc8d57d5c67ceb630088b428,181970
membership,28,610,3e0f9effc939ec96fb38001987683cc628100ded9b4cea4fe2a19d9f47590510,181970
membership,28,611,ef109daeaf1982033328e8b78875030b1a9a1bc66513b18ef7a052128604cd19,181970
membership,28,612,9f8bd727ea36bf436d570efb050d504e5226f43bdb3558cb714e10013c91ff83,181970
membership,28,613,b8e360a415791d0eef0d057613de4b1fb669a9e456bf3e7837d3d66074bad424,181970
membership,28,614,d72ef14a1a8603f856c77513dc71945fbd622fe476748799a8435a31afff282b,181970
membership,28,615,5e80ee112b14c1652395babd859425b5d831fe736f95ff87f1f618735df0f527,181970
membership,28,616,70d790cddebd50857266cf1d73efea68a66ef28a20dfce16156643396450fab4,181970
membership,28,617,052f83b3c50d59576ca3b50ab43a7869219a8a051d64191bff25d49ba360c24b,181970
membership,28,618,5a0f8f7fd3d9dac761193851f98a5c05dc74462bd36ffadef7ccde653605d41a,181970
membership,28,619,cea0b6c3ece6b9971f6f1de697ac6e78f6e722f6f7cb3502fe1abfa7e9ea9273,181970
membership,28,620,935551b9e97005645a4f124f99685492fa8c6d525d5119536e188836eeca007e,181970
membership,28,621,648c6586cb7eb7319abe34a5aca32b7acf9bfc22a837354906264e4ae382150b,181970
membership,28,622,6daeda1691fa71e049770e37ac2752d746343dfd1529967730d51f804df15043,181970
membership,28,623,b6c65cd2aca3963f7962ef24f603eca401ef08ca6f223755c1cedbab70fa7a65,181970
membership,28,624,2bcffa8b255347a7d8a0f4ada1ddc27f855acaf4686ed372b63c64bc1826590d,181970
membership,28,625,9f72a5551596cb5cdcfa2b057b477833942bd2b4a6dc5a5d462cf93080d85c31,181970
membership,28,626,055da35705a595df52144884aecf32702a651fab23aa0814b25d581f2d9e6d14,181970
membership,28,627,09d6cc20bcb15f2f62cc408b1c8a2ff6ed5fd40c4dae5f1c9aa05937f352801e,181970
membership,28,628,d502bd844526b759720aee5c9109c4b3867a696f1d3706664cb6f71f6627e341,181970
membership,28,629,067371016adc05777b30c7160e356905908a19ef1d654df9bc1f9584e5148955,181970
membership,28,630,27695a2985d6c93db3694c6cbc1398f18b6d7c2571cd19d8db602265181fd34a,181970
membership,28,631,cd3effc7ba07900351c8e3626c727c3b78b285c225b88171f4634793045996aa,181970
membership,28,632,ec350ebad4f8c8a5c1412b357a18a7c513b39cefe141c3d058bd8a08bd82f1cd,181970
membership,28,633,acc827286c616d64e2c55ea1d12300abd7107b175164e686f38b536d7f06695d,181970
membership,28,634,27c9b70bbb3d963145de0e113c0723be2e3df1cd296d673dbefd22fcb61dc7de,181970
membership,28,635,130af8dd30862a02322d40062d778b710f00329148fca19842da0fec21c83d81,181970
membership,28,636,8c3ac6433abd248f517326fc6ed6062618224f1b3d11f8d46cbf2003fcca73aa,181970
membership,28,637,2a675094b26dcbe3a6bc69317594e9ad0b8c524faed97f3d344b9fad33a4300d,181970
membership,28,638,6606059114d8e76baab880f04f7ae773cc694b977cc0b48df153693e177bbee5,181970
membership,28,639,d0b3003bd99f12e8b10c3f3632df1eafe52ad32299da4cccc6efe215602394c4,181970
membership,28,640,287815e9ab401ec025a068e18e617d9627786763e430fbab78b547265c3800f2,181970
membership,28,641,8bbea134bdf3e7fd8f239433a0d6c46d821debc1d3727899948d82c2efbb8cfa,181970
membership,28,642,a25bb98d67b8546d60e0b324c61421b4261da5d8f61c2be83271a584467f2df7,181970
membership,28,643,1fc30ffc4b11fc8d312c95a1f738b5afefb5df3706dad2ab5f504ebcdda0e6b8,181970
membership,28,644,6d2d832fa93dc2963202dcbcc8ce69c65142e63e7c05c758ef0e453c90c243a8,181970
membership,28,645,3ccae10a1bd2f7eb9688e95b565f2c6cb8232eae3f3809e4c216b6d66b81be46,181970
membership,28,646,79332d6edf5fc7c71a9ed86682ab277e9c28716390f90a23e17853c5bb0e876d,181970
membership,28,647,7c5a991925a7a681798d5de41be5c4eaf87496dcdc7aedd3ca5064ddc943d7c6,181970
membership,28,648,2e82fed58024b149b26128823c7445c4a91b1a4e50709dac1e8efa42b2508733,181970
membership,28,649,d7c9cfc987274d437a78d91dcfdb893f5c1bda3be02d88be63db5667bd150182,181970
membership,28,650,a65387b89dfa88375002383c198073b2e960af42625127a8758e558fad63e280,181970
membership,28,651,87986cfa6b1931b7d6a5867657c3996a3c9a9b231e8d1d0f9ab4ed92b0506e20,181970
membership,28,652,9ce038c80db1350e1c87a2f312863c3dde098233eae2bfd6b742dbf8710d8498,181970
membership,28,653,0fd7b2f3a54918c728d8a2f496c5a67a6e068a26f09d0a5a70f2b19566c45d72,181970
membership,28,654,3a6a82c5fddad888d7e8f842810e175148c84986ef68b610285cebf9f886d238,181970
membership,28,655,90c2c31db972ea5921260cc49087f6cbbe71b314973bc21892f25e8f71f6c68a,181970
membership,28,656,581f631a1a0a0ff9691a9da94993f69d2814d647d8b8415402f43f666c06b33e,181970
membership,28,657,6a624d79431ee6d6a7bb90665fe132fd55b6a98eec052e7ce40dd70a82821ec2,181970
membership,28,658,9fa634b956f7d6a669fe5f9a58985d710678e6cace1ced8a5030f0f38d375912,181970
membership,28,659,a622474c44bb5229cbf48c886c5305a90594539ac8e142300363d78cec26449f,181970
membership,28,660,61813275c1aa49f401dc847282a1db67fcd0615aa0b67ea287e6339f30358a22,181970
membership,28,661,d1800acd99fca62d0e584c4775db9cf65f2b5927e1f4ef507edf67db1288adbe,181970
membership,28,662,ecfc4dca26869efc250781a9744cf26d06a5046279d8614c0f5bd538c4c96601,181970
membership,28,663,2eef1b1ba464486c931b8aa03d8bfb275a320f2dee39b3bd92626689249df569,181970
membership,28,664,f8042a75abfe64531116b417de970c094f6b0bc35a89979f417c0ce59af2d2bd,181970
membership,28,665,e039f1fd2b7cc44d46d9d00f6bd830fc35244d058d0e9f1ae636d5ae9544f747,181970
membership,28,666,43731e723a08c9e2edadecf61991329bc6af16ce87667b2004d38c44a369e666,181970
membership,28,667,fe145d3a86bbb4e18b3b15d4ecaf9b3daec9a655c5fb84d8ab0c44f244e2acf2,181970
membership,28,668,9d3ddf5702168dcb125910746c9e8c5814874d29601dbd463ebefba1144ed6dc,181970
membership,28,669,9847bb18e07f5308a7fba967c2c87631fd564c9a87ae3cabbf354f80b941b91d,181970
membership,28,670,4885f8f4be0954bf09260f57385438f0b0465f72cd3b9a8437f058275b477ef1,181970
membership,28,671,ac10aeb1600af82c24f7232b9dae5957289ad0e3898c63ccaac476952fbcaadf,181970
membership,28,672,4b9aab786e2fbbed962c5b2c9f6b2c68fa24a1b11b6b442ee93c2f80cdbdec03,181970
membership,28,673,44cd868572ee7869bdaf2c6d6039732d9ff880107fa0589f040779a4f06df309,181970
membership,28,674,9039053e066f92ae1792e816287ec1a71293a7af09f73bd6e5ffdf98b9612d2a,181970
membership,28,675,699dbec7a6117e747a92dc5fa0657214e4c615b0d5a06bd6249e98aa03876593,181970
membership,28,676,5e3e850c94ea4c3454fd22cb05833cf0123ac0265cbe6cd6651663cfa9c3ad38,181970
membership,28,677,a640aaacac5095902a0e261f285d45ab7d1c5edb02c4d4026fad7db3ccf4d0e0,181970
membership,28,678,c7763de1ce9d3e9034b4132bf3c79e457b91eafe3afa2632d55d1ca3a6bbc180,181970
membership,28,679,51cc17f11c4588826f74f0d0fc6354260a8ee649bd4b5448d636a168b1cc3503,181970
membership,28,680,1fdb583a78647bedbf2de0f8b8e9d633a770e6ac099e42f35d437ee919e8d517,181970
membership,28,681,8def418b06643e704210140b658d54beba82dd40694eefcecb3a676e6f44df1b,181970
membership,28,682,f63126c7b5c45d77c1c6128a05d580cb0b62aa5d7463a4f1db8dc4994af3bdcb,181970
membership,28,683,e6b12257be00c0dada4097a780b481d0163f98767bab0265de71d5b623aa39ba,181970
membership,28,684,3d43f5cd9a481a0a313202730a45787c7f970f9deb253c1a5a81cebc46aaa68b,181970
membership,28,685,ca9bdaee431d95a14ecc910c38810a66062392211176a26044563c3d5c7ef009,181970
membership,28,686,7feeb1df122ab2961277176077e7667609a171f09663aa1a1af8e439d33def65,181970
membership,28,687,e2187f18553eb94bcecb581424d150ce48796286c4764019692dcd49a8ed668f,181970
membership,28,688,c4cf9ad0f3daee586fd8f00da5d400f97275d5686420888481d8c28074a3a409,181970
membership,28,689,8fd3586ea1ee1573de6030ea3dce522e7fcfbb8b4a6507147f42ae9194211351,181970
membership,28,690,8d59e356e6e60bbab887a0653142d9a1ee48aa5eb30370fa8be15500241e98fe,181970
membership,28,691,ae75a991a03c815407ba2561dcecd7689365cfdcae39a9631352b36483aeb6c5,181970
membership,28,692,e9a220bb50c26460719ec9df874e8c44dd70fb642b833e839104f6df539f5a16,181970
membership,28,693,ceb9db36fd27987c4330443dca1a1cad76c1502fad782e71b78bc22081a8f26d,181970
membership,28,694,6db42ca94905b44f12ccc5b64266f60f4c1ecf5834a16ac29c680876810a5387,181970
membership,28,695,e019d96ece9df0e362154ade985a1d69459d9539a68af5eb0d05d18333804bce,181970
membership,28,696,4435145b614ad36a637ea421bd894c8e956b58d8deea3f0748e24ad6d1fa898e,181970
membership,28,697,5d0078a0add0113158b0485012ac9f7a552a51d0c19e76bb013ed2ec68ba09fb,181970
membership,28,698,5a5c79673a88d193edbf07de3f3175063c9aae2785f69b52a3d87d099ce05971,181970
membership,28,699,bfb1348746b11abee4f3fe6297da61cdc6c61bf12a924752600d43c686aed7c9,181970
membership,28,700,d1348f9f870b7aa0947ca80fee7152e530f61bcb55549ba272bb050b71f6ad70,181970
membership,28,701,e5e2006b2f4cb97a95455941ba3b4f248fff76b5274c46024066e66e54359cdf,181970
membership,28,702,93afbc39276c173e5096927522aafb991a24b17826d99abb0924a7e77efec313,181970
membership,28,703,626287277deb3c5fbbe7ad8422356bb62af55f3b3ba4ce45a428511df75f368f,181970
membership,28,704,a59aa7b92b33f9416b7460f58e9330939dbc9a42deb6fb6965f3131a8d268f68,181970
membership,28,705,84d3d33d5a3fd6f6f4a4f94c9c32d71f57039ae877a8549f477d75f28c8cf5cc,181970
membership,28,706,e7ea96eb1a6d58888931a5f239c1f92999285c4912f208055644caf1e2ae3749,181970
membership,28,707,eed5b2c993754e90659c6af1070107009dc213eb3053855b68ff0ac307aeabe7,181970
membership,28,708,369e5c7d34615348f05894bb175cc729cc4336b02ed157ba4dadd5c89ffc8eae,181970
membership,28,709,1739dc280139d11b1d1f37d8d89dce81eaee6e32b28da39c17b8835891fbd365,181970
membership,28,710,dc52a8481c029eb0f94ad8711c60753fc37684f9953aeb7c2d541a1625d12d35,181970
membership,28,711,939b5b58058b942c4d2e70a6a34fee21f73759f9dd3de81cadb819d6469c81e1,181970
membership,28,712,2906073353069cadb3abcb42624ff65c15d72b19d24d300d6bd2dceb4360936d,181970
membership,28,713,687023ad3512b7b2f3ee3b7bae12e6e07789ed7b2435d888c2032193253f58e4,181970
membership,28,714,4eb6794d9456c701e9bf1d2bb6eef86d623048ddc2038ec080afd08db6a4bc40,181970
membership,28,715,b1ced975b3c10ed97b4687ecc899dfa84a1c3f58d9c9c25afbc7922149092380,181970
membership,28,716,6bdd48a7e4b17f717e58f4460b05dea42c91450bfa184b5e9c6cff578c8e9dc2,181970
membership,28,717,e83abcecbe1b9db957053ee5acfdc2e9746da7e172e1c61a313a69b95209e085,181970
membership,28,718,a91cbad944b03b8abecb4eef8fe4f2971e4bf01e7896277957492bec1ec7ecd3,181970
membership,28,719,7aab47476066a855ca179089d9438e2b7b5351eadd740b5dd49368d762e76b51,181970
membership,28,720,174295d777e744c28267be84fc8149c51fbe45a9dc09d6714998fbaec27c68ef,181970
membership,28,721,94901911f6ad7df71706d3053fa2e50b466a00029b159fef41b146f71af00b01,181970
membership,28,722,d712a92ef79963b47705076f8a3ca81eb206d7b5302e23fad191736b8cf4a37f,181970
membership,28,723,c5e5a5baedf90c79c2cd93577e716686a098249d7fe2fa5cd3d353a3e9c80a38,181970
membership,28,724,b23fefcd702b7d325b114c3efaa78f8d5385db19d0b20bb4d29f5c3eb14a990f,181970
membership,28,725,5a35465cf831bd19fd55950836a09bbe1367f02f25206f40d9c143e463d1fa92,181970
membership,28,726,c0505d0625a66353ec76b698f95ba52f0e35714adc2daeefb2e7690459f77041,181970
membership,28,727,f98a611ec39d53bd420d4f2ee9100da787bb35a4d9ca7c1d49e306abefd67c4d,181970
membership,28,728,3c2e3efac5106f8b88dbcb7400a85f30f6450f93dbc99cccfd65f7cb0bac3731,181970
membership,28,729,3fb50e7e901a5048cc72c6e9da128fee9b38e2c5e976fb35d13e5f33fc04d554,181970
membership,28,730,db61c5abf798d290f58ae8b2015274601202eacefabdec3785e5399928cdaded,181970
membership,28,731,cbd228b69428bcab95eea774f8827b242e496820fd9b346eca92096865ab1a59,181970
membership,28,732,9f9e44c6af9375b2611fc344f26a8dd6010a0009ab9ee0130224a7a432ed2c02,181970
membership,28,733,140b44f619a42ed48c1924b7104f66f046d607d63f90c74eb6b34ea47b5a2c6e,181970
membership,28,734,ae918308d0e2f9f6d320884e1426edc9d746cac8aef0f6a212b634af4fb2855b,181970
membership,28,735,7a7741e3569f0333242568e21a1474040e7460b0001a5e1f03562da1af5d0079,181970
membership,28,736,315114e27a76f2c6a7aba643abe4690c206d6138cab5ba48d5a239843c62e7a0,181970
membership,28,737,643b144a33c15a3fd9e044a713eeadcc0510e03e6aeb83792090daea7e3938cf,181970
membership,28,738,235d9393e9fda3787a8b33a155eb64ba2b2407fc291b70019e6fd480be832b49,181970
membership,28,739,0bf1dd090b7c2e16701956fc15f25b7dc66b2cbb0385fa3d27bed281eb7e771d,181970
membership,28,740,4b124131e3a27782b59783573dd5b78259cb5ec8cf93b82299aec260c7303b57,181970
membership,28,741,96202a352502f6b4d5c2c681c49991564ec85edc019c43cfefd7ede954025a4f,181970
membership,28,742,88d4419e102b9b194e65b25cb73265beaf53757caad8d1b060a3245cfa08618e,181970
membership,28,743,e5f98562f09b65719999fc39bb914a05914fd1b396581d978a56851c4ef226ab,181970
membership,28,744,c061d3cda93c3fcf8be2d2dc1080a120010d2da40a6caaf414e26ff78259d406,181970
membership,28,745,01a05b50ac401ad23ef2e913b920b3ba4355bd6bfb7fcacb7ca3f711ebb988d7,181970
membership,28,746,962b3e1598d6de8cb2905068b265d401b15d35f01f494360b3ab9317625cdd6a,181970
membership,28,747,5fc247cb0d4a8bce78127f3e4f80a55379d9ffb89626aa0aee60111479b03d9a,181970
membership,28,748,7b1f27864750cc2ef668217e19a4cc53b5f7a0e2865aa4418f85af74f6ad5595,181970
membership,28,749,4c6c201741776a4307ecf9ba63310a68ba2a64232f9035401f9d44d5a578fb3d,181970
membership,28,750,3fd410fed6d015c6debfc38e8b359513231a70fc4e99bdbca668c06cee41cdb1,181970
membership,28,751,accdb5cdd6365b97c923c3cad392829b2c92fcabf0f1cf550859b9ebf2a0b98d,181970
membership,28,752,e802332a4c32aa577a261a8709b64ed41bc03f589d23e4aa25d74a60e765bfdd,181970
membership,28,753,1a56909397a0374c25f378fa59471a373d253cd4cb98c89104af6479419bb83c,181970
membership,28,754,129a36ff326d937d77e9a8cb47f8af09e92cf91ce54fb501366137ddd42ee80e,181970
membership,28,755,bc87e371666634584d78f4504c8729c96854fccfdaf167af73795f60d5b14adb,181970
membership,28,756,40c0593dc1402058e79023353123a1d79cb94bba78c423bd790fb6f12275e0d3,181970
membership,28,757,a94b4476e3a48160991ecbaaa066d4e6946fdb2ef5cc511ffc4a99209597ffc4,181970
membership,28,758,892bd94967b4363a68306c0a1601dec4d5109f3c4542f17e6caa2d9d8a116806,181970
membership,28,759,60dc971d65055ccea574de8260c36b7210cfbb86be4f86ee04c0a165feee7958,181970
membership,28,760,ee56ed4ed8c1b1f3b13c80475854296a9f32f1f58696f2cdeda48b6f15a05ea2,181970
membership,28,761,d10929877fb0fa25282ff0b4c109efecde026b506f4f41c1f8a3aa0a88f7443a,181970
membership,28,762,87d52e8ec65abf105725ae0be63a3f38a4b64c2d72128ac197a1ead5e48c3c60,181970
membership,28,763,46f016f41d6c86b3f5d556653768dc9d65b29df45f231772be358ace1e869448,181970
membership,28,764,5356ab06996f9a00c42e06ab9cc82204135fcc0ea5068822301c30811b574811,181970
membership,28,765,adeec245db37e47ad0226562b764fa1ea0a5b80888c1e7e09395a8d891b09196,181970
membership,28,766,a14827f75a09e6699bf69ea99879018573b1cb0d277ff0afa8b0bc105a2d65bb,181970
membership,28,767,a5003a0b82c1696c51e949b8ffaa1b433a2053343a10a865d110b61325c8f16a,181970
nonmembership,28,0,07380fbf48e662311702e90dc3ea43d6ca813013d0d87f807e3c1bbe9b127217,181970
nonmembership,28,1,782fdd5f563f515b29cb6ba7e4103653cdbc76cb84d6b97d0b4d97efaec32666,181970
nonmembership,28,2,7bd037e3ddc38dbc171355f73fa0e4b1bd15e5c9dec1bcfcca39bff6b58884f6,181970
nonmembership,28,3,aa3f6bf6da7b3d4b994843300e3a5c88ac1be00e6c73403eee41a612c08d83fe,181970
nonmembership,28,4,1f6ecfc6bc16c0b53a09a223a1fd9b73d1def3642dd4d9585d9a60ffcdb1c4b0,181970
nonmembership,28,5,40965c7d7965d55072b4ec96f94aa204e79fb6c3343d7f0553195d06afa150f4,181970
nonmembership,28,6,ca3b4c894bf1a1e7162be7339697e6678caf5c3729869011261662840fba9643,181970
nonmembership,28,7,4893fd67cde8da3c65abc9fcd8a323cc1cf3237c1c83edebc0c76e9013b02003,181970
nonmembership,28,8,c268aac2d946fe5f7213f22f4d1aebe2388dbf66288b21135badbed84c6a0d32,181970
nonmembership,28,9,81acddbfc8c080c27ea876b284531b4fe96dfc127be7f495db6c4e6ca6cb4a0c,181970
nonmembership,28,10,a64df44e8a5928c289c7510bfe06ffe04f48f8d82af6e3e87df129bcc89ab642,181970
nonmembership,28,11,ee76d595627638f7ff31fe71eb55bd16076daa746148bd912e876de946af7c03,181970
nonmembership,28,12,5ffbb61aa033b140bab5d8120a430ed94f61292f6add1d1a526af66416db968d,181970
nonmembership,28,13,e1d6adb16c5cb17201765007348853174247e61dc9219970c6f6e561e3c0120d,181970
nonmembership,28,14,0dfef6f66f766db01b5a270896fa8fc8e0d4487a52003b9cbe971cfbf6b2e3a1,181970
nonmembership,28,15,f8e9e5fef2a4ddab6ce07b1f3400d43ac87f7f5633a8a9baa360a3d4bdb65870,181970
nonmembership,28,16,5e9bcd81a436a60eec516186df1501eccfeef1fa5b8868eddbdecd438e09bca6,181970
nonmembership,28,17,b31db802ee20e38ebdedd81ecef033edf830e6c548453fae7b33fa38efda25cb,181970
nonmembership,28,18,a8cc27fbb723ffb2a0de6fb37fac8064d05588b0079f8dc1a3e0fb6c96e2f78b,181970
nonmembership,28,19,d0d65dfe71e9356047bd48cf36a2da82a1fa4d48f389d7d27a94da6d47b690a8,181970
nonmembership,28,20,d611ab81df630ef0365922242109dd0e4dcdd554561a58f4678bb34eab2a51ca,181970
nonmembership,28,21,23df4e55adf1ab5c3581cf167c793217ddb8ef8342342a30f0c953564a0d1358,181970
nonmembership,28,22,d367ac6ca5b9a147c2a541a3c88d8a48fb1b22d47637b3b2db4b22c307c6fc31,181970
nonmembership,28,23,ce6431d0360679dec6ae203db3820e3d22b1a03e2ea10679029bd34a150b8949,181970
nonmembership,28,24,1ef98dfca9cdc7e109e1144bc32a32aca80baca6d4552ec490573f6c73bbf501,181970
nonmembership,28,25,fbc70d61d448fddf800b09edd30d0db6f72a9f4e6dbb5b1fb6e9f4cdf060db6e,181970
nonmembership,28,26,25752aef02b1017988c614d0675a1a00a5c2352de519a55e5cfc4dc16702319a,181970
nonmembership,28,27,a3475d4b8719ef0f019722e3b9b3c456c461bd1fd25bcd53a17f48c65ae35c99,181970
nonmembership,28,28,aed58d305f46c8bc199fe6235c38ef72a3ffe1362466fe2f42b3474451b48275,181970
nonmembership,28,29,76a544d2b91375e1a8a38e33a34ad54b44e202b9ef089b78677389485a042264,181970
nonmembership,28,30,b25e50689f1cb78f625edd3f73a6d493bb394fafb0309c02bcd4b5e8d77cbf84,181970
nonmembership,28,31,faf79cb646b3e2085362fb34a37ed2df7f719884298942f9fa7fcfcd17529dfa,181970
nonmembership,28,32,da81d5fc37beb8e07a75b62edf10dbbbaa62aa4757d01c9f0f9e154f017a62f1,181970
nonmembership,28,33,0440e540a37db718e227fbb21f62ed3aa174115edd70af2c08de17bd97b807aa,181970
nonmembership,28,34,e03279338243d798784b6dfa79b88563fca863ac847f666dbd09d964d9dab2e5,181970
nonmembership,28,35,0ecc02a3d2d328bd62277a54b758cbc5064c0124fffce2ead396036e712c2af3,181970
nonmembership,28,36,7aa6d8ee75055d7a46c25dc9d73ed8114d864360c3b1a885d249819befbc48df,181970
nonmembership,28,37,54c40ece0dee4586f8144b95bbccc0c5f3f4b528df6a0ea6a99ad00a01d2cbf5,181970
nonmembership,28,38,7e59efba86d7592bc4589165568f28c81555bdd451097ef8c99404d3882b6fcb,181970
nonmembership,28,39,70a1a099d79c448f9497efec53b6d7512fba1e31cd83957fca39cf7e8401c9db,181970
nonmembership,28,40,d8e6f1cc66aa99a867f9c53f5efebf8c3889f12eba850d65b565e79793e8d500,181970
nonmembership,28,41,5a0e9f57ab4fc1d29179506fd12ea81cfd6d6ea124c2fea2cc83560850963f25,181970
nonmembership,28,42,228a683cd8f2eb7b7f97ffc30d491c54691af534e8c5ce10af2093a0497b0bf6,181970
nonmembership,28,43,e6f9d016b4c59d7bc892c43c81a24beff3af60f451ddb4c03522494e5567d0c5,181970
nonmembership,28,44,d918c964eac15e0927d8af462f9a34745bf18d6b70d0b3bdb0092d0ec3c384b7,181970
nonmembership,28,45,39f6411d14400034ed750acb6c52bd36145331e77d39f9e9471e3cde2945682b,181970
nonmembership,28,46,2fb7e4bedbf9c4e1ea37e3c6bd353cd323c0372e02e768bbbb7d0a51efc7cb30,181970
nonmembership,28,47,41f4c19f3b731bf14988c9023587b1286af5cae4a94c4777e0576aba01130d56,181970
nonmembership,28,48,c19e4dac7a3d8cbecf5f69f016773072f5cca5ab9bf0559b92bf66c1cd4d4eaa,181970
nonmembership,28,49,772e68a753fa6472f47d46f842462feb64c339c59785b0b09e242937de08c983,181970
nonmembership,28,50,108990557d4e74f900ecda7f308bf2f926d235293c7fbd91702d08fd4494b292,181970
nonmembership,28,51,29bd74d858a2d0c6cf1712f15352fdc97290c57d3e237ef602f2f0005cf0668a,181970
nonmembership,28,52,221539d7d5ea760660509e9f90cc5d649d94de1e08c5f212d656124eaa85f177,181970
nonmembership,28,53,3a6e076350d10267fa125f791f9491b084f7db1fb69e628496f484aa78c6542a,181970
nonmembership,28,54,76c704b50a1a11277b0ca52b3217d9a9b25369d2e31fe6bb36d099f12ed5fa53,181970
nonmembership,28,55,2bdd3aa48747ffa1be7a1dfb32ca32a4564c7376474dd69de2185e682e2cebcb,181970
nonmembership,28,56,0603e5e13b95444a14e822731803253676f8cc7e112000d8f51a2d7087a60e53,181970
nonmembership,28,57,3ee68fef8334833e65b8ddcd6037b1f6fe97551abe08b6871033d18486430675,181970
nonmembership,28,58,1a0f2169f4fee5ca9fb68146b22b92569ee841b72536751126b6a0a3eeea14c2,181970
nonmembership,28,59,962523ef03229c538383ab78f2f1f00969e26919f924c11311db2e9c91dcc274,181970
nonmembership,28,60,5a006fad9d88184bf83a2c1c1bb853dde777398c55668b7c9084f3f917471d16,181970
nonmembership,28,61,9b209256016dfed8b16dcdefe154438cb3d0900cf333faf0f79fecae6678b65a,181970
nonmembership,28,62,d10491a3aeed66267ebcf3ecb2b703122ee17746de54a4d55b647b4042c4670c,181970
nonmembership,28,63,bb2c87635e020aa7634edde614c914a27066d2b7c47794f672d6d63ebad56c6d,181970
nonmembership,28,64,036df3246ed68aceb447a686ec855d7829f9af3832d7375859b47510c8041a19,181970
nonmembership,28,65,91f4e24e99db0f1b9ba37f52d075b94540f9827e7b6fb1ea70ab469a1b1de287,181970
nonmembership,28,66,5548357e4667acc8b37651894be02363dc094ea36fc205647871bc65df800800,181970
nonmembership,28,67,bf25587cdaf933fae442d7027ca4cfc23409026ad3bd77a77aba3c9861130ace,181970
nonmembership,28,68,bc0d7446b809d4e24e4f8d4cf5d69f77ab45beaacf2772021d154a44afd27aed,181970
nonmembership,28,69,909650326df4ca5da531cc10cb750ba5535b086a0b33464e3bc8ab650659e712,181970
nonmembership,28,70,d2c18201977f00e0f7217958ed777e6eb247e37fc071174d4dc71894aef2c6fb,181970
nonmembership,28,71,9317d5108ba966316814cf8f16729fd179abd575e0e6ffb299b666115407e368,181970
nonmembership,28,72,5371bde3198ec73783e160c459eb0fc135b7cdac901bf67e9486f2af6d99371f,181970
nonmembership,28,73,87368fe1909127ede91e706521933eee6f9c025c749eaa79e315a05e8b2c0a53,181970
nonmembership,28,74,621f1e501455ed4bfc23e484bafc25dea72791d4abd6c3e5521d5e7f221e4181,181970
nonmembership,28,75,ab4bc9616acac22adf445686ebdbae9ea2b385ebcf38e52a8615496de22b2fec,181970
nonmembership,28,76,88e27ee5b72e29aed6ff805dec306910a2ad6d6690061e573b9549e7b29ec7cf,181970
nonmembership,28,77,48cffc701ee50756902a681a85592230c7dc078f0e67d744a002587a9a331408,181970
nonmembership,28,78,9fa15dada3039f4824a91e04b6dbccf08841cc924082e4bd6c6bbafb4a38bdd4,181970
nonmembership,28,79,b2465904993857250e71060456d01cb6275763b2b6bf5ae2d0b0ac68ecb74042,181970
nonmembership,28,80,e7a5d5cfa922665e18076f702821067f49f3bf4f9e44f79ac18f3e527c9738a5,181970
nonmembership,28,81,e87cbbb95d8b4b798292d52e97bc36fe9ca7a47a61658facf11d6cd3de0f218e,181970
nonmembership,28,82,16c09b52ee5c36b4ab6d16f0e14d628c1816fe60cb1ad5c13fc900575e8a298e,181970
nonmembership,28,83,50753da5203567d3531d5e412de8840cdc8a202b4c8fb4825983b6d502625b3c,181970
nonmembership,28,84,ebeb7821f14f2faca4310ce3583b14f983257c44692efd2e4d1c6d6b5b6e24ae,181970
nonmembership,28,85,a271b12d7cecf93c6cefbf7f2cf44162e3d79700293cd97c28feb8d3a7b28ad5,181970
nonmembership,28,86,a371037c58f00193b34a47ba405a739015d5ff2dfd9acabd87914abb51c1a06b,181970
nonmembership,28,87,b6f2f34bab1459c6e38c62f804a6a4bd5e25b5a9cd0432a71cccc12533dd90b4,181970
nonmembership,28,88,cdb0257f50f11fe947a6cedc20f5e48d8cb08efc1b6902cad8141970aa268b1d,181970
nonmembership,28,89,ba3aeb8d6188f78457f9fd3473158389696f316c8ba037ad18f51c1c35de12c6,181970
nonmembership,28,90,1a8b558ca9fa5f492d8682e62882dbfc6308f12dbc81d48eb928fd3a8a50fb5d,181970
nonmembership,28,91,4f2ee93b8f5802b0e78602f0f40f054c778029a46c59061dd3b966a189df0d92,181970
nonmembership,28,92,f6b4a3542fae3dec23e421643c1d6a982dafde7c367f09e5fcd0d706ff3de5a5,181970
nonmembership,28,93,1a059399941c665358254e1f78258773fa95ba140f1bb7e5eccf009a886f49e5,181970
nonmembership,28,94,c3b173c423b9bff8f6b979bba4a799491170d3d09a772cbbc0a4b8f8f958afbd,181970
nonmembership,28,95,76c5a1b61209f33e1958a0ef92b982eaf13594b5ad0f47d1086b7d8bb42c1aae,181970
nonmembership,28,96,5cc6f90032cb10108b18a0cc221af86f848000f7b0f400d3f5bdcd6e8796db4f,181970
nonmembership,28,97,5b9addf9abd72a18011734a66f1c584cbeb1d4d454cc39a293ff75baee25c400,181970
nonmembership,28,98,5d3529fdf6cf9baa3d3250344ac8752c964beca1e25fcf4f7a825922d27f89d3,181970
nonmembership,28,99,a82b30855c047b58a15c98b5a479857fd093bfa7e38ed1d8345c580069dafa65,181970
nonmembership,28,100,e8bfc64056a1f4d89f5d2cf38a4c90a9f7d857aec118fa64bf8577a16e04599c,181970
nonmembership,28,101,571a2ee95561f004170f15960c1b763a451ba5abb0ae13e85ef12bf893d4095c,181970
nonmembership,28,102,2da43e9b7b4d16ddbc229cde77317b3863f6008fea3b165fcec100841025a049,181970
nonmembership,28,103,59201f4645c8053a0bbf300fce188294a27cb2917d804cea8129db444cfd2894,181970
nonmembership,28,104,ccb0057aaed4023501a80c83163785fcc6ab1e6c95e00c84d1ba1dc31ad40de4,181970
nonmembership,28,105,5b08e8965d2d9a0a6452c8d7e4b4df6c298df0e26645b0120a9aeeb4a02cd3bc,181970
nonmembership,28,106,4b7000c3e5971554e0e235055341b91aae14f92c49bf7c1fcabc016f8daa009c,181970
nonmembership,28,107,d1d0548db80ede87ae47544b1f857f139f0b7fdc76303e574e57b35025afb988,181970
nonmembership,28,108,bf3e0f7c9e6101daf710138c186dd57a241a038a7b066e00acdd9ad495b86f93,181970
nonmembership,28,109,0d8dd8b52c34c5cd17c44ed1e6302bd1936ce709b4a315ce488e76ac493dfb89,181970
nonmembership,28,110,1520db6f7217a2ac5384dc1986a65df9f1c5ddf77bf6fe72f52efa3476b9ad06,181970
nonmembership,28,111,09f89f5d40160a40421b24fae80a52fdb9f07045bb0982a8d21379b7bbc9e580,181970
nonmembership,28,112,c5fafc76252fd70261c2d1003d7ede0c8a0bf72cee75a50f1a689b6f4837f8db,181970
nonmembership,28,113,e9ea8fdaa07ae62f8e10d9d26fda2dfaa5130e70cefa35d4e3080222747a465c,181970
nonmembership,28,114,4c851f61928c0df050b1c8d687acf707a0cfe0859dd43023f9a1ca98ce80a8c3,181970
nonmembership,28,115,98696576d016ad58b5bb3cc070c7e8ef0d548715c1d5ca1a0ee3ce6c88216ab7,181970
nonmembership,28,116,3e08f3a07b9f1a157d17fda23f45e7ad528898634d2680b7d8f1e6232dc93890,181970
nonmembership,28,117,222414d13d33eda2131b4bc85e1de404cbf68a1b02792bae6e2059e7ea0d19d0,181970
nonmembership,28,118,e78e4760c4365c046c28744ecb1fd03f23b269c3e15d870559996670810debdf,181970
nonmembership,28,119,7c2bf8a2ebfa852a6d62c147f18c29d52503c88726b7321ef93bb2f42b405552,181970
nonmembership,28,120,4b97e7e2b9a181ce40c2a9323c8bb0d1ee9dc8b153310d70f64039098324bb48,181970
nonmembership,28,121,b3a7ef53dd3ce7054615ebb2ac1adcc153c975ac34c9dca8d0a7eb828d2b99cb,181970
nonmembership,28,122,1fcf3696d41cf12336f2fbce4ccce901fcbfe39ad73f6d3ff19bef26d29d4d22,181970
nonmembership,28,123,917b36c4fc7fb8f28dbe086d38bc5a2f7aacdb4f29990fd59771380c25bb557c,181970
nonmembership,28,124,84221ade9f4a624bcf9c4e502fe14bdd846c22b3604d0fb8f0c6733b0aff46cd,181970
nonmembership,28,125,9b034067109176ed4c2ca72e56121e13827f304c2ca38ba25ddbec7db6e44881,181970
nonmembership,28,126,b9f12a5d6e17fd85009da8bb5db5fe3b43263ed35cd26a49ef0b60469a466ae5,181970
nonmembership,28,127,104fdfc2fef2a973ec0c24d30391d775ec3270d051344aea3a92400b44880424,181970
nonmembership,28,128,1a5dfe52b683873bbef37a62124c47328cf230b6e0a5d6e746749e6e7ae921e7,181970
nonmembership,28,129,1561e586f2bdae537c4862e93b0cd1752ae915714338eb48ef29005742489425,181970
nonmembership,28,130,e074e3bf8c754e0a2c9dfcb138e3053f567e421915ec112939b09cef217e2147,181970
nonmembership,28,131,acc1dfe4414774cfb9c355d61a87f1c7c68b0c1b1f96050b056615d26ecedf2b,181970
nonmembership,28,132,26777a0116f21bffd133b096a3a99972b28087d4601f261c27ef8cc39eb5f41c,181970
nonmembership,28,133,3a248e8c1c0d99eb8c1320a3e4cfa2ca843baa2ba017cfff4752f11a80e64982,181970
nonmembership,28,134,5b7e550a1687b11405c299cd5d5807fe15dfd2845281ea4c570f31d4e123223b,181970
nonmembership,28,135,100b718cfdf51170830e28a33402f7db4f4458a44f88b61e2f6694265cb1c00f,181970
nonmembership,28,136,88de7d66bcd1d4ff19eab36ff35648f2e12e7183c3370cf18688dab669678b3f,181970
nonmembership,28,137,a4525866c44376ed0122abf44ff65d00e80bb434ae4ae412bb22ae05e6ed73ae,181970
nonmembership,28,138,f213c0924369096c766067abca53ee413951be566c40e8a7c3e63a99a068c9ba,181970
nonmembership,28,139,8ec5e6dcb5cd707f77c7f8b85e47c9905c6796a1b74ea475f5c76db644651f76,181970
nonmembership,28,140,fb74d86ee7db6fd1b23b57a8bb80bad3aa9310fd0eb884dc96d25150351602a1,181970
nonmembership,28,141,df21065bcef28fb159579e90435b1397cddf4a7445af4a14cd88e25a6f63420a,181970
nonmembership,28,142,8dd720c7bf1fcbb98e8e5a74e31ae91e27b024282243edb9383eaf5244989d70,181970
nonmembership,28,143,9055e3d7fdcb43b5e753f530bbedcea068239e7c3a4d533c83671bf6f1dfbb7c,181970
nonmembership,28,144,d27c6158929a0d7ec7773005218df7a24e4ccaddc9621fb80fc1888359822949,181970
nonmembership,28,145,b8f800308668e599da24c2475614d8b942d6816b6400db7cdc122fb76358e9bd,181970
nonmembership,28,146,acaeb287d54b1dafe7701f25befb449eaee433a7e09db2e3cabf3119fd544859,181970
nonmembership,28,147,f7015a272a747e6ff06f814709549408dcfee93b9e2620283ca2642d26326cda,181970
nonmembership,28,148,607683c3d07d5eb98bca593711adfbf13541d34cc65f558b76230a26c607c132,181970
nonmembership,28,149,57ddc59ac9f4e797cd952c2c3344507e6d7bcf01681c518977a4369f92f15fa5,181970
nonmembership,28,150,0cb595905e4389cd029fbec6be4cb6aa3d9c7ef506a93d338f585631f01aee34,181970
nonmembership,28,151,4d52e01003f796261c01075a1b1826f86f6e37c9dcba262dbc7e7cbcc16470b1,181970
nonmembership,28,152,bd85a812aec7e5917f0dce9c662f59a269eda93208a6c62dfbc65b91e7d3dc36,181970
nonmembership,28,153,c4e81993fa69eaee701566b47c2dc176cd625d5116c58368d1cd762e66e1e214,181970
nonmembership,28,154,a47fb2af94bc1f158975dfdeb7d1b4c133e81fb876600935a926a47951134650,181970
nonmembership,28,155,eaf54e7463073724ba0209c9123586ba86f4e952bca2c9d5f2e6708b00f1dcb4,181970
nonmembership,28,156,7893436b576df072db21059b754417c5503a9271a76b936732ed770873789070,181970
nonmembership,28,157,ed0d82c44c2e0511e7f641b5c5dd84a74b7d777a31ae46c61d30fe1c6271ee8e,181970
nonmembership,28,158,67bfdcc08ef16f6f91234837f0c5e684098a7a59608de78176fe677e8e5dfffb,181970
nonmembership,28,159,0544469cb0c8c2e061e79964b71f99a0bc5ada677d880a4ac0d9de619cf32102,181970
nonmembership,28,160,198c108d808af3665f42cf23583efd928c142d89bc74a89634e567b5ba53c2f7,181970
nonmembership,28,161,11b961513fb273d388f83d63d4ced846e03e21fdfeb41e95cdabff0fb0af9a71,181970
nonmembership,28,162,c53f0d599dde73db6eaec479164737e4880fef06d8902fa10d1ace2bb680b423,181970
nonmembership,28,163,f129add89a20f9b174a1a36ef0f629b6de3f34a63cd91c22d1682a85be2eec67,181970
nonmembership,28,164,2fe0328068c8decb818cbaf3c538019bc00266e100d4f0875d5222207041b026,181970
nonmembership,28,165,fb20165e3ae122c99af71ff3d166997fc8ab2b870722d2bcf24731159730828b,181970
nonmembership,28,166,092cd9244c90c6b1e468625c19130151a2922c69048c247e1f9e2ac0183b8057,181970
nonmembership,28,167,8588794899fff5ab96106754b1cb1f538ddc4573b125d391157dffd72febf947,181970
nonmembership,28,168,da412380bee22c0fc3bf4d888afba19c13626c2f91f0629fe20f8d6169821f32,181970
nonmembership,28,169,65dbbe2fb8e1aeb66c86715849686bcd4c2a7dc45bc9f5187618ddeeceac84a9,181970
nonmembership,28,170,51e6a32b5304754b8939e35591a8031b2757afe185b91016ec955a56572c5fd1,181970
nonmembership,28,171,f3b692b2418e22795a2afb452ef4414011be3251293b85cd769934e91d70fd29,181970
nonmembership,28,172,b5d1a0d561fd3cf4b106b1c2ea6e6ec9a9b7b66f1aaa2b6d4753c674af6342be,181970
nonmembership,28,173,e757b22e57ee49dd59a37dec39bb0c8c881f89094d86f32ebce61d13507de933,181970
nonmembership,28,174,a4293741d2934949994e31a5c6a733dd4fc4129ead03301f130c13940f9e202f,181970
nonmembership,28,175,2cd5b37d501ad3deae4e9eb7dcbd85b9a91fe3f25b008b6f7ff26539e523a08e,181970
nonmembership,28,176,adcf7a845b3d0f4088ad7d0807aca1f6d64e2ecea812fa359b51ce3d4acc3a3d,181970
nonmembership,28,177,19f9324c114eac63f531311c9963b753e79e757e4337936b6c2cac29de68d857,181970
nonmembership,28,178,bd42ad76953e24b32ea955abb47c66448ca600196a99bbbccf6bd833059bb3bc,181970
nonmembership,28,179,4a078824ff8d6afc669f488451172e076ce356036257ea54e94f74e444999f3d,181970
nonmembership,28,180,431481f22ed6d3e23bf8ddc0f60496e14275cec8e7174b015673f6f2f9056d99,181970
nonmembership,28,181,a7bd73df08e2d41b29d4843bbbeff775c883c3f13f5ce772027b2b3a373c28a6,181970
nonmembership,28,182,288bcbd63d9c4c5d677bbafa9aa39515b05296664eaf029e5256111a1d075d3a,181970
nonmembership,28,183,d555c510dee4bdeba1db3992621f4457e52d91fea41819c13666adb625bf2def,181970
nonmembership,28,184,a1b8247fffb22c2875d5b52998311c732e77b06a3cd9a200352a4ab3e4231e14,181970
nonmembership,28,185,845d70951eec39a8a14ca650570befd8497bb8320ef8d57089ed79d05c517f4b,181970
nonmembership,28,186,68cb9794cd1727fb1236b4aaa242e6c99b238645727f576268a4006653b5a363,181970
nonmembership,28,187,b7e8f8cae0f493c6ad95385b319773adc262b0944203e0c5a944668112194a2e,181970
nonmembership,28,188,1581545ae11a0bc9851c0e129e6d43cf4cd71ddb3cbd1bd6315cd393bcdf620b,181970
nonmembership,28,189,612c24984076bdc64dc4c62eb363673604070fd9a074c8fd4dd135c3c3a7f5bb,181970
nonmembership,28,190,06344ae34aeca3eed306bea74ee569b9402a664ea88da3a43bd4978b003db6da,181970
nonmembership,28,191,73214435f1250a9a790a32ae909f8083e2226c07bd4531a1174d016da667e350,181970
nonmembership,28,192,95436ec377bb1a3c12d17399b98d191c1cad0a24f9685411adead8f4f6ec6f66,181970
nonmembership,28,193,cb4aa6d4e55f0082b0a29453b2eafa82f9756fafb760379acaf7e30c84a9bede,181970
nonmembership,28,194,68f23ddbc526c38eb8e62a9c71f95dddfadf9ca2bd830f6517877e9c8e44dadb,181970
nonmembership,28,195,545ae718e9bc850e20850dbf8568c3dbff37db32fd3fb95e4a29e2c2b07ccc34,181970
nonmembership,28,196,26a77b7cf4964d952cee16c09bc21f795b929386863dbc15741c74dc8f4ae3b7,181970
nonmembership,28,197,d70e2134970dca9d00fc43149ac48da90f23cf6085f351d275f9377255a33639,181970
nonmembership,28,198,cc27bd833d18875f3af3b61cedf30050b595fd2f17a75877b8d2acea83e3aa9c,181970
nonmembership,28,199,b45c3f69ee32c5632cfdfc5aee5d7a07d93872c91ad967ce1336ba428e272165,181970
nonmembership,28,200,8314fbe72953d2b26a4b89fec80592be2c1950b825d5c1ecb4e249d89f6d9025,181970
nonmembership,28,201,ff1de74598046b432d114bca9f06fa7e71d271125bd83e9d00f4bd4de376d8d9,181970
nonmembership,28,202,09c20c85320e2fbc2142a65e1bb8e81db27c2cd0258b5690756d995d7d964f7a,181970
nonmembership,28,203,06634bdfef5a828750d6464ef29f488c7851c7027ff76f51d91252f8d1fa08ce,181970
nonmembership,28,204,ea7f8fe175ff37a1675ed5a9b01ad48b7caa5f327009856c4cc794b9c3f4d969,181970
nonmembership,28,205,021138dc29398803e83c76d94be14368c75565753329d48ebfa31f515347506b,181970
nonmembership,28,206,57daa46b01b015be745f4b57d8b282531dbe8fbf1cf0ebbea373f6de5d5347f6,181970
nonmembership,28,207,6c3cc4778e09e34ea1271630f7f7e2f21d9346ece0871a7bc194c5d24e35a91b,181970
nonmembership,28,208,eabd36a7c43a1c2c6a121bcfd1a6052d5fefb997866ce7bbad94b7418a46c30e,181970
nonmembership,28,209,a2e91febb9afabb72260e4d9a60c4b38f8b65e8bcc9442ce9089a30c6383ed3d,181970
nonmembership,28,210,e16c31460656c35a7d14b776712850334ed32a8dc2e95d2c3561136f2a171a8d,181970
nonmembership,28,211,226de53bfccf0fea1f985e36c9f00f81cd19aeabeb2e16791497be0c9dd5259f,181970
nonmembership,28,212,71db98dc900af1040d09ab24c3463ef01c3f95b12116d0fb7bf80cfe32fe04f2,181970
nonmembership,28,213,bc4a4c566ee347e0890ea29682f62343714d3d119dc66227174dcf7472575c98,181970
nonmembership,28,214,311f807d4809d390eafd7f0fc304ef5fbbacd30f4374c6866334a5c4d14f382b,181970
nonmembership,28,215,4f4d9ae9b70cebc5c032b427d85888b37d0938eb4d23bc5bd8bbdb8d11e02b35,181970
nonmembership,28,216,0f111319f8fc883989b5ba313479451ac1cfc3982e9d3a2912083cb0169db3bf,181970
nonmembership,28,217,914219d1d2fec75be38d3c31569e9c1abeef15403f0de764c6b651c5a5f9c1c1,181970
nonmembership,28,218,033816e0b25cbe9896f4b1ab081dea34df48981bfef6f87c3beffd5c0aeaf4e2,181970
nonmembership,28,219,a3aca90f5be288fc12649d977e588c80ae289cbf1a21c7079ad734d7015e1c20,181970
nonmembership,28,220,41969b294447b48e855fd79c092b09773a3eb96fe49709814fa170967325d421,181970
nonmembership,28,221,96b2252c776238e48ab0bdee84eb1ed769304b806986cdfa15bbea239ea4da4d,181970
nonmembership,28,222,08bdc35b0b27f1c69776a692eb4c996774ad8177fe1b05a22779fb7595b7495b,181970
nonmembership,28,223,f5e05f75f1f532e7bdb59ff4231bc49b52712c9200b7d9378f21780da0741683,181970
nonmembership,28,224,601d872ede59041474c13b3ff75923f11fa6981c99539f9cfcaa03e281bd52f1,181970
nonmembership,28,225,8478329a848c4e4753ae4736afc53eb83223ae9ba942540b1b23c616f1a9749e,181970
nonmembership,28,226,2e30caa9d3db05302cfb49809c363ad07202ec475343e7945e4f49bbd5bcb578,181970
nonmembership,28,227,8959bb71c9815a2cdb85799d78fc42cdb25bacbda4edb045c77371cef3c6645e,181970
nonmembership,28,228,b723168c61b555e9d9e67bf29256b231f00f4f76b8cd221cf66d334677e59abf,181970
nonmembership,28,229,0251dd69e538e07a2d096457cd30e98b7fece4b6e8d0964882e441f065f8a0fd,181970
nonmembership,28,230,59212d78701482c557cb819d878d5fb88ea41311b315966bb4820a5bc01f73a9,181970
nonmembership,28,231,9862f2258c3a6e1288313cfe6c28ac1c6cbf033b27da627b818ad6f0905876d9,181970
nonmembership,28,232,98c60e0a6c5b605d3d4e77fe979e34d4c153df87f1d3ab97197742f4ab569513,181970
nonmembership,28,233,8c308e3a8b226974a2d09e15bf9b5baeba30133e317a5d0523c8f4497f94a15b,181970
nonmembership,28,234,9f6885309d4a7b621044e70f34da997e8e0b345743c27b8c00135a6fddb054a2,181970
nonmembership,28,235,ca115811b4dd31f660da1bbe92f13d283884b317daeea92de711fce3927d3b36,181970
nonmembership,28,236,c853fd2e37c4bc1d458e1ec85b66c97cf0ea37a604b355e71f2afd86a0de7504,181970
nonmembership,28,237,86595707e395fc8c05438cc2b81bdfd156e0faf0640fa2344dd553af7e080434,181970
nonmembership,28,238,4c318d225deed6f8b542d3371761c47889b3d78dfaa011e1fed23def12e16e35,181970
nonmembership,28,239,647367101f2bf49c05f65e23cefbf7a15d6b2ccf34eb8efa70d1362257aecbcd,181970
nonmembership,28,240,7bf5500fed4bc273ca48dd95e0316569906f9eb6ef438894fa26dc2da51c3f17,181970
nonmembership,28,241,dd13e4a7147bab56f90c4100acd8d5ce7a6c9f5e6a56744e865ce6452e318097,181970
nonmembership,28,242,60eb2e63cf3f5fe44514a7b81c1b28f93f2420768c644861c23580763e327519,181970
nonmembership,28,243,1e28ea14b90df69ddff2447d53e7cf3748ea2723d092599d865fce0815c36295,181970
nonmembership,28,244,f552bf9fc5571a100dde1aa7f99bfd4b3b906e6de1bcf58825d9394992644fa8,181970
nonmembership,28,245,d4490e5585f8b68692149568f930259d6bcdc6f9fca9e652991a5c56c06859a7,181970
nonmembership,28,246,f9d7297dd3d080d4be8a72e89dc8087ee2fd17ba6a6f729f1f98ed16e5bb9667,181970
nonmembership,28,247,c07610577b127fe69854e779e2fc23258fa26c1c9d1af85a44a9347c6cd3e7fb,181970
nonmembership,28,248,b1181a668e8e466fc98bd44b28a0d3a8345e4afb7918ac693e8a50fb31de3bd3,181970
nonmembership,28,249,d3846b804a4a801b4ca3b4f3c6c5e95e602621b17315303754475526875f4744,181970
nonmembership,28,250,23ff8207280a4c517084843207f8f705dcf15382d092fd9cfc2c1030f539e045,181970
nonmembership,28,251,282f6d372b4b9edf089dfceb63e673e062bd9a98b3c5253a8a1bed598f8ee1ee,181970
nonmembership,28,252,da29354397e76229aaa695809313a84c66e8e1bfb9c1c63044d06380c2a3eb45,181970
nonmembership,28,253,3900c20106f663d584ac1759216466c1f5a297651cf319c4ab95304f9353caf6,181970
nonmembership,28,254,8a7284e91dd07679ff7cab5bb30c696139c9705a018be8ce73e511da74c93058,181970
nonmembership,28,255,4194cd189d545e5311a5bfbf090b071d885aced57e8aec080542391d20036a04,181970
nonmembership,28,256,3a9e6f981cdf76a65c6aea621eb1cf6e2282d5748c454ad8088e317d0431e885,181970
nonmembership,28,257,871385ccfe3a78492d24c760c35465af213c1efef4eb53818df4a8d8360f4529,181970
nonmembership,28,258,16e9046fc53b2a833b2bb7b150b5b52a23b5fd905e7877eb5d9b9e7caf672dd4,181970
nonmembership,28,259,f0487494eff953aa3ea420b49bdfae6cfbd57ebf7e1f4c8e1a09b8dd9a19c825,181970
nonmembership,28,260,158bcb04f5c1cc45eb11e9d168da4f81756317e58e190fa50fd0916e3622dc07,181970
nonmembership,28,261,c891e26c95e3188a44e932e00c39d8c72f35037745986632eed42dc75f163ed8,181970
nonmembership,28,262,1b5806c397a88c40521f8620bc2da8acc60b835b8a53f1581d9794e697b8b8ab,181970
nonmembership,28,263,deb5ac78416a273da7e80394f15295420b684348612c351f31afd8ba89ed9847,181970
nonmembership,28,264,465f695453607a025d0b56711faabb03b34a81fe7357605ad8be9a9cca067d1a,181970
nonmembership,28,265,4897fb10f0398ec557997c3e4eeb5f293be5eac6b32c2def344ebd7bfab2e6f7,181970
nonmembership,28,266,baf00823f671195220547e5be5bd2b52842c42ad5c93983611626822f854fc38,181970
nonmembership,28,267,25f0613335582c543b2d5e0875a57f8a498d829aa9e4888fa46288bc5b311375,181970
nonmembership,28,268,9ec94f57511f55b39fca3b492f8acc1fa0121a0e1809e8b71c4a8b6d8aa7633e,181970
nonmembership,28,269,bddae8d3235777cc0e57b4256fd270cca6dcee3521a49cba4c603f526c363b90,181970
nonmembership,28,270,e0fac497e24f2d050de697eb15df6d50c0503b6c2b607bd4cc428499eaf800ab,181970
nonmembership,28,271,0b0a24ef776febedc097a6e3a8cc747a26217e750594da1f0527c0e93faa7d20,181970
nonmembership,28,272,cd396ad7c47c46d39683f7a7b0d8213a45e439565cf758340c61be86aa0a3599,181970
nonmembership,28,273,838889dad4673dc6b9b2a345f2d6eb5183be0a7d6649c9b8c84e36ee548d0541,181970
nonmembership,28,274,0c166e8cb4d751f994e5a646a2d5e6a915b1861cf277715dac51f0b89fecb4f1,181970
nonmembership,28,275,60e27804b1916a920703fa6f1ebda1f2e9a16b7e246420ebed0e756878aa7389,181970
nonmembership,28,276,10b377267fdd35d48a839808447027bb19a837e23261eb7da98e11675df0c442,181970
nonmembership,28,277,c48da6a96eb17548c6e405af2d952d335908f5e515db32d14b3b880ea285a5a0,181970
nonmembership,28,278,8a2ca0a7bc9c66726dc766a6b3263a644bf8dcf6de0eed90f24f43e65c4b71fd,181970
nonmembership,28,279,5a081f269f4323a9ed33f7e90ec9ac844d0dfce5e4ec158bfdffba7288c9e159,181970
nonmembership,28,280,e0db7058d506753f41eca9efac2e4123726bbe90a9c15b167ec59397460f201a,181970
nonmembership,28,281,747a6734689b2f91003f67cf0ccfc4969885dd52dfc663caa543d9b084d90b64,181970
nonmembership,28,282,57a06c0ff2fc3d5b67ab6e8846d51dda99243d7dda07da601d392389fa3a9b0c,181970
nonmembership,28,283,07bc43c08db2e22643fabea39408f1c30773ca064b8f540bfb8c523081599651,181970
nonmembership,28,284,ae0e99dffa5771391c2ef2300a2c8934fe7413035ef82efa36010854941230d7,181970
nonmembership,28,285,aaeef500c95b6d7eb3ab02f24bcbd71495f0f635085090f3136d7c16fe9838d8,181970
nonmembership,28,286,6de5652541e97c77e6b26ea3a3ec2693a1574303a20413ff7e0cb415ba78a64d,181970
nonmembership,28,287,e8fecba6ff7d226d8c57b35c4eed1273e88c8483ac6ff9e44e3878dddc4fdfbf,181970
nonmembership,28,288,e063de7288edc784b799b8046475e43bd0e6293494c9c1374801644444874940,181970
nonmembership,28,289,a9dd575ceae9a2b9b75b7afaa9c00c6f4aeaf3f18aa8b5567a7b3114dfc1fef1,181970
nonmembership,28,290,87719e3047568eb0000e583f7f425fec74b40ac45651c65abe954af93e555ea5,181970
nonmembership,28,291,11f5177dede26372319801796b1d185014e1768a5c1b4f6f20c6d332aadb1635,181970
nonmembership,28,292,cf93b0c1f637f2bd6e313cc59b5eb6bbfb5c624b138cda938a58717fd7bde9e8,181970
nonmembership,28,293,436e16fcf3ac5a0d0e336c2768dbeb351a5b0794844cfd08271aac98cea279b7,181970
nonmembership,28,294,90c928b3b30dcc945dc5cf56973eb0c74888844e16db4dd1b2e3a2e3082c3b98,181970
nonmembership,28,295,32fc568f8fdfd5b3d2f6014ef8228b9438649a557f2f2975a18e7b67e44ff155,181970
nonmembership,28,296,d530fba4e866b81d63627677058774a624b9dbd804c33a98497faaa93567adef,181970
nonmembership,28,297,82df7a3c563b7156395f3371f759ad4f3f95765645522275103852a3ef494437,181970
nonmembership,28,298,951f86dded1d9231fce7a5be4606ab3932a5d37d9ff83429940480506cda6bce,181970
nonmembership,28,299,1f045bc59d565d7f8aef2a553cf23362b343541f7296affe15da21386d0062d7,181970
nonmembership,28,300,3f6bc95f4c5993d6d933edb8d198a211ba635ee4db5dda59abd37c9d2099b5b7,181970
nonmembership,28,301,05e61f5bdaca2e603e294467da40c9abea03fc78c2031fd308850d994fbebef3,181970
nonmembership,28,302,4799f0e340ca5b79a33ceb40b66e708377dc0e6669811ccdac77e305d5fc26f3,181970
nonmembership,28,303,64f3c8abc6ebbf5267cbcac2c22167c9553a5622146e79bd225e10cad774577e,181970
nonmembership,28,304,96b7aab7b5bafe72477a86503cd7239b3f820588f7e27e13ddde87096c4602c9,181970
nonmembership,28,305,03792a6a2c7bc15ca71bb2a6cc3bc4f5cee0a0b2e96c613e6812800d17fa2f2b,181970
nonmembership,28,306,13b3a7bff9ca7e81d77e6acbdbb3bf2139323ea591fc27191951d4cc7e7eb5e2,181970
nonmembership,28,307,89ef428316b732b6ce8fa354eb1e1dadc9e6475310ba73b08232c9c8a2b09792,181970
nonmembership,28,308,27cd1f725d1e63f7b94e6b7716e5cd452418eb5870e6bf2e20875a23fcd66656,181970
nonmembership,28,309,82f77937bf561690c5fd3e231c2b22ad5252ee866960111b4efdd3767067df60,181970
nonmembership,28,310,4a78ab433e6bf42673003602452e86e28d931e2e1a653e7485568d938483943b,181970
nonmembership,28,311,f3e6051f8462d8b58f86f00922d6c38a0eaaacde3193fc5af33f2b0b4c3077df,181970
nonmembership,28,312,b9277a9681e3afad2f1ab2d7c6930d1269a7ae81c96ce7d193d1685d00351549,181970
nonmembership,28,313,922249b253a6ef92497c7fddb64d61425198c522b7ca9cb00714410c3d6b64e4,181970
nonmembership,28,314,9e119bfe8a32bc0ff5063af3dc7f93845feb3973e8f711600fdb5c1882d183c6,181970
nonmembership,28,315,e3d1365a3da4d70234b5bcb926e5c419e97a9726b73617ae5d603e4587a27689,181970
nonmembership,28,316,0b6ef907177c1818368e9b575440cb257d0d42cee248f6d25a850dc30e8f2867,181970
nonmembership,28,317,5b1f727313f3ec1db62af6587effbad8d74014760ec79dd6644ba67c0de29cbc,181970
nonmembership,28,318,59b5249ee0d2dde5a191c0d13a590688a3da679adedd35237c171b58ba0b7d71,181970
nonmembership,28,319,25a3fd07d8d2b7a597c7980e760b0ffa4501e3ac794bf6aab351e48bd0e4cf50,181970
nonmembership,28,320,0a7c8e013ad52576010b7b680ee9a9be989edb68cffb9df6b01aeced5360bf28,181970
nonmembership,28,321,2eb3e03e070644482ad5ae2fa4c83d639911b50c578ced36f9df951fadbf6d0a,181970
nonmembership,28,322,89491d8ba2e981f5e4a6cc252d1401264f3d8d8bdbc1a4718a5186cf14e01e3d,181970
nonmembership,28,323,faac56bf74f24dd878430577830b5dd2528ff2ff3e0a578b2038366fee3b0ead,181970
nonmembership,28,324,bdd6f6bda7b9d335d5b4213f035ddaf3977e535569308054fe2a0a08d6aab9b9,181970
nonmembership,28,325,3b87a6d0da7b6d407588ba21308baa54ef6f43db223c2695ad8558d397ced9b5,181970
nonmembership,28,326,00cf0199b345dbefd3dfc0ee0623e9b209edee04138c798105d9bd6164b0ec61,181970
nonmembership,28,327,71a0ea6989d1a72eabed3c05cf02c6b814fe1dec9bb5fba62d5d38bd7bf1998f,181970
nonmembership,28,328,de2d446ad479afe2526a3e37c534c376586ab59ac7a4a36cc006df80168afc4f,181970
nonmembership,28,329,91b32fdbdad4224d7dc8f4bb08419530b132f6ba20354323bdcb8a7fb27bca4b,181970
nonmembership,28,330,8cb88c7e98e28da8ad017aa7765342210afbd1b318128d59271ac713567512c7,181970
nonmembership,28,331,b4e8e5857548368f3c37c11e158137ab8a37b42cb758c51c9d96c5fe3e17bfb5,181970
nonmembership,28,332,ea46eb2e5e0d7475ae619ad646b0944e6c03bdbed29a0866d32ecea0521956f5,181970
nonmembership,28,333,dbaf1da096a8160cd9e64e49b397c54ee0334ef7611f37b20ad44165bbb4f415,181970
nonmembership,28,334,114fc09e5b445ad98345e1792e6ab72bc51c24792fb1cab1a61056392baaae70,181970
nonmembership,28,335,c05ba29698da39286674387f2bfd4274ea0e2e93a4ae22fb9718e24a96bfb190,181970
nonmembership,28,336,5d9105d1b71e0ef5a833e2d475a2e39e59144e7b8332e88d262a0f785e66737d,181970
nonmembership,28,337,334646dabe3d9746b308490844dfd7b614d019c94c93a731c005a966d1ea4aad,181970
nonmembership,28,338,be53ab43ee26e0e830e72720df6762910f1d5bd03f5e360a9bb2258a36003dba,181970
nonmembership,28,339,9e36c5d7211dd6e8f1d2fedeb2e63e272fc0cb4279f143d5ebfe67659b731ffe,181970
nonmembership,28,340,f2a82faeadc1ca9d83cead1998ae823a1a4a798c7894290842f3b8954fc0920e,181970
nonmembership,28,341,36c842adc3df990ce2ea1ab16afa13cf81d3c9e434d8ae5945e3f5523163e379,181970
nonmembership,28,342,36858b4a99364d527c85c875d3fededc7b8c4a1625d06b26d2b6eaf7823fade7,181970
nonmembership,28,343,2c521c279709b73bde5e0e1a43645c138cecedc484376382f4ecf78f321ba80e,181970
nonmembership,28,344,ceb063fd36377c0a7f0dd8954e9f2a46f6975a3a4db4ede60677d4427f663c00,181970
nonmembership,28,345,1fc2f10d7e1d2542340c36410a45d2c973473cf23c9dc0794dcb2ec8243fbabe,181970
nonmembership,28,346,921f2231eadbef79a048858ed5c38f7f2ce75171fc9410965bc356b8a14ccd31,181970
nonmembership,28,347,8fc768b8dd88feb7d4afff2a124011d6177881a6f6f005c493dabac1e512254b,181970
nonmembership,28,348,32eb52e8e8cfd6f7f30ef3a64ee2e318a0077c9713435ca289326e6bbcf59537,181970
nonmembership,28,349,a3b7c4f8351a129561f81287a17dd98b854fc98cfda67b4e2fe51c5cffcfc418,181970
nonmembership,28,350,b5a5b64a833034080c2d0dcddea9008739db041911082e22033f4fc2c764435e,181970
nonmembership,28,351,fb45b58a89d5f6aa48b551c11c57745df3f5ac079d5920f5f2e67cf6439687b0,181970
nonmembership,28,352,f82d7daa189d796a1ed24ae6bb8c5c93a896dcfcd5e9f18cfc1353a47a2782c8,181970
nonmembership,28,353,40bfeafdc5647fc30333676dd699798ebf6fbc1d3f8afa0e6b8def0caee90cfb,181970
nonmembership,28,354,05542660a5437b9d4e8b6e83faabe720651338f8bf78585366f962f4e8d5e14c,181970
nonmembership,28,355,933b7e7e105b105afb1b30d24944e7c713cdd6e27f6ba6526a98fc07c95f2d97,181970
nonmembership,28,356,f6487edd96084fccb13688147c02ee6ad561d46cfb581e02b986bda4a1566599,181970
nonmembership,28,357,7dfe4c917f375cd8f5f4e2512dbbe1b8289d5c460b6ddda9abef8ec727c49960,181970
nonmembership,28,358,2bc22dc934174d8132af5c3c8de21c4513809ad872b3be2655959fb6f92696a2,181970
nonmembership,28,359,54a896789a640502073b326b9324341ef3547c27630e6f21dbf5af58b8647d17,181970
nonmembership,28,360,9ddafb79b88da3568833534485a02ba713aa2ff077596c5353545b4656fd81a0,181970
nonmembership,28,361,e361fb6d2544fe07e7a292f1b74d76c94b3557b7b8a48a56158d5f948e123405,181970
nonmembership,28,362,dff613e33d950fb1289cbb90a1093d2fc4771d6869e91c268295c684a26fa181,181970
nonmembership,28,363,bf948edba97000b9649e753ee16dc8f88b0842eabf08ec424ad300da40b0152b,181970
nonmembership,28,364,a1f476ceb30681db04c1ea8750e33e0629bc576cae00fb98b28be373135a2457,181970
nonmembership,28,365,e677509119c9b0e6141751239042d67700ad3d131f96f20e3b7c8f9a6e295f1b,181970
nonmembership,28,366,0df07556c6b3a9a659d4b86c8633eee678d7c62fe00e038d6a8b1048d2ad9b43,181970
nonmembership,28,367,d422e1b09b59575c7b63802ef20d87365fe5ba51082d8b6315ef7bfc0755d6dd,181970
nonmembership,28,368,6894349e38f9beb0fc67abf5ca8ff10fbadae7e7cc0c15693ff0e5a31da2d81d,181970
nonmembership,28,369,f456cd9b94650a61181e7a51b3d91ca01272d39e53a81308855a91720a8ad7d6,181970
nonmembership,28,370,7a122d582177f0de25839d045b184bcee0c899853467c0a906a97c1c6743a39f,181970
nonmembership,28,371,cf3f055dbf56645b931abfee140e693734eb28d2b4cf9d72d5a3c6912862c580,181970
nonmembership,28,372,4d934d73fb091bc0c8f7d2794a1658aed8230d04c36b73fc226cf8a779854853,181970
nonmembership,28,373,40735007289415f2451233d6fea7d26b5fb43444ef3505c4feb00f13f6cb8798,181970
nonmembership,28,374,face6f912bbef42b38d277bfbece7ad087884d34df29ab229758e9af9aa78d4e,181970
nonmembership,28,375,6ecda78aacb32721f7b39c3f51dbad05ccfad8bc45719f3b32a1ab4382c1ad98,181970
nonmembership,28,376,b89e49b52c5f566d7ad4dbe931c7946625a2dae4fd9aea0540322e7980a7b311,181970
nonmembership,28,377,19eabe69e31ca2ed9edc98ea99a9468c53109c3b2a16d69be819209ad02a12f3,181970
nonmembership,28,378,d3b8d98a4120fac85ba590812a7b0d96dd3f36a461a72944a2af577f24c37bf2,181970
nonmembership,28,379,d2dffaced197df36f0aaf951bd9b6b29627e8454d4781d406f8bb3863f8285c8,181970
nonmembership,28,380,2d49e0c804cddf5d508d9ed571e7f96385ff9af438373fed8310eacde18c365f,181970
nonmembership,28,381,ae0c95a518f3987df8408b7dc24efebee6fc91d138a627b444dca18fac47931e,181970
nonmembership,28,382,f022326f67020948adf0a1e67cf8e24912dec575f2b9e8045e375f30fb249d19,181970
nonmembership,28,383,e0d150e3f4b7c488c237f721b0dce6c3c2e4ace35e1adf14ee55f791b93889cf,181970
nonmembership,28,384,594d7ccbeda3ff206db86e82bc3bbe44bd4f410917f9741e310db9bc0d5643de,181970
nonmembership,28,385,aa13281c01214b9d434a1976248eca6d633d894951ef534ec0e5929da0afea12,181970
nonmembership,28,386,0b169b6e3a4465efeaef16a2381a25d051f007a393f882e82162ae0804402c0c,181970
nonmembership,28,387,3e5b3deae4afa512a3a575937e11158ca04af602fc8f9fac25546c29e434b763,181970
nonmembership,28,388,15ffe52ad3131e89c88db97f9bc7f3a51b3a5f9501209f805ad538c7bfea9cd9,181970
nonmembership,28,389,c102111614723a4b78f7b261e2fed2138bfd9e9ca339b7883dd07e042a778c06,181970
nonmembership,28,390,3cde3c2d382bf63311aa85d7eda5d82dc7477363d8f25e577b0db6de7f836ebe,181970
nonmembership,28,391,04e4b392fb743013f27b811ca8d6f9c6a565fd690153c7e046543ac00d12e9b5,181970
nonmembership,28,392,400a03f10b1116a704485bf75a9e81c04c7095d1b143fef5b5ecddac6680fd71,181970
nonmembership,28,393,9a4c39b689a9937db6e52c9657b9fd076be39b59580bbc3bf3036670cd6372fd,181970
nonmembership,28,394,237bf263dafcd8707475ab113b4e08be49c71eadaf7e189569c3b8c7ba6de399,181970
nonmembership,28,395,40ec2c0ab39ae3cc95fdb704589cec5405cd3a7027f6d40489dd9bb6c74ac7ac,181970
nonmembership,28,396,17f82cc80bb82edf0c3dd4f73e369187d3bee56fe99feabfc43a464c6ca46cf3,181970
nonmembership,28,397,5acbf3dca8dbea5dfd4cd94e3d326d3d05a73155aa649f7bf1cc4c498536afcc,181970
nonmembership,28,398,f7cf74e2446fa565fa890558a85602ec46f18fd253707bee505efa4ec10d2d1c,181970
nonmembership,28,399,fa7f289f19b6e1b1cced157bdac7387d46dcafc21381b7b6962123123894dbfa,181970
nonmembership,28,400,df82feaa40fe1b4f9560dfe6d0f89df1ab33ceb1b0eaf5648626610265bf6962,181970
nonmembership,28,401,0798b164114717d0d82096acba27d93cdefe19865fdc03d5bec124fccdcbddc6,181970
nonmembership,28,402,ad1f9b87fdd0124bf3c9ae345a85043b9b60d389824a0f1ca32caa193ccc2c42,181970
nonmembership,28,403,5ec3f56d1a7685a2fc0429516f0e091b27b65905b40b7c419c8a6ef736e86bbe,181970
nonmembership,28,404,054577c6561fcd83769033756ee925d6de9899d8bf399ac790461f72baa939b7,181970
nonmembership,28,405,6de5e1c14e899741de86ca745cac5d73a491999392e04e3ba8d03fc9a4e4569d,181970
nonmembership,28,406,8c9217a025c75445a47aad213820d5dc591f95cccd3103374f2ed1a95cbac601,181970
nonmembership,28,407,6affeff59b9467f8f2656ad07e4e320db175de19e9ef06c0963598748e9dbd95,181970
nonmembership,28,408,0cdac0ae670fd29d9a8cbee0f9cd3c7e5ba1bfdae5e94fcfa7e1688a3dead8a9,181970
nonmembership,28,409,264b57f8d84f3d38772d4f4c12efd9d2c2777aeb81cbbe496ef482c169c7df83,181970
nonmembership,28,410,4ef8ff74a233d613b4d6d762772d2aa03662da2a4809b90e222a7609a9d025aa,181970
nonmembership,28,411,7221f42883e9bac949cb2256c23398867374e47f0cded80d78844931bc8fc0ee,181970
nonmembership,28,412,084fb38e323edf75a6cbbc95c8280538df9de7512e56bac02ef8acbfb89c2ba4,181970
nonmembership,28,413,42ac8c6deaa521d1c7511a1f747c2c7f0eb4c6026a7a62a7d44bef3fbf71f7a5,181970
nonmembership,28,414,f41062b61ef11d5d3fd7f49e39e35c2d878c6c1e4ff9efee38662082a0378214,181970
nonmembership,28,415,2f04f1a04cde1f7650e4a5e980c7be88d02a740d89193eda5a31cbd26af7a97f,181970
nonmembership,28,416,3232494cdf334eb5fb4374c1e8fa48cc05bf6dec9d14fb04d1a8e3f405bac4b8,181970
nonmembership,28,417,d4ed74c2619d005f13c46ca05a7917bb5594309878f27343c1349fbda46fe871,181970
nonmembership,28,418,2bea33da6f25d620dbc5f4b2f36c60dc11571bfdcfe9268df238833c11f60c11,181970
nonmembership,28,419,4abff338a70bac1bd74eb09416be29c25fb8c3db4f71d056f2a0a4eec1fdc615,181970
nonmembership,28,420,f00642f7772613aba9abda3135690a127c01e2f20719e115d3f7e921677eaf42,181970
nonmembership,28,421,2a8122d3c83068ee52096be26a6d759cf2064738ceb900bb5e4ffa3d8832b95e,181970
nonmembership,28,422,649c5fa5fe14eb6d010bdfc585a50f7b37aac7661fb1e31d1fcfcd3346253715,181970
nonmembership,28,423,c14d82f8af8ab1d81ec282fa559769587165a878dc81dc019ff9252ee0b22d06,181970
nonmembership,28,424,35bdd655d04e64c6a1b5375d6fdcb810f240b735ffd466767ef3990b65f6885a,181970
nonmembership,28,425,4078c18e021b6fa735860f0f9b7ce045f334fd70d1bef70270f9cfa3c1de6eeb,181970
nonmembership,28,426,61510aef16d43055c137d516a6d321c68ca1eee23307d05ca0d64bd0380b268f,181970
nonmembership,28,427,d2d2d0c6c5635e1bcdced48ef8a85c3d10fbd029b91e0a954d30a6a92ee04d86,181970
nonmembership,28,428,67a3ce34d641aa50e7bdef02047b50bbd43e5b9cdcb04e22952c446086c6f118,181970
nonmembership,28,429,49b74622a2799eeaaad7985681fcda445c60de9e6191ba64247e033a473188b8,181970
nonmembership,28,430,4a9f49ab6569562777b0e781873cc969ed49d1abe23dc5c7da48ff90db30d5b4,181970
nonmembership,28,431,c006ddb566b1034f10a3205b83b6b97080bea670c63e42113532de385fb90876,181970
nonmembership,28,432,b09e52349ee9eb052add5c75531cee35a52f2203db434a87c733fce5c977f6f0,181970
nonmembership,28,433,d1e621913fba29d76a2bb62e3fb2a3c40a1aa86c662227314db651f8a62244cb,181970
nonmembership,28,434,a6dedd85c46ca1a76fe2ad266d82e8ed25e5753d73fd6b6a19297eff75c74399,181970
nonmembership,28,435,d073ddc9ce58f5866676a4bf033a04dd43cca61e9d70f75ef55a123227e9960c,181970
nonmembership,28,436,ef8525d1e92e986b861d137c934770ffbb76e9aafa0faf697c2325e6d827eedb,181970
nonmembership,28,437,e52f1c7fa4bc869eb0adcba32de816dc1c418d9c3411b437af60afcf4d0c5487,181970
nonmembership,28,438,eb1c7fa510105af5c3764d1973ddbaba8e396f369fbdb16c8666ff35f89d5025,181970
nonmembership,28,439,21006f3fc9518fa61259e8ef4484cb024654cf1afd8588e7f4578232cc0ab1a5,181970
nonmembership,28,440,3257f42ca494a7cf7bad678db6a3422b7e329af85cd102058b10e95ce5e90e8d,181970
nonmembership,28,441,71c2b4e0f0953b64a03427b38832de65680a7b4e69b10f7473def24a430aeb3e,181970
nonmembership,28,442,0177aede4373ae7ece90656af20a8ec7ca20667caa2d2a0f0935b7e63d600d6d,181970
nonmembership,28,443,4648d298e7e0fe57ffbf968bc2082a1e76c75ee58a1c69add2262451d94592da,181970
nonmembership,28,444,1d91434f13603f89d6f7e581ad6336df2efb759c990e6351954afee3392bf6cb,181970
nonmembership,28,445,33c6d180435a77bd107fe572793673c925acdcb698b4d1ce3369c021dd54eb0f,181970
nonmembership,28,446,1ac77f3b9eaa05efac91c817cea11cc853198b2b18fa649ff542e576d0dfc20d,181970
nonmembership,28,447,c576344c0a1f54e6983e4818ef47091fbedfad139c5f732fccbcbb98d2afb95f,181970
nonmembership,28,448,b07a6012284e4111071a9daf3cca80c004c16fd8cec27f6a542160c9d264ff9a,181970
nonmembership,28,449,73adc1e507255048bca6a4eddb5000254430d56c0fc38cd11d9177f88646933a,181970
nonmembership,28,450,11afac049a819d55997a8e5288f3ba56b6d5044f1420a7868aae1b98aa15fd14,181970
nonmembership,28,451,47e07b92f6b16b4e3dbd11e2f467c9a98e065c14f848f06b27126f1ffa918ba9,181970
nonmembership,28,452,aac33f2d508feca8a8ba678e4b81a6de60feac121e757de0c410973352771a16,181970
nonmembership,28,453,a9d5e51c9c16d37874340ce2bcdc10a060485d69d30dbd76091001feabefa4d9,181970
nonmembership,28,454,c0d26744814d89d75dc1de84e13592158f2edc5eb457754835a5a2a03bc7e7e1,181970
nonmembership,28,455,23c92d038bb3361017f5e19c404be7403b4a6f0a906ed9213b0dfce60fa71329,181970
nonmembership,28,456,8572483140c90ae5dd960803c747a30fcfef32922f916cbbafcb9e002b6a1620,181970
nonmembership,28,457,9b22bc76e6efd6db5d3ebc3749d05b9eaa769c3e46ac367935e17e1be8c15675,181970
nonmembership,28,458,213d03816683aaa41590a36de5006fd5b87b7e2cca5a521c1e6061b3a4bd0f19,181970
nonmembership,28,459,0733620ac95015e85280475842283dfed11d1bec9788aab73463193c33a2e426,181970
nonmembership,28,460,67d3fd9c84e46327a2aaa396f84b8258c3726cc849e7dab67bb413a4ebaf9615,181970
nonmembership,28,461,260291bce13c1527ea193a76bd3e4974238f75bb2bf7735991420c96b66d0096,181970
nonmembership,28,462,f2d51ea3fbbc8e1ad6a084d4fcd58aeb62b524785fbdb105c92d0738d12efc8b,181970
nonmembership,28,463,93222f79a2dc9e076dbffdfac0da27afcc884238e8f41efacb259b7c7863050c,181970
nonmembership,28,464,be5fad0dd01e79980ba2cc0b62136645ac2b68199774eb728ea2307907c9a9c0,181970
nonmembership,28,465,4c0975c45eec886d17824194618c685b6750768794566bd6684eb6db72fa5ccc,181970
nonmembership,28,466,ab4ec6dff5f9bd376210fc9dc25b23aa93ea253fb51340d1e5a2095654b51cee,181970
nonmembership,28,467,1f197f9a6271c7737a3eb54ff7f1906392dcac6fe55a457a52db57d818453752,181970
nonmembership,28,468,8c84749c6481bc84c341721c63597df13573a15f93698d69752338afffffc813,181970
nonmembership,28,469,d99782519224d68ca2a07781f37dffecb0ebc97f7a190d3fddf3c73f31496d61,181970
nonmembership,28,470,23b598945b99a12138cd5110c8b9a13d1520696b3fc5fc4dfcd92e64ad527206,181970
nonmembership,28,471,48406bba28c05c1b3f03edd6a436eaea75a7e2caee24063328e573838a1b4eb5,181970
nonmembership,28,472,3b6d9f888bb6d3cc2d8d5e2611b322ca9c5e7ac4985e5dacae0b9d86dddf567c,181970
nonmembership,28,473,458d80df1b21b0b7d197ac6f365a1d7041db89ab855da0a3467a8bf31f732749,181970
nonmembership,28,474,8bbf44d0b709cbc5ca423b2b8e8ffc75efe04558ed8d9be3df88971528350d87,181970
nonmembership,28,475,eb01a1642f0b288f3fcaf391b16aace6c2a262422225f430d47a4257fec4d09b,181970
nonmembership,28,476,81a3e592666a84abf3092c8738c06e5bc5efd99e1baf00b62d85e6fd5ca5bce8,181970
nonmembership,28,477,23785c47a1de7d01756cf021bfa33a4fc9bcba6c764726ee9888251f92418b0a,181970
nonmembership,28,478,1fef27d5743e0745fcc67367f8d70a6f068c66dd863012a2731b6c4186a37d45,181970
nonmembership,28,479,0ed45a9e9f9ece85cf9bcca0c5ef1e8d7f309ca28f9b4fb17e2638e6c769fa22,181970
nonmembership,28,480,01387637d51ee60fd4cb03b5de828c81ef6b089bc1711618dcb450769ba2ee81,181970
nonmembership,28,481,e62fd8de821e30a0cea78b183f8d21d7e657efc7c108991481ed74ccc4e888b5,181970
nonmembership,28,482,ef571c3b9e6e937e416360a93b687c9aba99df3b3f4ef9fc9129c67c078eb18a,181970
nonmembership,28,483,d76460429cdd32b157f30be407931e1e091a733b75dc8152775bdb002474be74,181970
nonmembership,28,484,a8aad245a6ef0464f7fdd301db2905e463dfd3497e27de3802263b13efb9d611,181970
nonmembership,28,485,7f04987b39651dcad1924aabc3e6d89820213d5f88514d2c47cdb756bc7548c1,181970
nonmembership,28,486,7199ce0c1615e4710ea98e111d476b7bf36181e5795528305edd75dfd401a55f,181970
nonmembership,28,487,48b4926e615807226d4fcd4da131a4c9aa89b0ae16b0b8508809429640113733,181970
nonmembership,28,488,4b29c4e65c8ae65c1d3a70abe4d2bc27e00262d0f46d05063f7c14429080d863,181970
nonmembership,28,489,93796259c83322bef790fe5361dddde0a15bbf418335c7be0d12bc51240af0a4,181970
nonmembership,28,490,ddd395764e158b2483a172e33973b09cb7f3445a42e2dde03309215023e02720,181970
nonmembership,28,491,b68bfe9f5a46989379be3ae6fe3f9473d1a1ef70be889c7d46323d3aa2523fb7,181970
nonmembership,28,492,2a3fa79a3d2eea983464df98a52acd4a455225027b994b11e1fc1bcc75d59897,181970
nonmembership,28,493,d716f02e8459e3050ca9246403625744b2c05383e6b265753f9ed117dc8781c3,181970
nonmembership,28,494,aeeb8755811aa13f6f867be5c62d4b2505f6e8815e57faff2ae9eb057344f270,181970
nonmembership,28,495,587a9ab5d61bdf452b97e884fcd61a6d57227d3343409ef65cc1e57efcd3cf65,181970
nonmembership,28,496,da2652493ef7c2e42cc2bdd0fcdc2be6bb5a0315c051ce225601f8af1e4fe1ca,181970
nonmembership,28,497,318c791a7a44f28be81a840f528faf66948ece79b5f1d09c38322a0d0eb166d5,181970
nonmembership,28,498,16f72a5ce8616222f0c0105addc73dbcbfb40e1a66f66e18486ba64b9691ba56,181970
nonmembership,28,499,51966cdc1d4b38920891192527d2501dcc6cf953b4181157547bdef651242f87,181970
nonmembership,28,500,2246437d96de640800183c38f34f13f77fafdb09af24b705c70a11b98c0c5ee5,181970
nonmembership,28,501,b430167abdb4b0520af5157c33327f011c0cf64366e782e4dcd486b7b09bb140,181970
nonmembership,28,502,701c393d17e7742879b34e21de98680e51e53791b05ace7a985c7ece6b64a5df,181970
nonmembership,28,503,f8bd707361d58f5e8a7b3d4e4fe4e11e0da0e4f570f54a2429a5a868f96eab75,181970
nonmembership,28,504,a3b22aba0a52f815253d0a31ac2b8243b8ccdd3b7a58e20d1c02f56b966d0bdc,181970
nonmembership,28,505,3584b677243d4e0f4086d7b28330b817e9547d0d566444eac1066feb1fd0dee0,181970
nonmembership,28,506,212c125fdfcd600b3af976de8b2c03b3b0bcda7d89aa6a00e6bc6b81c38cb014,181970
nonmembership,28,507,43bf68d31cf180215e5de57c8e3bb26212d192cecbffe6dcedc1e7a5b0221ebd,181970
nonmembership,28,508,923bff3d7122ca512a5130022a21afb49ec26060c1d97ce28374a54c4f91c745,181970
nonmembership,28,509,6bd80d6640dc749ebc27eb4dfe677693e396b4c2c4e6fcaa5cab0973e4a3c484,181970
nonmembership,28,510,27d3ee84513952b1f2bbc61c87e840b52c04bc1571bda6f664e0c0b30069d9ab,181970
nonmembership,28,511,895d37643b60f8d765b3e456be70db3c4f09a6148cf5eaf98dad37767f361e19,181970
nonmembership,28,512,576c42e87ac43701e8a992f4540d34006d4ed0f7bc95f93a50612d5148006c05,181970
nonmembership,28,513,ceab29c0231943df48fe3453d682fe2318a3e4edbbc3ad3d37051e861a4ff2bb,181970
nonmembership,28,514,b42ca05f22ce11d5d62450fee0de48020094f11259c47cb9ad92eceab5ff0f38,181970
nonmembership,28,515,d5108e4f2534a648f10f53fa02a484b7c8c1920dfe3222021752344004da52ff,181970
nonmembership,28,516,5059cc05fdb8dee6701196d35174d4494f93724a5137b9541aad1064d53de24f,181970
nonmembership,28,517,107178485bc5a3147352e4a732ee96dd7adf16fa6553dda9d3caab18b7962bd9,181970
nonmembership,28,518,9be75ea10e0e8b82ede0dccd74aa5ef5c8a3827247e9d60f4e2b3a041e64caa7,181970
nonmembership,28,519,caa304dda66d0152a332a0000d128e5cbaed2d39ab7ea860350fe1140a1fc612,181970
nonmembership,28,520,89dc83ce3df050bfc0ffc25123dcbc7c1994783999fa793008457c92868c73a1,181970
nonmembership,28,521,04f9f74d7ba792b3387b935ebbec294d9db2b2987c0a3bd56fdc9b149b7ef8f2,181970
nonmembership,28,522,f6a97da89c5fe1be4c0e83be74feeded715b7d06e87362ed75b23af544ca94e3,181970
nonmembership,28,523,55715de592d0a56304feb58d584d57bdddbbccb32e1732d3e22be2355fe713ea,181970
nonmembership,28,524,322598036a04ef2eeac83ca1a8c834b7ed496043c0969fef076404e23f142334,181970
nonmembership,28,525,1f64da9d91648c6051423f17d53f75a350edd9d728346e4f357cd85756b547df,181970
nonmembership,28,526,f6af6437ae281ff6ddf82448fa9d420bab57aa724eaed4a53fb0ce3e3c7fcf4b,181970
nonmembership,28,527,9c32564e109d79c19cf406a7c74a0b007b100a41a3eeeca6ecea0d689215ae5a,181970
nonmembership,28,528,1523c14479dfe7bdb2f6b695dc384ebbf4331efef1b822a6d3921c3143b030a8,181970
nonmembership,28,529,23e9bb7198dd3ccf10053de34326f206fdb67a2eea128233d49eff5e95d7255f,181970
nonmembership,28,530,f3098e541acc2097c03881fc5a718f190b9f9ba4c96f1c8541b94ef2dfd9d59d,181970
nonmembership,28,531,61186911af2f7f3769ad52e2d1a5724c1c785d57fb7af3c1a7a718b70a48806f,181970
nonmembership,28,532,c4675455e1de4234ea7837006bdbc1b11591b5af9c52af4a8e0813db215ce9f4,181970
nonmembership,28,533,1740dd741c2802cb8fb1097b8ea8b3071022c067e20bec04308104e9ed7425a3,181970
nonmembership,28,534,e3ccd6c8734cbc29018c7cc9cf6e10e1d37a40c73791913abd82b46071903e3a,181970
nonmembership,28,535,47327ab6070bc28d0112ac03c3c7d832e7dc59ef0ee78b3a8b799c8332c7d4ca,181970
nonmembership,28,536,e09e1507b44c12fab82a1c5cffc18a29993f20b6c1d9566ee4500e6b915c052b,181970
nonmembership,28,537,cf1721e5b30e30cf5d6044f9e6638323b4e95428fb0fde90a3b33960ffd0e9a6,181970
nonmembership,28,538,f209eb31ea3e1eb632ac0918e020dc8321954dacf2382f28476f022f8153fbf1,181970
nonmembership,28,539,13e5743f624830bee1cb87c405820096c26b2ef968d2e8818ce72e5915d11899,181970
nonmembership,28,540,529d3342bae567e84988d8880c916c5380f853c953f37d3aacc957ecd7a57255,181970
nonmembership,28,541,dbb2fd7f4c4695d057a6b10f9150fa2c8f16b5c94bf30a3ac6f9b7fc9d5394a2,181970
nonmembership,28,542,f9cc9c306367ceda72e0db6c1a0e70277b5854a32f2e70a617ce8a9aee2107d7,181970
nonmembership,28,543,c41ae88bc6188e6fbef8b1c14d65627b27de1396293b063d022fe612fac0e718,181970
nonmembership,28,544,c4c2bd11559381c2ed8dd28c11b782ffd352f57b7b764a9b0fb4ad48e0c7da85,181970
nonmembership,28,545,0557058cdfdbd2160a0e7943af7561095bfae7e0ec1ecce3cf6a4d840df193f4,181970
nonmembership,28,546,b4f3b6d5de695b52adc2c2753680dec1e1d42b06bd3d8d409efb55de39637ad2,181970
nonmembership,28,547,f4ba045dfd78c7a51442da19ff6721f5ee741f1ec06add989659495554e33f01,181970
nonmembership,28,548,b3c95820a852e0190fe985471dec66b00537684f2f4ef42b9cb5021b5291c4fb,181970
nonmembership,28,549,8256da8f3a4e53d98d5493f87667da94d6e7b5a41d655ab577e86be9169ca39e,181970
nonmembership,28,550,9360c3e7538e39a68c1f0febbdd5bbf316389b802c83457bf2733d5c98bcda3a,181970
nonmembership,28,551,df4dee56d26f7c20ef9af9aca2eb588fdebfa8a53657ea90308fd30abbb76d17,181970
nonmembership,28,552,3bc9fb4c70c4a7295f0df96a43913222489225df9a4c814b15a0f33d5e7f8f5d,181970
nonmembership,28,553,a0d54984aeee43a5e0b176021eaad05212ff685cfaf97d8934ec913d550c2707,181970
nonmembership,28,554,8c65acc142e2642a0d74ff32213ccafa5a1c412922d381e632e842310b2bcae5,181970
nonmembership,28,555,12fabb0e085dbcfebd7ca9fa595c1332af6b2c86df724cd85738a7fc52e8ffe4,181970
nonmembership,28,556,c83651671c65b1c73c022aa2df43bf951814f9c5862bde6be63bf1a623717289,181970
nonmembership,28,557,088c503e3afab0670847debefa957bd15722e442994fd936e7249aa488beeccc,181970
nonmembership,28,558,a8337e3cacec1fe8372fcec884d67cb91d773839255fd3265bf7c7d9a55e3919,181970
nonmembership,28,559,f5a0118d57fd736677375ea70ad4c906dc44a4b3b4014f756c433dad512238b5,181970
nonmembership,28,560,0f1f5bdbc78901b27003340088311b5b60c823e692fd1a435b69530d8f21b3f3,181970
nonmembership,28,561,17f04e4ab77a612d3f82f1b9936062dd00474a06583b5a2075eff345f0ad00dc,181970
nonmembership,28,562,8a4aecc2a0c44304d2e892719de658e2ed526f3276a2a906e8e656f7483143a7,181970
nonmembership,28,563,1be8af79639c09bcf17778db84fb4c83d47245a709625335225dc9412d837771,181970
nonmembership,28,564,7c24908bccaa8a86b3d1ab2b836a3d18936e9b3312bf7ab587609e9af04b8a60,181970
nonmembership,28,565,f5fce2e390d10961580c75e0ec890a8ed6cbf619db441c8635454d5f5fe886c2,181970
nonmembership,28,566,4180c61e81dd983789e339ad057b5942f3042668b2198bea07dd47e7e16dec30,181970
nonmembership,28,567,77c24b13845bca9f73de625a3267574b7c62e0e7550d626dbede54716ec5fbc0,181970
nonmembership,28,568,cc5a11c31c71f8427388971b045565557553f6981080acb29a96ef0b5ce4271e,181970
nonmembership,28,569,fab06c280bc74438729d8f97bdfce22187b96f64c5e8385003bff130ff19dcbf,181970
nonmembership,28,570,86a2ee9e04efea152b145e1ceb15b0e49e3cd80d7b7f60fd98b3c902d9b55820,181970
nonmembership,28,571,801013da3c8a47b5f3fb4499ea592ee4f598dbeeec9135816db36627b285e71e,181970
nonmembership,28,572,4847106294c5c7dd33794198ce443cf15d057af9e21fab93c54d39421ac394da,181970
nonmembership,28,573,21bba2fe5d850d2c64364c8f13f394e12fa98219db607296e1930e98975f9de0,181970
nonmembership,28,574,707ac100cfb11de3e4a0a0e24913ada46417d7a40f856c5eaca8015943220b5f,181970
nonmembership,28,575,c572d56f7db55a40a91741843e3db6f1007f2303edabfa5dec6e63f2440a003f,181970
nonmembership,28,576,b3c75f652e227ed1efd95e3cc3119e6536e977a1f3e3b8eb2a33e5d73ab34438,181970
nonmembership,28,577,f1c7ef38b8db5ee7560d2996a05bb9d184f08b7e3c5421a5a84349f8744a10c0,181970
nonmembership,28,578,8b5407c0cc9b612c374a1dca417d44a06a8e4a75256699515f4a3f3b2b9468a9,181970
nonmembership,28,579,48c70f074093cbafa77bb38039e5c4e4efa7d4117795e72e7414de3fce0124a3,181970
nonmembership,28,580,47cb1bdc2de08ef9f4623c9d24a6fc03080f0021aa7f149598313e50e0b905e6,181970
nonmembership,28,581,119b05b41807cb53521ab9fa3d6858ebc3ee07f50ce653953f9ce63454ea07ab,181970
nonmembership,28,582,f0817cf94576f243adab9272bc76bdd3eeddac647a79d23fcbc136b1757bb441,181970
nonmembership,28,583,54187eee74277c9c335f9b18da54160c323b3c80da85d7ef61e0ff646a79cb06,181970
nonmembership,28,584,aab5f87d55de51b33cce8044beaed6d75121f0a2e780d4397c6f2080af77a455,181970
nonmembership,28,585,182e6d113fe8e10be797e5be975f152b7b0af6a3a0fc0a5accfa7b9da61c30e9,181970
nonmembership,28,586,be6ed5d595adae8816b382480a6b8b778d2cfee539f70ec589bcac07ea80bf1b,181970
nonmembership,28,587,7582bb04e4643cd5ff24d3e5d2a498e7a43a53b9c6287a6f3d71b7995233302c,181970
nonmembership,28,588,2ac6d3b4efb5a5e8e6abe5c62c3d1f31019e25c99d0c9207507a372afa0622d8,181970
nonmembership,28,589,6a5ff9ef9e1366e10ad6b81fe4c165f3a9c38103b90be329bd4af06d352dd0e5,181970
nonmembership,28,590,5fe57ec6514d3722888695cd08543ddb8481b50e797b802df51b69bb25de8e96,181970
nonmembership,28,591,ad4d71eb1a3b2ddbe47dd0f65e5442fae202fa250605e6cf66126fff4e7ba6cf,181970
nonmembership,28,592,b0707223fcc90a7a5ccc96e3db40f43e23329426f811fbe95c2e710eb314d2f3,181970
nonmembership,28,593,b79090b0cef380c7cb3a1633b63b2f8f10c10806fc2a0bc31f92be315777decb,181970
nonmembership,28,594,b1270571c59819559195f7608b4da987184eb739aa2f33b0694373c36249459b,181970
nonmembership,28,595,105f18fb7e41e7b9461439cac98aafe02c52ecd64271ee3a760279448f69a677,181970
nonmembership,28,596,1c1a73a6e0c2c0612337efcb43c4f0ef7785c79480b24b3139cb86cf9b8a686d,181970
nonmembership,28,597,b176722edcf0fdb3c34edbc729b66e5f854540490878e143be211e496c0d56e1,181970
nonmembership,28,598,64e07c2782fb97a49bf9c276dbdc0a848c5107406124c111614713646660eba4,181970
nonmembership,28,599,f088bf7fe49dfd3763ddf1f575131dff8d529b4b5d4325374ef8f7eede2b657d,181970
nonmembership,28,600,b53efdf2f8d05388d1267e3f9e5b586cebcbdb8955cd366ab9bdabbac88f7d2e,181970
nonmembership,28,601,ece17e6e7ed8aa9f95b8cb1ea36e13b42093932d2bf0c207d3563fc3d0b5a2ce,181970
nonmembership,28,602,1f3eaed49489e562003fd3c4bd329aec69715842f94b6b0a677b924543e12fe3,181970
nonmembership,28,603,e07ebf307127741152282e5834c1115bdd85627656616369e8bdf0613e768934,181970
nonmembership,28,604,feafee4b3a1bcb38b5e8766219c6b9f9bd635889c1c3bc41337b190591ed61b3,181970
nonmembership,28,605,d5fe875fd565c05031962a2b82fddf5ff47dce673dc2e128e390649ccc8ea2ed,181970
nonmembership,28,606,348be5f7c5082133059e1fd8524dd55ae34933f3d43541d1ec991b85c1d51df8,181970
nonmembership,28,607,0bf03d180f4a413815396f623f66a5c0c3f6bb39384ffa5b5107538e06d66334,181970
nonmembership,28,608,c6530848b94bd4637779f2debf9d19bb4e11b5ccd167767d02edc23957f7a02e,181970
nonmembership,28,609,9ac3273cfbfa73079c02921cff7b8de83482277028af30037f28ad1d979dd7f1,181970
nonmembership,28,610,bf182b4846ab6e2871366b6fa129fb71f87fb885353b0aeba29bc533d53ea282,181970
nonmembership,28,611,31bb0d2281707ae1c07a978434b6ce0c1272953e1220f6acd0a5b28f2791bd9a,181970
nonmembership,28,612,304e1446167256f15b067deeda18825da584946962a49d359f520103b3c54968,181970
nonmembership,28,613,6fc5644624c5e4f7282091e4da0f8ef3b46762eda4193c495a1474f4b8adda32,181970
nonmembership,28,614,4441d0849369813e623364818ff444ddb740ac07ba49183fbea04a257c0d3e8d,181970
nonmembership,28,615,260bcf2ce3fecea07bd5ae7f23a79f2775134cc8ed5355aa29ea4f2e805ba520,181970
nonmembership,28,616,f85f25e477c8bf2dffc13f8916788b47b98ccacdbb90b268a9fe376a0ab8e3b2,181970
nonmembership,28,617,e61c3730553949bc64135947eb480292bd51469bbdce982d638d244051f33fbb,181970
nonmembership,28,618,8a6603becd32053a8317db2a1607b9a874909639f507493d1370eb246602e549,181970
nonmembership,28,619,50afb62eee42e3c95dd9ff3bb0a00c9dd855ae8b033f496bec9119bd45da30a6,181970
nonmembership,28,620,b0e0ad998024e02e10f4e505e56e4acb620d3cbb929fc09e95e37ab267745aa6,181970
nonmembership,28,621,07dc15eff8c3f7b4a23612eb4f83ce9642aa32ae2fd5025d5500fd2197847845,181970
nonmembership,28,622,d98768bc4cdfab4684d580ada6c424d9b1374328fb645ff51ba2ae5bc9eb1599,181970
nonmembership,28,623,61e680a45b78b577fd5afe5a175cbdb6ac113f219c47049ecea8090a783e4e4c,181970
nonmembership,28,624,1513a4b32c16b86cdbf72e54d331ad6267f8b0bdc353fbe2a061c892314b40fb,181970
nonmembership,28,625,735002c4c7fc71d115fdb45ca89fdbe199af1078cb66123f44d1c0a2ec667b38,181970
nonmembership,28,626,4ac19c10053aaec22a0d316b307a42e277a16ece7f1ba1e60271dd0d3680403c,181970
nonmembership,28,627,33a4565767e75c4bbfb0eab1cf52bf46ba779d8f4dca179ba7c48c31406fcfe9,181970
nonmembership,28,628,0a0c6321b27f64859aefd652cf748170ff6ef2d0e76ef8e2c666c2ee8b332a47,181970
nonmembership,28,629,aa42f2d2d2db2791e52cf96a458cd3d6e32c14ef3d160aa3eb3b55b7f2d91808,181970
nonmembership,28,630,d5696eb688958de37d6c8d7ef3f048256e25835d91c7813989444c654e13e741,181970
nonmembership,28,631,9dd742e19d921268b93501620c93666f89c97a60f506aa573684de338499b3e9,181970
nonmembership,28,632,c38f447a6a8c9dc36de842b71cb2bafa9c70010c6cabad462aa172a07750d1a9,181970
nonmembership,28,633,db6a275f672d40634cf29050d2f6321d95c0f3a8ba1041c94a1af9846e59cf9e,181970
nonmembership,28,634,84dbb3d50c67e34ac686840cf0be6bdd5b38e414a172aa24a4439b4c29bd3b1d,181970
nonmembership,28,635,acf958c5089b497e5a1274f9bc8a6183d28773760e60f23d2a0d1a9a509e4136,181970
nonmembership,28,636,f26add0158c247ec2c10e362fa1b0dcfc153bdd711bf155447f8084462f6777e,181970
nonmembership,28,637,498b54a676b82abdeecae7a631a244c9cd09d692e836a36b8f36aebd15f13964,181970
nonmembership,28,638,9a84de2a3aba396da2778b6b157acdfd2f4ab2f0af389012cded4a4a2efe293a,181970
nonmembership,28,639,797ddc4891324524a170f1ea8f163fddf37a36afad75c4d1e35c11435a6860b9,181970
nonmembership,28,640,5601ad9e87b4f20597757546d44b21757b88210324a727b143bd7da12063b226,181970
nonmembership,28,641,61f6d31ba592d8167d8f1eb7582cefdd90af400ceeee64771a2c8fa611bdf053,181970
nonmembership,28,642,da33cac83f441221ba9303e21ea6a404c8b0cbbffc6dbc8132223c05b3583335,181970
nonmembership,28,643,e67f4740bf2cde7b2a7059d674e348e51e252b2628de5d18bd5da83a8f66fe83,181970
nonmembership,28,644,07c047126b84c21ad5d9593cad24effc867678eb66cdf8e376b2ec5d9f9e7ccd,181970
nonmembership,28,645,0a6783b6c417a011549867dae5a753d63f1d862fec725b81753aba655ad4f905,181970
nonmembership,28,646,7864c1f62eb5203b5d88bd573e96a4827020beb6bb5219477a1bc85b7fcc5c4a,181970
nonmembership,28,647,c02114977ee9f26460ecf1b59d82f7736d4cab4e043a0a4ab3ff62dc833c0fc9,181970
nonmembership,28,648,63b92c38e85130b28acff395fa917fbec720f96de5ed8cf63c6eb7b59aa2b2d6,181970
nonmembership,28,649,9556de60e6f9207389ad0d989cdfa5c616c55039df74ffaa7052c178f3f10b49,181970
nonmembership,28,650,17939e172b646d02572c3f95a300ff83ac03c218475aac0c75f2b69ee460d264,181970
nonmembership,28,651,50fcb4e33f44de52c20f72d91333644eb34fabc67a0a40e6ac963278230bade1,181970
nonmembership,28,652,916c379b17cafb82656c95bf23e93d28f5f063e2f0cebba36cb7e4eb3af6aa66,181970
nonmembership,28,653,c456d98076bd041101c4e17b6a8cbb73f94b76d57d1d6e9f8af97db721a2ab4e,181970
nonmembership,28,654,2097aef829fd626f62944f6708a8284d8501184ab47ca7d65b882b5b92a28291,181970
nonmembership,28,655,0b1d5b04282b96279e0c4ea55b4955caac8617c9719b1ae39a0ab1477afd0fc4,181970
nonmembership,28,656,b986036f2eba9772c08d2ab120bcf4528a49c977f03ecd63aacaf808200cacca,181970
nonmembership,28,657,21ca5267f1424fa2ccb738e98b4e2f220b736719fbd17213407179d2e940a87e,181970
nonmembership,28,658,a6fa691d928a1068a77f01e5aa1e37e601188318bddfa5b2af90cadfbde7e297,181970
nonmembership,28,659,95843539a54a51338b759371d41baadd6e3a599adbfc0b7a6cb5e1eb0fb63382,181970
nonmembership,28,660,e67270a016bb24c3e26c39c4b9fe0380fe945ba5f6218f918bde2d26a6f99bf4,181970
nonmembership,28,661,deaddd097a8df4713098f389b1a0168aa7be964a4e7c4632ca9ae82ec129c92f,181970
nonmembership,28,662,c7d1d10786ffe5617cf2e04aef4a53680b3afcde1a84eb51abf141f98960a615,181970
nonmembership,28,663,365f9a6c0b2908a91039ebc352c478d1d6d4a8db64455147c258b785254e8342,181970
nonmembership,28,664,f1a65786c316576f9c1f4b3d219506c1938a8797a83a69a582d3185299683082,181970
nonmembership,28,665,82bd918534f44afd514c791514512ff3615cb0670070d881b230abc991550ca6,181970
nonmembership,28,666,79af8da4fb39e9774cba5f78b3563ca6c0bb3d25c52defc708c5b0c6f6692652,181970
nonmembership,28,667,ecc91f7472e57d0fc71181c7455c1c9496335657754dffd4a66e36094d223e34,181970
nonmembership,28,668,2b5d5e82ba4211e09e56dba91bb4e44a2e33f69f6862f5a3980212b46063148d,181970
nonmembership,28,669,81a0e87bdb8937068958aed04872b039e44468e894ec92dfd220f04c6518d4e1,181970
nonmembership,28,670,8ed57fa9d635c62eb612abc3ffb6314d7e414f3e266c40bca9d436ba22d6aee1,181970
nonmembership,28,671,7c5e13bbbc2d47c1450af6c32788225ff6b853f8ca456ce018bcd39a206b0822,181970
nonmembership,28,672,8e2a541f072d7b5c09aaf9fc1ffaf37931a5966422125c9e301413b732b48b3e,181970
nonmembership,28,673,5f582340880bfbf2794fff8b64025904908294c03771d6811a36af778950aa19,181970
nonmembership,28,674,ea8247511954b9346ac1f8b42c18e20a2faa1c5989930c4024a24850bb1b1e0f,181970
nonmembership,28,675,8ae83e03ea5d18ed535f988fbc7f097092ec2c55fb6cb3d4bea97dbfc3fab103,181970
nonmembership,28,676,7060072eb0f52722e1d079379629fa14a8a215607f106cf08b86a461c7e580b8,181970
nonmembership,28,677,c476cd302b2d1f3d2b03f281fd1d8e684b911048cdb22f3ffefa4d8dcdeba1e4,181970
nonmembership,28,678,6ed961fc585876c4726948a02d23aac4df759e9365ace5417bd81ccd7b111bfe,181970
nonmembership,28,679,9ed1fd5141efd339ac4756a0d0c10a3ae52eb856e93e5380b1480aba17c24459,181970
nonmembership,28,680,76e5955ad4bd715d9c1e14489ce804c12ec2c088bd8cad32a2a619235664eff1,181970
nonmembership,28,681,6984c9565a2d281db35d587d6193dcbed7e814f2ebb0ef51e68a4ef12af3cb82,181970
nonmembership,28,682,44d32f4137bc41e59a3e33f4a735f284558d5455a47b98a74d8d52b52b5e72a7,181970
nonmembership,28,683,3f1f1055c2e8960dce55bb60f049790587ca9473c9df3a094e02067be05fbefc,181970
nonmembership,28,684,7d5dc8ea2a54957bbfa1d7cf725e887c1e3e1bfc78016c160f33bd47676fffd7,181970
nonmembership,28,685,91b386bb9b921638987a970cd1be7392a2f2ee9dbf3b68657ca86ad755621606,181970
nonmembership,28,686,58fe4b98bb9d2a00e3be9e70880d9954c309c20c8ae532075d522b0c6686151b,181970
nonmembership,28,687,3b0bce65275b2b0e040c38fe190d3dfdd3e143f3ff5046881260a6492a0a2632,181970
nonmembership,28,688,04d5f07ea998f7f0d6d993554a60019543af35c8bfa3a8cd79b46d695bef6366,181970
nonmembership,28,689,67ff04448021a81fc515d229cb4bdab61c477c806ec00acd2dae8b2bc1c454e5,181970
nonmembership,28,690,66197405c612cccb09a1434014d2cea1be1e646b2d0328ca1614f493c3436ec6,181970
nonmembership,28,691,adacc6ddaba8dd567086321057ee0075d45cbe44b9aa9481388b2aaed51a6adb,181970
nonmembership,28,692,edcec692f4009fe5cbbe158a202641ea71e881914a5b4e2b9dc0ffee4f530af5,181970
nonmembership,28,693,1b6d1dcd00bc874aa29baf34a1375dd7b9109c9003ebac74a401ab0672034f84,181970
nonmembership,28,694,c4ef399ab800ff2cc521045e3274e06c3848ecde54b102c1afd0b7a5b0979da6,181970
nonmembership,28,695,08b47c9db71b32fa8fb969c0a98f98cb269a35d875a8cd9759a0f28e30dfbe06,181970
nonmembership,28,696,b690e04bd6f8f2b6207a3347c1ec0e82f7a06f0810b29ef3a44d9ec0b1ca0bf8,181970
nonmembership,28,697,2aee4a80d1797a3e77a9a7bcc129d93bd0a17ef71a4c67ec5b32ce1767c0cffa,181970
nonmembership,28,698,210279ceda8c1fd91c12f1cb20f1b03c7f4f071cb0c5a4b005fc231d841c35e2,181970
nonmembership,28,699,7d98bfae12fd47cf262c85c4d8feba311445c11aab05eafd7a1cc7009f5a99dd,181970
nonmembership,28,700,eba551d483c35cc330c0a7f0148e4194e26c53e70ef7c2133237caa39fbdc2b7,181970
nonmembership,28,701,0612e90a69c66244e88754ff7114dd0c3beb530316e908c4a48c75c855bd2d4c,181970
nonmembership,28,702,f05afe09adcb22a688e05a8cdda97c0d5af11770763382692e351d36017836af,181970
nonmembership,28,703,d15eab66603ef644607d5b93b05f56f8cde8d20234fba6dfffbf86b23e62f7db,181970
nonmembership,28,704,ee481d279479ff8fddb341b1b9178bca6d1ddf54a10b2b314fd92ec9aef83c0a,181970
nonmembership,28,705,d23d751a486e32828f1207700fd8c8f101127c23b04b75362e31163a29b64833,181970
nonmembership,28,706,972ea6f1e7f0eb5037f38c499c7f77bb2a4543c216dc2375af37e7cab8f9fe7c,181970
nonmembership,28,707,528e0f93aa223c34fd2529a92432917973ae0eb68067e3453eadc616279784de,181970
nonmembership,28,708,91579836b6460b5705243b6d608eecc216c00446c595207132fb10fac18e05ed,181970
nonmembership,28,709,283407d27704eaaaec9f7bc7a1584fc3596ffefc7539ed840e1858644c59fcef,181970
nonmembership,28,710,046ddc04f2dedab5b56fc68e7358c07660312427de19dbcfca5c13faf6ee36c3,181970
nonmembership,28,711,92094ad988aeba9e1188b6c2af8c12f1b1e35f7de7930d7879201e1d361ad0a6,181970
nonmembership,28,712,1a4425e4ae40e3f6591f06c957e556ea63c420f4045bcc714796b71fe6778cc3,181970
nonmembership,28,713,48f3d662c9e96bd5a605ce9a3aa87ab76b2b108a7f21d599f186539d6f48d0b5,181970
nonmembership,28,714,d969b43787fcef98343e2f8b0dbba88f6f2c5250397474816b8f982da9c0f19b,181970
nonmembership,28,715,56b339b15e25688eb999fa1ab3885df118564afbbc4e8ea2cfa7046cec8e6a3e,181970
nonmembership,28,716,98e85adcafd7a685869f2c4d26d528928bda46606345706d2c58383cca0046d6,181970
nonmembership,28,717,ab2256eae223039806ca1b6b4ce22d050a8b0304050e6f0667957bc14069c950,181970
nonmembership,28,718,64971f74318d0dd0a95b540d037b8eb9de7a09831a64ba17272519a16d07d6fa,181970
nonmembership,28,719,360ee391b32d70f4f9f405886af2f1727b5b8721af4eb57e416737c5ad4b03f6,181970
nonmembership,28,720,57e5961b10df4b521e5ce18bad773141b001b6261c47e638cbcdbc98d2cc2069,181970
nonmembership,28,721,14c7fcec92619c705369315459d795fa52fcad5aace4d2b63ffc7bea173352dd,181970
nonmembership,28,722,2aebde865e6567ed041f6b683ee8e890ceb1437fcdbfd57ae799e4a01ca83c16,181970
nonmembership,28,723,b7b3d98a978657e367b3175855fad3f516299c1e825189f996668f4cc62c0a67,181970
nonmembership,28,724,536257092510719582f1028d464e621bbf38e7514aa41cd13468b61bd0ecd35b,181970
nonmembership,28,725,56840c73156113eda9266e40df52a747b64ab6c7254e50d6a55dbb5b6adc062f,181970
nonmembership,28,726,878526c957c3818e16184867c7a3410fd6ed2d4a494d5ee2062af99f84404567,181970
nonmembership,28,727,f167e615c87a66604063a16c640a004d4b55d7002ce2d63cde42c6d4c8cdf01a,181970
nonmembership,28,728,149ac32783f37d801d1c45ca4251303646e38503f54c5ae744a87f3b1cdef169,181970
nonmembership,28,729,780a6715ec4dcc13750e2a7f3a6ac4558990ad3331d3022e9ec2fbcdb50c3196,181970
nonmembership,28,730,cf29a7b2bc0319fa0db8639695213f3f4dd7540189909a00844f2045a2dc7803,181970
nonmembership,28,731,bb54b64ef71e1c9803810dbd9043a3f90985c0e058308af6a608926e8d8bd026,181970
nonmembership,28,732,fb84f3e4641e317a57877ddf551ade8318ff27acf374ac1392bc14bf46a03797,181970
nonmembership,28,733,03b54104b1a9525439a33be3348a696ccfc22692bc724ba06b5d4b370e34eedf,181970
nonmembership,28,734,b9f6e139cdad93b39b7ec7219bdb50b80519eee21906588d56f1393d2057ec0b,181970
nonmembership,28,735,e8881a7342cc90074ae9adc72b379636ddbd461d8aa3bbf3ac771b6ccfe13c1d,181970
nonmembership,28,736,0eb3490d5275766d3996c48b65c268afdb58e9a707fa31129ba477bc0c2b2550,181970
nonmembership,28,737,63e6568a234e6c7fa0f72c6d4b465d2275e721442b8a9f0925ab16c2bcc23011,181970
nonmembership,28,738,e094dbe9c4955e3e416c3011741ec311fab832d0d35f3fa4fa700c75cb51bd18,181970
nonmembership,28,739,35282a91aa13da9a47fe6601e5ec5d0d54ea51b676102d15038f758e03e7912f,181970
nonmembership,28,740,3435e447def947753e3ddb14f19fa9cdd485c49d0fd7f3755d1ebacf3134fc2d,181970
nonmembership,28,741,87e944847bf3ed5e3683a894e5ce2c15c824857405e22003b4aba1d3a1ba2797,181970
nonmembership,28,742,0ee696cd42e290523df257435399f2123509c6a901efd0a11de708210552ea64,181970
nonmembership,28,743,d843acf0fb0f5b466792b313a4cce42438ccd22fce4f4e8fdae6e183331c5bf6,181970
nonmembership,28,744,baf935075b525aabbd96d66da2aa235b2b582355609d09e978be8a8ffe158548,181970
nonmembership,28,745,972efdf9b3eb2a15ce05200e8d536be7cd3eb6d7ebf01d31ae4f86ba603cb198,181970
nonmembership,28,746,5d87846ff0c28556f765d1f0a52095e9e9c4cc7b51030fdd6d19ce381128c52d,181970
nonmembership,28,747,c23c228aeaccd896fc26d6b3aa7176d4f36ae45ca88cfa13c0cc10e7eaf9455c,181970
nonmembership,28,748,29ff173af386fb04a13c10389512890a293e8522755dd7d19dd0b93665f30bf1,181970
nonmembership,28,749,86bed24e95489875605f26ef875981f0a8e754f366d8915bd8ede59ec9010c33,181970
nonmembership,28,750,7cb78fc9924a2389d596495d34a801974ad586665a6e6cf3099b510af0cebe76,181970
nonmembership,28,751,dd8c5aecd646bff1a07a20573e3af7f79dd5376075cb149b5330d537e35ba02f,181970
nonmembership,28,752,f79e1cd8d79948c4d37af674a819f5d4ebc51718063ba3e51f3e75c9dce7cb84,181970
nonmembership,28,753,923247e6191020a6ed13325663b7af348ca75126b52ac467337b9975c012850e,181970
nonmembership,28,754,36ea41197d8f2e92801ccb30b2de2f99f15b91a8cc9366b58f819b49325aa5a7,181970
nonmembership,28,755,f77ca4d51952af1f3d39552ffc1a85aa8eeb1bde81ca3c1ff6f288dc3fb3c9a3,181970
nonmembership,28,756,6bada31c5aab7e8005c10ec755362198801b5c0fca1f2081246b21a015800113,181970
nonmembership,28,757,6ff9eafffe3420d68de9ddf8dda293d17fac348987de28e5c2a210da7a1cf155,181970
nonmembership,28,758,505ae55ebe0b8cf93685b69dee9038e1c2ab287ed74b54f773dd14a268b185ba,181970
nonmembership,28,759,146ec7d2c2dca75115eb8deeff907eb6756fbced97a947950a5f57b42b5b6133,181970
nonmembership,28,760,92aae2e1f9375fdc87ddd44dc00da374a9d2cd9e6ce4d46f3bdb901f9333f1ad,181970
nonmembership,28,761,60a20d1ba0a2883c65763f57fe90b4429e46d79e753b0327591f40a7d5a24068,181970
nonmembership,28,762,b9492d6d70ae2ff20b2ab05682a57ac99a1ff33f2d9d06215576dbb1411d7ffe,181970
nonmembership,28,763,a29d29107514167cb9a1774a976772d63752382a286b37e4ff273b6ab26f6c52,181970
nonmembership,28,764,e8e238011673001bfd012b25c61092d219f6bec06699c5218272ce406a4dbccf,181970
nonmembership,28,765,34068a3a4c59f097eded0811f034df5cecf7a009fffa80826778c6192f1d2ff4,181970
nonmembership,28,766,42a9978719634f95245a43cb99f921e4d0f0214b09b4f36ee8e0dc7b86fb5409,181970
nonmembership,28,767,1f4b171fb7b7e418df459375f715b1be55ffceec6559e6d8aeb00e0a0a780325,181970
update,28,0,b358a197d37eb0ff038e5bd04fb7148f98ffa06a1e29d5e0c7c22ad0e50dec7b,200762
update,28,1,d40271d0b82d4988251b0033a017ca53415ff0633e54783b58eea96bf4cbfb32,200762
update,28,2,8f64afb01122440d8d6b714d4ce12b1d5bdd4c15a0ee8a7d82fa463b95131d56,200762
update,28,3,fc64b3fd84fc3a82364208815ec3c48364f3274a0ce7022058a7117dfa0ce791,200762
update,28,4,7b8f8c7bdf69e1e97686d71048d7c5de70ec610542e7523e450fb86579172d05,200762
update,28,5,178ebc92d5777cb0696f63494536f24a72937d6d4f8f7cf9ad71a5337cb4e9d9,200762
update,28,6,fedaa69f07842412efe11b915bed601cdf11600e3178a76f3b0f719a665ea2d2,200762
update,28,7,0e520d47576a53c513093c155b215987d6905391faf7f224f08544f9e53e6196,200762
update,28,8,88a5cba40623b270392512ebb58c8d0d6d0ca67687df9a2fda532dcf66c84ae8,200762
update,28,9,cbf318497669916e73c2a3d05b7c89fbe89321bbc27ee41328df771b8c1804b3,200762
update,28,10,23643643f55cbaf6a9c6d7f658e11866de804833e82e33651ed811bd361e549d,200762
update,28,11,ca94231e09a2b6454b72f9a98ed869d18fb4d80673ffa10bd61f03cba0723595,200762
update,28,12,1914ad71364346816b3753870c0f49e9176df03f11f4d86215c9136575fe1402,200762
update,28,13,2ffe85fb63869197138b5bc9193b086b69fc71ee78c8741c2b7d3d826e656d4f,200762
update,28,14,216cc4449f4c65d5d5ccad9f424b3a7607b3af35cc084bd5c34887c6174525b6,200762
update,28,15,96a3e9dfb0d639b5c6e5bab36504e26309528f99109977242d8dfd155f2e35e8,200762
update,28,16,ba4981e57d42552f0e00d8313e25a164c5efbb6cfb2807895f5e0be109aa2e0e,200762
update,28,17,8e973597879826ee304486e5791f92fc2a323a1375d3b27a2c54e9a567e1079f,200762
update,28,18,a0886aa8428bd9595ce9fdc7987d804c2b22821cc68a0ae1d1f471bf3068c6fe,200762
update,28,19,cf4a39f8214072b3b0e884342b1b1cf9d92ad55fff5641f291ad262a888dc4ae,200762
update,28,20,b5ce5afac2cd536a84d3ea78f5d4890fc3226cf9515c6e2287730a49b7e12331,200762
update,28,21,bc54501528ec4846d4205f180c64af26d6e8cf77120aabd72926e694f0f55a36,200762
update,28,22,2def921c4a5213aebc490702aebfc78babeeb8cebf7b487b24da1052484465bb,200762
update,28,23,7e2e85dced4cfb24a625a7c2e50415defbc5c10e470ad3e7e4c32027ef1b3236,200762
update,28,24,953de50536a980a4635ebc6419cc99d88d32d9fbab6eb9f6ec7c249014f6fd2f,200762
update,28,25,7b17bf88f5f7ab7082f85e6ccc159de73ce6eef85e0f101f0b1d764761875f6e,200762
update,28,26,9a7368db64e3485987a85a65ded8c366085678b65d8b1dc79d926fe9d7cd0a45,200762
update,28,27,528144a8c7e0dcdff4a29b15c18fd815edb04499eb2ac37047a26f6feef59511,200762
update,28,28,a3cba7922d0fa0ccf9f007bd239e795fc9931120bae264103b1591d88b3fc170,200762
update,28,29,5f4693ead42d2daddbada7b1218113164458f805f81a794a2cf78612d13c75fc,200762
update,28,30,6acb8d4acdfbf81c4caac108f3f406901693df7c1639d855cadcd6198a13d86f,200762
update,28,31,1872e7ff3c6fd6f49eaa96960f046ad0aca1bb4a64bf6e978d8902dea6466c5f,200762
update,28,32,467076d0867c938b162703e650e9561836d18dab14080e010efd6f38b5bee3ab,200762
update,28,33,f74526e2c594839b4da94cf766a99474875f399f60ef95d5cbe0de41dff84455,200762
update,28,34,97cdf8da22292450e2c9cf66f9e360cf873b12c0dc0054a75207d51a141979b6,200762
update,28,35,bf9e731522c4331a11b1d4a61aaf20caf24edb1dcad078e8197f542c58b4f06f,200762
update,28,36,294eda65313e4d64f3a2aa63ad5a5ed45e072635f1c2f77dd2515575ae0794f3,200762
update,28,37,92f8281166584eaa578a195e4e281b0497d25a0d29f4603f70e416a62aa1bcf9,200762
update,28,38,7c98c0db66b146a2ab4646589875a25a42e8c5fc5e28bcdbbf0a6180c6a5a1a5,200762
update,28,39,b7f76c81d7256c46f29a55eef43c2fe78ad7280644094c463c5eaa88a5b0f2f2,200762
update,28,40,7aebdbb083cc1eeb097c37fc6339ce4a1b79f299df3fd2bc39a888d09c611415,200762
update,28,41,2491ffd06a81fe7571b40d74ec83e5e0150ba6c3bf5711a397c59503f1ce9db2,200762
update,28,42,01074a6e00ef0672c730447afa3f1e8a87a232d748112accd42ead22ccc82778,200762
update,28,43,096ebb47d1efb3042196fb216ff81b75e5286628679bdf93aa5da2544d5d1f1a,200762
update,28,44,8597f324e40b14b5ac565a9cf8b4f072742d27e50523e8b9d70b40df036ace2a,200762
update,28,45,482cb512686dffb8b25653d6344d47e6b7f80da65c4a4ddff2a2bf1998e7ed39,200762
update,28,46,2b2afbe6010a713a8f8f4dba2713c060bb29450eef8095c583685164f30c5f4b,200762
update,28,47,7445439d17b21b70e1d39ea4fa178341bd0f061539befb3e16508763860309c2,200762
update,28,48,43f0810969c42148963a49853fa9f3b77ad94361007aff68e7d9fe2bdcefc120,200762
update,28,49,209f9108022e0e8f83b5cc5ba68697ec25bbf5570214eb0552b70b54f46791d9,200762
update,28,50,2a8732640a05ae23aec255a3d807be4316ffef345d8f458e3152253f67a365a2,200762
update,28,51,a2a9a9675ade7c1e1e573705a553af3fd3c351cda3d0217e3de39439640b8a4e,200762
update,28,52,f85d57757c924e3ed1f6f90f7e1f28d33096aafe0241f4b882641129bbe33882,200762
update,28,53,b18758308fda95d8506f87c4fb4664d9d4f7b557384e476d3acc800515be6612,200762
update,28,54,b87e13b8037d26eb35028b0c98719a2df1fcc17f92ef1cbce1f1733d80abb272,200762
update,28,55,33a71dfcbbccf8dfe359b4921ca9678feb3dbf2b3240d07320b251b612bbd0c3,200762
update,28,56,300ab5fa90ff18b5f158bab875898990fa5383cfd0f5355ae420d746132c8f27,200762
update,28,57,6f613dd2369597eeeb49dd5572b098bf3ce37491bae32c4fd022b50fb44c7c5d,200762
update,28,58,add9898cc0e6ccdfcc84a0f4cfb54dfcfa97719b57b09736fc54693d9f1015b8,200762
update,28,59,fb4ca4b1781933362af66eb82b89346f8fdf0efcde40f3ac714e9ff1c1ce3aad,200762
update,28,60,fad6e9ef216c10d75da84056e63741deb87a3d90094a007542800726c54cab97,200762
update,28,61,250b772f091f9b67e16b60ca9905f6463cbdce92320d06138e2a1cc5c31580f7,200762
update,28,62,22ddcb125e2995d622bec45f3112d162fd3e5537894d1950ffe2d0892142a45b,200762
update,28,63,2d90bc8588f726d04696dc212b23a4c4f0cf58993b8dc33f741243bfaaab79b1,200762
update,28,64,b7d29e48df24702254f51c906d3182e59f9f0954c1999f6918044202ea40d3aa,200762
update,28,65,39410686475fbd6a4fd72166f44595ce0949da2b5336652b2bc2de7920561306,200762
update,28,66,f62b75dc78c3561ee8cd2a4194488efc18f35c243ecc82d74754d16bb473c996,200762
update,28,67,a8bae8407782319c4103d31c52a2ecd15ce0f7125e26b80124966f341a23bce8,200762
update,28,68,0e1848515bf2815bfb4cd1ce08e53271cc04ada92a252890de50ef14fe2aafc1,200762
update,28,69,9f332168cf3719b29d6093af3a4903c1a2f302381ad4d6cf9c0b5af4bdbb30ee,200762
update,28,70,1619ef933cec8a255a12bce8586ea4a76367a136c1273dd9f71b72be75c2697c,200762
update,28,71,cd94308cd747b70e068bfb90577c0de0f3270715d30acaa5866416a621bfcace,200762
update,28,72,a6c72e33ca93a567f98bc7dc0114c71b5aa2dc5d7d6c9e070e1a1bceb531f03e,200762
update,28,73,c6b63859414569b27533efea1a9cda5bf1afedeb12e6fd3241a97ea82067ea1c,200762
update,28,74,a53060ae7c8c3a355ba0445b472ffe460ef709ba807af4660edaba921114953b,200762
update,28,75,850f86f7880ab56b877bd314100fbefdfffcc8836ea5f0b71e49aeae9bd3ffa8,200762
update,28,76,1927b77e315699422570d51f3c3b7d00fa9b09ca361f9ac410516ec7ddb87c0d,200762
update,28,77,81054d898d02ec1384db78ec9c70189286e8191394a90f3e0247f36de77fa0fe,200762
update,28,78,147ce06479ac23054ef63a2ee442b9f3d57e3c00b339d524c52f477d9269732b,200762
update,28,79,c16eeda1107ebeda257573592d44a8e366c9d9e917cc87987a628f16fe18c648,200762
update,28,80,4bf60e4906a98804d985206906d2e3a291e9b3f0835dde7e636229a2d560692c,200762
update,28,81,9a11a3cfa4d49fe9d6ecbdfe0ac778240b38b4273972b55b5d46c5b5707a0eee,200762
update,28,82,55a93f52c005e506f064108646ab02f6bf7271fd9afbe9c98e20b61ba52e697f,200762
update,28,83,4fd41d932d8531197f891f6eeb127c2324c9c3d38fc30a0f86816e34dd4c75b2,200762
update,28,84,bd12a914a9757d14fef5894f506abef0cc4566cab5cbe94b1977a0ccbd4f932c,200762
update,28,85,1040be40a2e22ef64ad382894ed5e686f98762c2f4ec928796bcf9cd323e5547,200762
update,28,86,27d68502a806148116ff05fbb14ef1852ff728cc6ac30c3fbe1743fc050796f9,200762
update,28,87,8c9aefe7a525a929ce2ed07af735f43d3b3c445d450e6eee1e7b5fc2b1d1248b,200762
update,28,88,03c546eb77ebb4ba58d9d6d80a8cb9cce62c151416821b4d38edbeadf32c1462,200762
update,28,89,1929dc7d059bdbeca9baeac1681735868dc2cfd57eb01d497e1f62e7d4c8bebf,200762
update,28,90,39eb708d2b5809d72d09279629f7e35107552bf0fd0ae3afde768e8860be17bf,200762
update,28,91,c44c5bea54302607d846e16ba4fa2047cc7da1a4e40f4bd6e346e2b56bd3ec41,200762
update,28,92,765195705bc17c896b1af2762e9173e5ac35e174569ad0aceee4eecc4c3ffbd2,200762
update,28,93,02c8872b77a352e391d92b00a3123a1a0993837872d4a8ad279198b023b35ac4,200762
update,28,94,150f4589e2d46217db11e6a0561f2ec4ef3e1344f9058ff75068ac7d27a8b8c9,200762
update,28,95,bf4592e1c9161cb247272abf5823b331d64bddac6b5dc8d331f15a26bdc35d29,200762
update,28,96,c528014de71be548719ac3b07e62fb9a1c7cd5aa48c2273b62a5ca407c0faa23,200762
update,28,97,98943254296a5a86e899c347040ac20c29319de013495b5d20e0d28b80a02064,200762
update,28,98,b52e9d87f3fade8c706bbfdd23713cfe14a785effce37f2aa3d21de25248ba9f,200762
update,28,99,7a4f8f20091810ce4c0db72679b65a17f5de32c29d31003f98bf03efdc4cb477,200762
update,28,100,7ce46a0193513712fe61218c7dd7d26bba8b6e472024ff7fe781a102a06f19a2,200762
update,28,101,8bd429e5e5b976c3c33c105a219d78327d8235dd390fa5b0df2fc89c4bbcabca,200762
update,28,102,cb273f0c0c4c6a4ff71d97f55de4ca39c21bd944e9d910e4176337d950da962f,200762
update,28,103,d79bf5c75d0280f25fe9ba534608848baebd9de2b5475c5e74688560af0a2a8b,200762
update,28,104,ccb633b19ad6734dd1b778a2c4a6d05e2ae9c38afc18191f88f1b33ef6692cba,200762
update,28,105,404e0c6247bfe5d56d8313c73b208cda27ec158e7c17e77d2e4f30aa78ddee14,200762
update,28,106,d8a42203bc473b399398fbe51335d823de8f968643f11d2831922e7003afaf21,200762
update,28,107,8498fa328acda4890e5ccb1102e044dd639e1835bdc0cc92e587e8be1c622db8,200762
update,28,108,420f5969a8d2350620571eb4a3d03fac0505fe624d054104d4c70ef62d5d9e6d,200762
update,28,109,13b27f52819f021623ad8bd9d7bf391e606845316416f70d7a2b29bf9c103f76,200762
update,28,110,9c317b26b1f5038aaa7a07f9e07adcf63a46c38f0b0f4b26cf80549c1870d221,200762
update,28,111,dd76e80827f852b217a9915ee8f927f69289db99216be7a72bf85e6757f97e87,200762
update,28,112,98d1b33f4ff1412b474092d200f061acb726ad1e25908f9003d8c97dc6fd84f8,200762
update,28,113,44a2553802aa96c857c3b99aa64d850028c01a5b89704210c0e4060c405ed845,200762
update,28,114,710af5f46eb8098fd5b90f7cd2dfb63c900cdba5517c62f1d2761b7b5347f8de,200762
update,28,115,f4dd8fbf9b612ec5a4c6297d68f82b18bf95f142f5c9ac7610f1b509276ac06a,200762
update,28,116,448ed21e930be5a1cbe37eea81c91a604ced9a9f74bee42227fc61fd51056e50,200762
update,28,117,db54765afd7a35294c106860ea2197fa569163451306a611729788bd8af766dd,200762
update,28,118,b1ac015c8750bd9846e185ae50c91667147d6d6a5f02a72af1058d1df2af64dd,200762
update,28,119,72ebb8a682c173ca62f0330dc1ae5ad12078e28eaa5b7b84b5c88f372c3a84a8,200762
update,28,120,4ab50251574585600213e3d538c7db0f043fd3e08f9f5685bf14dccf1faae36e,200762
update,28,121,b574446fed0af6130d1c98dbf106872bd33fd8e1fa2d2d71aad894b596c80e29,200762
update,28,122,4599a60b691e0920006ff98ac451ee4d2a95c49f537439c6d3e0af2a995cd86a,200762
update,28,123,c9e5ef37f60b589017b9f070b855dd4c3f2c0aa5bf3290b3cca958b9670254e0,200762
update,28,124,c878044ec3bbbe25cd49824b590c44ba256969d82891c7ae554603d6738a5be4,200762
update,28,125,236c8114c78640c1f4738c5d3cc0d75306461f2b1d95a5c16ff994958d094041,200762
update,28,126,d53ef8c447de5625581b567e64e1875bd56ca7fc1b2065537f15cc5c0180ebb8,200762
update,28,127,7303ce2ba85db93e7a483675efa85d0c59e871ffa3e2ed17036db8e021adce7a,200762
update,28,128,b4c7a75cd23032594b320e477063bcc2ca073990cac08b65ed300941f52be4ab,200762
update,28,129,ca0283ab74492d5efef288c6ef54e1f006d4ee1fe9d410e65a1126ed40e756bd,200762
update,28,130,4871961e0592ac259a8b7cc6c5cac40f7f1c67ed9060fed9e725112927c05f59,200762
update,28,131,9e01dba301bf5fc9f6d38ea72ecb221e1d4aad42ee5ec3f1c63d8e5804f9c739,200762
update,28,132,00f9d2d50bc75df86df13cb551f8b18923834a5940b4731bd71f8af24b046069,200762
update,28,133,22571cd7e85e3e9e4c709c77f1da8fe343f3ad4d1a33e7dad463d950cd442cf0,200762
update,28,134,3355d1aac0a1bc30b1e50b4cc80cc1866329250b5554ada800808f873feb4124,200762
update,28,135,98dbb9a7f8043ece548aad995039a14fd1ccfd15f3699d7f2ba5d3c1eb912d49,200762
update,28,136,54c52cbe6f20295b14c11e16ac25f405241f2e414a0ae5915181afed2716f953,200762
update,28,137,f1b9f73c57913c4a463c1623a23db3330f605e70c27950324a6b98bb2694386d,200762
update,28,138,c79471c2ce832ee89e2e3f82a1160870c04f86ef2e9f72422e5dfae72db59e57,200762
update,28,139,b410a535548c7e478434eebc2af3847b64fcee171d0e509f8d15dbc399c34154,200762
update,28,140,24ab697e6efb7917b1cf46cd2222cfe4e6eb88de7030fe2ea9f0b3a3aa3576cf,200762
update,28,141,4acae0409547ca9c622865213fd8d2f9d8ee0b17ee185749d4fcab60f615be55,200762
update,28,142,ff3293cff76b4647be7df14e04bfa19bc392c93364b2eca33c808fd9342b8ca7,200762
update,28,143,e74b8ba41509744ec71c275ef104126f89fbb60927f0b92b3d725b7e0bfe5e10,200762
update,28,144,ae13a1c30e66167b60c9f48964d025bc3e6a73c16b907862dc640e58d75c18a3,200762
update,28,145,0ae2a55b084acfd2016e78dd263c8ec5e5556d92328b692b5e154e6a7b8af400,200762
update,28,146,e0ab20fb2a2d53bf77cd8a86bb808b12c5c461265a18266bb35f1b6481a08316,200762
update,28,147,6d4e0861efbaf12b18d44b87a0e02a877c895ca1e13f998d2d6d19ca09cbc4a3,200762
update,28,148,a54615e9e24603dc299aeea35574efb1734ff0998fe3b9219d2b44fe43a0df20,200762
update,28,149,d7f9ec10fbd378ad6e0b1beec8d689a769ab9f782c71895a11a0c152edb0c723,200762
update,28,150,102481bef444b173523d8348a6f5ae95b309e0ed50d271c9a4006b3d14f02f38,200762
update,28,151,52c936e003c76ff5a21bec9a6ecebc2b359dd08212cf21e7794470b61f8624c3,200762
update,28,152,239ff15f012d20b440b5e179acfe42d0f482c634cad8077c12912f823488827f,200762
update,28,153,c059526ac45d5c748d296fb39b902a30c89544facfd76ca31d41ccc847a7dd96,200762
update,28,154,14d447eb6461dba6b6db89a8731f7afac2f550a455d733ab174ed3c82fc82eb4,200762
update,28,155,563e8993fa335fc448095b07bdb0660e65a4ca8d250cc6fa36c2f1b6d46cd3ca,200762
update,28,156,ca8311778cb2d956ebf6cd727b3913d246591731027bc64d87820ed02c4030e1,200762
update,28,157,6b701c75c4d42b1b3568dd88a227ffc021e01ac0a6e5c977e7deb96ede478794,200762
update,28,158,2b8acf86c6b8579473d2cfe0f8dadb2be97c1fec26b14e5314231eaca10d4881,200762
update,28,159,30c3e6614ff5f5848d4ad49e2ac08e36a706e3e4ff3cc78c145e4bc4bcb3de37,200762
update,28,160,44bec285abcbef59f9d757122aaec5048194013a6c07419ad472002263309378,200762
update,28,161,613f69fcc323cd21b092d667a8ee1610a7e59b7d22e08378f44e5f45d5e60b80,200762
update,28,162,87a688d1f557bccfe663deffc7e823528dfe5a87a76832a27eaaa9e155e2eb40,200762
update,28,163,c001d80e21c1ba2458e9c89cbb8ff8f3c46f6f0ada3fab8fe8cb194c371f0370,200762
update,28,164,6a97e0bac2df94b7533d5e6e2d068f050f563993ae3b3f0f5f5baa4556394c01,200762
update,28,165,3149b403e8535990ccd787e42888851d4512ef4135523c991c54e414983a6614,200762
update,28,166,3e2b4df9df09075cc322aa5e35b9c1abfc4fd540f3265e89b4b4c4a546a821cc,200762
update,28,167,d0959a2094274f526fd2b8643eb6a7a6b03b9ef5d58900c9649651c7cf6a347a,200762
update,28,168,87c31b42067fe70e5125343328572a7d42a33cc3de4765b2b9b1049651770fe2,200762
update,28,169,dd9710a3a3990f198792255bfc48a1d803d329a68fa8fe525b419e9357879726,200762
update,28,170,7289c1b44386e538e633720e55223df8f17b8ebf5183b725c8a4c988c9c99746,200762
update,28,171,4650558f54d56962fc8d8b034b27aa6d3cee3abb2b38ab8f9cc2a604889ec22f,200762
update,28,172,da5f3001ed2c9644933f702cc0eead808c8eab7540448c99e0d7b00ed2124283,200762
update,28,173,659bab7c499c590f53217dce8457d69066a450a56026acfed36eda313954c5fe,200762
update,28,174,08564d130a42ecbd37d517045755f10ac79b1a90790893b412ee10864bbd46a6,200762
update,28,175,e7ec62d221b53a8bd4d3f183e76b4e4498ff470242d12a6d22e3e38d13121a28,200762
update,28,176,43397c7d3e9e737abbb9f024fea196c2bea5605461db8a6d4d60589540b4db36,200762
update,28,177,d675b227986f6cd5cb734fa071dc161d7c2da853a2f7f8cee8778ff1207092d5,200762
update,28,178,1920e59d0aac85906be875309103bbe9df17441ac35291f3fe03340f89a628a1,200762
update,28,179,a2d9342a929525b5493314c3b7d89819587d95bcc6a78bd49b42bba87372953a,200762
update,28,180,6272988e7f0fddeea645f13a1187891ef72b07c2cf69435e123cbac3bf322f33,200762
update,28,181,251eb863171db031a91e3205cf30d6feaeafc7426c8a92177f4eb6f97ac7ab23,200762
update,28,182,101c5f2dc114dac40093195896534fca169cd84a7eea82d68a5f8dcfbe79ce9b,200762
update,28,183,f21bd19b440e5bc59c41e797c0df27832e57b407806181cbb14ae91af02035fa,200762
update,28,184,5cd8ca2dea808d7de01b2cf273e792ca80b05054646ee2df67c029a2845d0236,200762
update,28,185,e9016c433d71f3a483dbbdd7afd40b49c5250675af9d7681aeab757285860ec8,200762
update,28,186,8993691025f9cb4391faf92651a44e2a2f4e005a4ed12971fd63a4b9c9a686bf,200762
update,28,187,a72049e4e9dd7cf5aafbe33f983b5fdf2b0845641801cd9d1bc0f48cd782c5be,200762
update,28,188,4b5ac64c551ce0af497b88e237497b11e086d25fe4c0389f36041f49c3683c00,200762
update,28,189,d6356354fa713b17d1788440c0e503603dcd7ed8c63105a3fe4e15ca6b484c40,200762
update,28,190,d052b131b0811389f443c1bc2039c77a704c9f0b15481443c42a414a20c6e25c,200762
update,28,191,1f92a8fbcc8acf7d68801e22d2fcfc46126193527db7fe366f5bf5c48443be1f,200762
update,28,192,b37228683e03d8ecd8d2df7ce8105701bfd2bd89d64888c67280609bd43558ec,200762
update,28,193,eeefa236e8c2659c73bcaed73298c1e34a4a82b24665c0c79a608f41e2524f85,200762
update,28,194,46be6ef7f00a120c8f69793c4046a1a1c09057bad5382b6e2130710ed7ffc73c,200762
update,28,195,3a621f4795111de3735a33295f9008cdef66a428d54b292bd0d97ad99147a950,200762
update,28,196,f430a9a07ceaa8084c9e1c36ab07706a55b7b794998b5b723341bd436bd5eb20,200762
update,28,197,65781e1dcd19c201417755dd55113ab01f5800ae37f273fa7bd2391573b939f4,200762
update,28,198,cf3dea0f88c46ff52169e3801308001eee1db5502b8a9df99c5236ecc5bdebd2,200762
update,28,199,08adfc355d9b752e05fd5d6c002cca47d6b0f9c213a4222dd0da2be8a2c5dc0d,200762
update,28,200,bf068db2f46bcafa7d7142ff4ccfbf232280596fb937164cab3dcf821d5e73b7,200762
update,28,201,c97454e096f9a21e3ab1f38ff02bcd9cb369a9098ae422c89dc7dbbbe281d82a,200762
update,28,202,89e1251edcb2c3076af5f55a1863b415141884e3c97945b214d81e653bd730b9,200762
update,28,203,f63c07e3a67928c1336b55c3e73320893ac3e8a28acd655d1c97be7f8e716211,200762
update,28,204,7b201e4156b36acfe8259c854e7288628220d3c8c420996553cb4101595e65a4,200762
update,28,205,26d1dbc5a609fc44122dcd3759ee5a3e27363480d8a2ba739f01faa6f020f4cb,200762
update,28,206,c3d7b0ee16ca9703402fd86ae5d8d486413d36fdb2ffabe5fe7f000a2fa5ebfe,200762
update,28,207,924108d064acdcb82e63d0c79f2986369a7512cda98d62f023cd502824e6860f,200762
update,28,208,f6523a763ecbbcd056822da77492db319419158e4f0ee78a642bdc9178833385,200762
update,28,209,5f2cf7f3942611446b474e2c07a835a9cc1fb5a99e6e36ae33ed9ea34a75d558,200762
update,28,210,30b6b848d601c05e92d912dfe6b70e23b57bf2f0465544d57456d399b0feef60,200762
update,28,211,cd4279dacd24a7d737818e79a21ef2a3afc91c0940c044a5ae9a86d2f5227b0d,200762
update,28,212,68998d3fe4bb29949f4c392617e86325a79b04801b87365690cd5f527f0bfdf6,200762
update,28,213,89922018da29b3a7d7d6a0867738ea5c28f9cfae3a90d3871a72f517a43996cf,200762
update,28,214,7ed8ab5c52d5baab2363bcfcb6df39eaf6860aaf182b1afe4d21e00c30daa26a,200762
update,28,215,ca6056212a4d8d6ebe203b7fd9cde4c26705dfba7bccb67c0b0059d5e9f6c8eb,200762
update,28,216,679f57813d114994b56f56f773bdb0585e3020e267bcd09b70a16944fa763317,200762
update,28,217,3577f6404c95d240329ad3b1a2f5f37478e47dbb1f3d80497e99f9170d22ec51,200762
update,28,218,6541fcea86af2b931b4930de85b9486ada42df7029ec3a05f8e86b60721f5491,200762
update,28,219,46a742088a088b4c63d865c2868d34218de15b4b5bc48451733456e56aae1c0a,200762
update,28,220,796dc17956987f3f4a3a8f4e4d6a6690888d5963a876c51e936affd1ebf13fed,200762
update,28,221,737451216978b828ea18adcfa8be2edf4c4a3b39c306bcec8eb997fc96199f7b,200762
update,28,222,943bbd92d8bf3a332e132795201fa417eb3b8309ebc45e5893a1940c87b00753,200762
update,28,223,c6148cdba9915b4c69db315acea2f475ab33743cfdefe2ff850dfc52bf61edc3,200762
update,28,224,82d7130e0acb3366e0783f969eeb915db5793aa3ef55c1d7bbeefe9494fff6f5,200762
update,28,225,7b1f5709e216102f4e6fe3e8a310230d58bdaff02575958715d533ebd73801f1,200762
update,28,226,59a8dcc106bc292cc05dbe45d06c4fe71b2ebf28290be594db071bddd31aca85,200762
update,28,227,3a53ef01937f82142a39b2eed05179d6c701571903a9a9efd80c5704602f57fb,200762
update,28,228,07a2558650edf0eae3b281b88d6f77959fc423ffa136c794135ee4c12bd5baf3,200762
update,28,229,67582c616b1250780275381a6adcfc5364c826b8190b0058432574846f10f3ad,200762
update,28,230,6e99ef0a0d57911bf3f00746f2d6747ec5e2cd7fcbd4f3c7e3f01eefeaa74fcc,200762
update,28,231,69501346550d26290a537a007547e7af9b8e5a9ae88aab29f68bb0d06ab928ab,200762
update,28,232,7c5c363c076dbbe2d362e6c64cc63a63827556b0c1b4ed3c35662a8979441d40,200762
update,28,233,19c79639f49fec52c62b4a8a70c70f875e091aff4fa030200cda2423a23a8e14,200762
update,28,234,0a48bb72485a99e684be60aef2091074b846495b0b0a9c012a524d2cf1aab7a2,200762
update,28,235,c298a6161eb601659158c8f98eb1891dfd28ad32dc2dac4b392350b12b13d509,200762
update,28,236,281c05911fae6e8feab036b93ddba082a85831ab87d2ba769a196d1edca4abd5,200762
update,28,237,e5156ac1ca8792e7a27de97e746fec263127b5af05ecfa4caa3056d21157df50,200762
update,28,238,408e6657ef809ab1ddabe24e4f5a6c91bbf21fd905345cf87cf94bd9b34997b2,200762
update,28,239,be0c8bfdbf7624cc31aaef2276b01a4416b6c235c120e700547d6532a13b5a98,200762
update,28,240,6b1d514e2dff84fa934a324e63138f38d4ba646ee721b772b4fe454d52991492,200762
update,28,241,6858945c61094cd4c4ee40bf912891c69cb5a96fd93f9237c6d330d38ab8e0fb,200762
update,28,242,0b9411effc9d5d648ca3de7cbaf87de90c8425e161313424a158916c76686cc4,200762
update,28,243,44606cd48e7ec46b76eeb021b637e2912546023dcd93db95f22e632bddc96192,200762
update,28,244,5faf2d00ef33991eb0d80b981e7bbdd2db1c7854f9db6fddae6ad3b7ca002b1c,200762
update,28,245,1b2afa95cdc40f48a8486b61466051eef6ae0cb8204a1c42afc7c9b7f067d269,200762
update,28,246,b8df0772a0093a07a5760775e96469344575c880b19e0c809c88c666e913af2d,200762
update,28,247,c5ac7795700ef2bc0777986548f93c85288997b7536ef47f22f897869d7c7eba,200762
update,28,248,33293746ae490d447cabb74a270d52c3853f2e8aba52785579c0f33c9cddb860,200762
update,28,249,120602241fc82f6e6b62d93b788c2051c4866321e7d0da1a4e3ca80fe8c4cbbd,200762
update,28,250,30d7fb682b82c9100d9bfcc4339356ebb3023ed7a7ea42f278ba07eeddf211c7,200762
update,28,251,b6e39d899854e546981d66a058bf4a5e3a1a8d4ff55e6022041ca2c04aea5f8d,200762
update,28,252,95b6a247ca05e54a75df805d7ae7f6958fdb8f380f664dec23552462edffff66,200762
update,28,253,4fe962d2a517e0307fa6d6759fff29793175698d16791bad3f408c667a55fb09,200762
update,28,254,edc5a340890a4fd5de4a9641339ce455563aca2ec56e80ef4fcc19967ac6ca9e,200762
update,28,255,3f4ebf878638eab2d50f0ab1b437a8416352df0a16b6a5f8b026f1c783c63797,200762
update,28,256,3a68dacf5ace9b1cf87e439107cc7bd0c55de0a37d05cd9a61c494770c259b79,200762
update,28,257,bc716cde709770d08dcb45820159965d56ed3634214afa44b3df333dd09a2bcf,200762
update,28,258,a2d357f0495965bf0d4baba4a8023923337226f9926bba4d448b9040dc95ad35,200762
update,28,259,e307f6a45a33d000985ce7301a506e42ce7d597332af851ec030a2a3cff8c139,200762
update,28,260,c4e3c99d3497a52587db1a21466f1147ad66f3a8e685988e49233e181ff91d5a,200762
update,28,261,17f9f6ae217f5cbdf81d0f2756e1c3b752fb96b2a362c20b19572164d23070ff,200762
update,28,262,fa439f4f7bdfbef85263287a98b3243f00aa67d03e96f1c02991e11b0263df08,200762
update,28,263,584fea17c403b5d80f5601f3c89cf8998f430632a975f13dccdcc0460562b3e9,200762
update,28,264,62b1df40270818fbff2cb9b599928a129bb92f6d96566a514411c001f15324a8,200762
update,28,265,d925d14459622db81f3bab534eade25dd2f50be1b8d81e4401a31a128247dfbd,200762
update,28,266,0690113229181a73e9be3c0de08883e612573abedb8db1545b959d5c1a67c24c,200762
update,28,267,14d48637f6acabdc33bd836a755fe65ff4bbdaff75fc968674df7fdba2104d31,200762
update,28,268,5658419ae55ecb5e323df9a28c2f5a5f4a83ebfd68b0b6b52046c55d857d108e,200762
update,28,269,4f06efab1308d3a63cad6ddff9f552ef9c536399410ae681f71fbe635362af3a,200762
update,28,270,b202adfb3cfd81e5e98a0e26e6db199b1fec71857ef4f48fae7e2a70db26308c,200762
update,28,271,47950c6cf7d9ed67a05717349048ca8640f000fa5f1d1a4908a8515133337ffd,200762
update,28,272,3cb381ca7d81e827074d32c35bf95e85baf264694161539f3bf2029df98673c1,200762
update,28,273,b8660078a764e7e8d394cd1548cd04db27ee399d4506af85b5b47d10f6723b2c,200762
update,28,274,317902fe1648b8b2ea463bad761bde046e548ebc6dab17c1e2a67bde8590dd24,200762
update,28,275,5681d0f0af84f22ba6984450684ee86ee039783b9dbe7452830f508884eed0c1,200762
update,28,276,e322bbe0b054d44fd76a3f7460b3aacc7785f96a2d6521b10f4fa80e880e9a1e,200762
update,28,277,a1496d661ad0fd4766d2321b88f38c30f614d666c2661d20e779693627fcb2df,200762
update,28,278,9be68824125994045ef0fd6692f984a1a53a377c0ae4d2632d5bf73b85825c9d,200762
update,28,279,b8ed0ad60554149453594f17332357fc8ae1b4b04e59aaa5840a99b85c33ea99,200762
update,28,280,6364df33d03422aad90f43aec2d9de8a711fc20d0782764d55f5bce63b0d5816,200762
update,28,281,671e16e57e8c69ba18cf4d8c76b3e1b156433ea2d75ea5a89edc77943608c396,200762
update,28,282,8afb866c3088b184e7f362c2dbe834aa0231fa77bb312d397ee293643df3ba64,200762
update,28,283,9acb0db9f9af773d6b0500418e8553b8881054771321f164887013c48a0c69dd,200762
update,28,284,c9aa020327baf6d4c49eff0d3b3cf3f3f864f5f80efafd2684535a91d320b957,200762
update,28,285,031aa21a0489865b6f795285447fe5edecd335577f352536460d3b393bc4efa1,200762
update,28,286,88b19bb17a0abc9e17cab0114c591086e05add0244fac00c12d36de7b4083570,200762
update,28,287,370ebae9f0db633d6e7dec8b155218d37595fd83e6b54ec18885f702fd5e6092,200762
update,28,288,a459b1c6e4dc69a620e62aa42e6a4f3bffe15f2dc35599c014103a428fa2a92b,200762
update,28,289,f38023377ee71da394874f2bb2a01885b1d0ee1359eee8c54aa7adddeed9bf3f,200762
update,28,290,f8eb0a3bb9bf370dd97c45e321a0f3232850e09a1a121a3cc7c8fd6ec28d60c0,200762
update,28,291,b0f9a741a179e641d42ee9a6b2e0e06ce0e819569df0da10335750721a215bb9,200762
update,28,292,1946c9727d8fae8c70dd0017758c13f249e1ac9404c48112da8780cae7ba44bc,200762
update,28,293,3dae56c739a412cc2657ba9b2c95cdab1c89cd4d8cb770fdfbc214a46b76da6a,200762
update,28,294,47af403127f88672cca6d541622eb536cd6f3b37e3ce29bdd4fab851acc90978,200762
update,28,295,e4905d694f4b44d5865f2819535d1a30c50abacaca49d0804af1b8713735b39a,200762
update,28,296,c7daa547f1786b333b710bc3ca36b7c11eb45ba694aab0eee88e1a038e9da202,200762
update,28,297,07d342b8c766b90f1a8b7f06f566c5afdff2d5bb4be6eb45c70da5a27b75d849,200762
update,28,298,a4a2659bc5759f0bbdaf8131a86f04450c73642f7a4c397cdb890548798af108,200762
update,28,299,2c7ab99cc6c52bbbd60587924e6789cba152dff3558c32c4cfc09634a2601af2,200762
update,28,300,d16975f9198eb1435eda6e3bf7ef097a27c6fc9d865cddc6b1db2e91e89d16a6,200762
update,28,301,a3dbcbe7ac15c19a3c5b8057c3c4bab67e7b5278099677761669bb7f12ed1b69,200762
update,28,302,87cf1a697b9321ce0d80ff81c745d66d38f13830597ca5a8399140d6cb8b0023,200762
update,28,303,27ca643dd2c53836d0360269e37d5198204a3eb9d3e4cbcba1c9c9736e9eff87,200762
update,28,304,ee5e365b8cb94a78920b7d3b4395f036223ce9f693fbf5b70d6f70317fee1ed3,200762
update,28,305,35be442a61f70f8ba8eb33313be012f9d664085219e87291c9f2c5e2e2a53fe6,200762
update,28,306,01d48676f28db7ceb215489fe23eca1216a86946444bd097ca2fd9fe9b633de8,200762
update,28,307,ca6d0209765e22694dabe2eb18b6d52f78f1f536f86967aac76a2b014698c4a4,200762
update,28,308,5e66558a5193c8947033c5241f27a5c5aa6fde9e76a82752248ddddd8ae4ab89,200762
update,28,309,66d6cfa74b6881163ac3914a9ea173814d914d76fc9452269c4a1ad73b704d08,200762
update,28,310,8600ed8371d732912ff082cb6b2093a61c5a5a7c9826be36e4b5d386a19f8d63,200762
update,28,311,70d6ea3cfd3be02fbbd8879d96674e5e144005cd4e7be51867f7cd52c10fc845,200762
update,28,312,a9e8515acb85f52d7b9bcc3f14a833b7478e86e821dbf13ee25afd17720c2fda,200762
update,28,313,dcff754f7f8fb2c0ee2759a00f1b60abd1d7f3b115ab28d3550921b39dd4f76c,200762
update,28,314,8c14be4c3089d4eb91f31deb951f21eb108a27b56169121c6aa02fcfbacfd5a0,200762
update,28,315,da11790fce58329c8cf447b2e4010c092301a71d398c09cb28e21320d21ba3ea,200762
update,28,316,a00f8e43b6fc40996438f9a06c8e22120de2c4e9fc5a2a662a0311e32de4fb12,200762
update,28,317,dead7a7bab3910a795195104f59667bb5f18918da3f4aaf4f8022c9d99fd9403,200762
update,28,318,0f25ed568e2b4bdc052a410852b25a8d4b435839cb118642768eceb18734ecfc,200762
update,28,319,738f6b3562059bfbdff24b423c5fb0808c981a8e78ec354612343d93c1272c9f,200762
update,28,320,26c383cf80298da0033d86c43950d46829130f61b2ba94bb0eeed59aaec52f9c,200762
update,28,321,ee1d48939dfd450985403732901e83b3552523e47a64f97aaf47769ec7b2e0d3,200762
update,28,322,9d04691a4ca7e13047685739b90a3f13bda835d30781c87f30969c02443af5b2,200762
update,28,323,1d20bc91d8f3eeee6dbb7d32ef84bdabbabf080d05a514dcaf62105766fed856,200762
update,28,324,e0632b18ea1e6434347e328db257bca400c362705cb620a4619810556baaffc3,200762
update,28,325,89c0215127156963c34b909ad154d95ab6099fe8965e715975efc3591af0790f,200762
update,28,326,e1096be8b27b7aad232f457b3b7bf2005fd8951d3d05ceec3e26884d63cae927,200762
update,28,327,0503c925df5bb358fb3b350147b6f79c02015bf2df3cce2365501530e4525bb4,200762
update,28,328,8bda874328a41138655527606ccfc2a2c6b16a46e23aae0e2f3fe3cf90a29eb9,200762
update,28,329,da348d1b3d3d2edc361f37db22444a9718e98cd894cfdae2ca5492f74a21bdcf,200762
update,28,330,07fb057fc60145ff3734f6bdf7a6b6e9916c6e604588f89f6641232ccf5e15bb,200762
update,28,331,dbfa7285ab7022d183b40bc09c8b337c9f4aadd32432940ba2a4714d22ba897d,200762
update,28,332,713fb65bfb66d308771d2b74cecf9d2ac45637e7f85233c221186ab92e01a6eb,200762
update,28,333,73aca1b9d36f1d93777f431d12e906bdb34a60a0d0f5cf205a5f13f432bfac5b,200762
update,28,334,844b9a8c0843e481904dd01c1c8c66faeb945bb9c426bc8bc9df8ca964e1d9bc,200762
update,28,335,87b9b1ebfc6fc959f7473827ece0dbb815c4f173a26a8baebc49c82246aa7efc,200762
update,28,336,c19c21178737e6d023159e3b3a70e513a128d2cb9376424c93ab2bc621a919df,200762
update,28,337,2c9bf26641dce0e7e2b8885c71b07d4d423f9c98475867c44b214c83268cad29,200762
update,28,338,e2a863ec0f024c93764e781a5e166b52133af89d9fe81391d6d3afa95a85ce18,200762
update,28,339,57ae7b6c83abf49d49a12e88c6786f5342571e2d6a44b60769068f46951d4e2f,200762
update,28,340,0186a6012547c23891fab0c526a2a7978f871c9fefd743bee58d70eeb8c914d9,200762
update,28,341,1ec08f0479e300ba95f272438097e66479e119d107222298b5328842a735b40b,200762
update,28,342,f26f23122745f8e400f3b22f15a6d44e393fa95ec31d711b09716b353790a2de,200762
update,28,343,9660325165444ec282bde077d212f8280db5319be8d863863ebc8e58b05b7521,200762
update,28,344,2cd47063fc8b3d793de2ca4201205c6265ee9a56f29dfa4c432c7ddeb129ef91,200762
update,28,345,b31d6ca44e6740e09b0d7fc3c253f23ef24e66879737b7a663861a4655821b53,200762
update,28,346,e4bc5b6483e652fc3a69ef968ae34371058b050bd6bd4377417f1d779d17d92e,200762
update,28,347,19c9f446e817d3f6601587e6fc474bd397cfb82c23c7b95df55d701e3de52e83,200762
update,28,348,37400a37270b39d6473466c55f96b217ed3168a9114bf18b8a1e95e392c7bfe9,200762
update,28,349,4110a8fca617265342fd962e7b3c19a8fed6412aa0f56716cfb993de95a7a0fa,200762
update,28,350,fb79ae878944af874b57f3ac3e9a16b0ec3b7f8ce99ba4c01a0cb8a8296e585c,200762
update,28,351,f9c175db2b93815fcf61fd91a0806e90b223e81cba4938b7ffd9cc9c0b311954,200762
update,28,352,ff39d4913135b5967e1363b5d24e54662aad24fc397c7d1fa4141ff5de0b5b04,200762
update,28,353,a2d1e031b7f5a98ae4dd213f8c3d3c35a4f5c8640420a3c2ae4aa4c18f159ef5,200762
update,28,354,b4080f5de633931fdb9c8436732db5ab14ea884788fffc9bee35deb580c03579,200762
update,28,355,59818fa44d60d98ff7e9edf844b72a21635b87a7aaa0f9e5931d2e492aee7dea,200762
update,28,356,91ed4fc3b85406f7e806ccda47756f7a59fe5748445c8684f38f98a26160bafb,200762
update,28,357,dee46711b73d412de8ae129593d452c0d1cc6ce774f3a9a99ae688e18788cd5a,200762
update,28,358,4765c8ffd4863dc50081b8aee786b7a0ab62a4bc6081276996526d7358f14467,200762
update,28,359,19f414e6d946fd4e5fdd70c11555f7800e2505a2753e42bcf038d2af4271145d,200762
update,28,360,9dc603a4fbc6a6ce2bec9cbdd039053e0de1da525a9d7183b45d5cae373c58f5,200762
update,28,361,71ed871e5e5b0caa26b4061aca7cf94368db4e754bcc49499283c48551633f2c,200762
update,28,362,5ae3c351e3c2b14c0ce1fde5002d63d032b089baf40b5e6f2880dc930ecc521f,200762
update,28,363,3c2322efae5f6af0edbfc26b4bf95cb84998c09f5e4dfd55c61548d036710214,200762
update,28,364,8b771e1d88a48faf6650af1d741cceec3c074a50c187589cc6db9d81779bcbd9,200762
update,28,365,0943d69927dff61515d9149d6574d7b01b0a23e170a11ede3b5ad695c0a55fb4,200762
update,28,366,8c7eff8640f93a78a94317b8a61370a449b218df59bbdf166d5f275a985034b5,200762
update,28,367,0e7121946ed346607a0dd42bc80a26addce5b42581273ed2d1969599231733f0,200762
update,28,368,71f6324ef419c63b352e051eb9c7f660d03a0f1047c5d3e490d695e8ced91a45,200762
update,28,369,6bc17e1f5b2d640db9d31e549bb9b6ef0320a40972c8e9c7d431609a2d37f26d,200762
update,28,370,5ed3b10e8185c83abf473dce951c19223e7d183e5946a377fc71978d635ae5fd,200762
update,28,371,eb7c284f9f066b1f9721a8486e9540cc3d525f8d98a643d9d75126a4bbcc18a2,200762
update,28,372,3890b885a309ed591ba7d7306403070b33d60d2c4901e55da774f7fa4e3d8e17,200762
update,28,373,051e27c15c7f826531d2797985953caca4067cdc59fc9ea654bf8c4f40f12682,200762
update,28,374,59b2fdfaa326315e27a04b30fb5d1754cb947e954fbcc4eb7cacd4252392c94c,200762
update,28,375,2878e8f2a8f0fc06692a0b7dc52c10b0f2efe5872770e281c58eb85f443ad249,200762
update,28,376,4e17eae80f16f245b905a96707a805dd3d76eb0e8141e1bb3808ea67d09a3855,200762
update,28,377,d0a2ca587d2b448ece867a4bb89dc66d8f4d1f642bb15dacef9eced05dc0e40c,200762
update,28,378,fb386cbe7c9de05d30236b8ae2a2aa0520eb018b7bf42ee0794ca1fd85551b63,200762
update,28,379,09be30bbb701604c95332a92e0602096b6eebf87b4fc0fb649f9b4731c329735,200762
update,28,380,65f0f1f78b828b57730b24237a4ff7e0ff8178afa2c1f0941c2db957f0f9f5d4,200762
update,28,381,6a4cfc4aa64885e4035d3f1fc13810e850a46ccd80a9f3e2e8bcd5eb040ee13e,200762
update,28,382,eff9604dda82fb9ce0a4fa73774b278d53dacb6dd1cb33461c4741a37b874271,200762
update,28,383,ae8cf4ecc55a90a475e24203a739d9a03de00b51679180275381436db27c6be0,200762
update,28,384,5d181e7bb5fd1e04293a9879ee1ba56b27ceab11a9e9b6d696f618e2edeefa46,200762
update,28,385,bca6f06592a5be4845af67b0c86df089eb624a97e9e8e9c696c18f7a4e8d0cf4,200762
update,28,386,6270f4333cfd3053c1c3f70327f2a005bae7f35156315968b7cee8436ce86a53,200762
update,28,387,d7fb69f4b02bb21e5f4e0331cbdea5e4679ba98e9840cb745efab0967c37932f,200762
update,28,388,2221a78b1a11c2112c03f0550c106cad84237c513485e065da1b205591d54c4d,200762
update,28,389,04060605b82f9e1a1c6ad4f0bfbead7609937506f8a21dfd216deea35726648f,200762
update,28,390,bfc60172844621ff1f4363a4bf0341846a7869cead88fdd914128b9c0d683b2f,200762
update,28,391,1292c1954af56e90632d1869ca0c25dd6f882ddd25a2275143feea2e6906bf9e,200762
update,28,392,1fd7a43da246b992396175be06ff0356488bf50b7e414106a22470f23dc274f9,200762
update,28,393,c1039de5edb7a996f0748d5c529980cc144be2470e9d336ed6a4e870bb2f983a,200762
update,28,394,f66c06795a4ec6ff1ffbbfbe5e42805ea133e787266c67e03cd10d09acab53bd,200762
update,28,395,86a127e5c5c1f3407ed71acafd31bc828fcb558448be357022bfdab8f4ddf09d,200762
update,28,396,3530cf2de965ad66eb772f72a30cb6e63b7bc37edf1e6f2138bff96326f480b4,200762
update,28,397,219fa35977c183bbb07c431b0f68692f4a37d688dfb18e7536c82d148af2d6fe,200762
update,28,398,b10f86096534e12f85869fe76c50dfbecd04f9605465a9699f350c4ccc36242e,200762
update,28,399,fa6c8c077ba15ddd411c66fe82f51928713fa95ca9953512ffface4304feb5f4,200762
update,28,400,3ecf0513c92227b98c64da2d34815777d9056f590bd040376b1c5280e86b81c8,200762
update,28,401,05ef4f2f83e24a091298dc0112f7ef0610a17f26ea3c09333d879c3ff81c036a,200762
update,28,402,8a91faa6b8f62eeb7ef2d7ca83c5da6a968468dfb67bb854f11ebf9d7b790c73,200762
update,28,403,d75188ea4d97772fccd99a8222a0cca87c2e9407d4ecb8044692ab2c166b8cde,200762
update,28,404,dbf59ee4377093d45264d48752df7bc184f81af7f51d8e88dc17d4146c3ba89d,200762
update,28,405,764a61509de7fc6f4f1504443f17d0f3395c59585c32b9e3e847e0c956257283,200762
update,28,406,3eed95a7578c2427d67d671c2bf4f3e2e0a2ca33da01917beaed7bdfd6cd6bb7,200762
update,28,407,102ece17504b08faa0fbf12089f8fd2c5e1568c72ce7ed49d2e289617462d10f,200762
update,28,408,d06eb876d135958f0f9641b646af7107e75276195dd9f0871e2ff8f235894bd9,200762
update,28,409,541b58ba76344580ef321a99ce3739ff61fd659e02fa7446f050742420fa3af7,200762
update,28,410,a71926c2c74c8b102e1666c0ee2b695b043dfeb3eeee6efd0a83fa1e602ffc4b,200762
update,28,411,5370dd9e372320d0e12e0afb6bc0e9e1f3a1fd4bc7d48fea1e83970254e724ab,200762
update,28,412,354cd92c978184b45d42a4f6b3567b8451fedcb5783b6c61162c02a619166719,200762
update,28,413,ec7b518e6555e68573e09e89cf7e02ee83c4a3875e45e66438c9ba5347049c48,200762
update,28,414,68fb6d7a14df89050dbe0ebd48b5c082e41de936f5678b9710a5a538a47210f3,200762
update,28,415,1d4d34f1cc6471bcf7da15d864ff199f49e86eceec78b5520b042cf832c5e2d6,200762
update,28,416,e8e48d2b0d47eac663f4d629920176f033b15cb10d2d9c929bb0883c1904fd92,200762
update,28,417,f89155e213714a9b29b0f3454d521e29c6dd53af638bfc62edb410bfeecc9bdf,200762
update,28,418,a1a466e3b89801d16d7129f59c1d043d8e2fce5389b8e08b56462768f2fed1e6,200762
update,28,419,636cd16f645db6c076bd2cf0bbb9aa4569992cfcf35f2a4737f8413563a46804,200762
update,28,420,9dea977ca0396347faf72b20db270dd19930722fc4acdcf176563705bb16a993,200762
update,28,421,db002eb092026c9e0b10befd81d93f1c3ddef135bca8f7adbb75f15241c8cce4,200762
update,28,422,69439868aff362a8fe7dacfad70ee4008cf86f4d35f8e0d3508f67145d966103,200762
update,28,423,9ba8765236d9c3944413a78f7ffbe822c1d0e251b348831d96c053242b87eca9,200762
update,28,424,020e45b02e6e47166954eb50b2c371d49a6d869dc755be3f7b13f8d5534b424c,200762
update,28,425,9ec390802eec491228fbffb2800a6cabfe05fac2fa91e35a7ba66c76aaeaced7,200762
update,28,426,13163a3af9667b9dca0ad89ec1fd058250717318ac061b04d72113480d89e6be,200762
update,28,427,18b23647d5b3522eb8dea4a7836ed1272cc853c35ae1b99f411ee10dd7d67cc7,200762
update,28,428,fb4375c57896933e4ca14781dddb3ca26f03a590b4f6c68dad1adfe41fe53efe,200762
update,28,429,b423f4af928ee76d653aa124817ca3f27811fe8bcb99e0eb01d01a59e34186ed,200762
update,28,430,b31b4c4fa8d3ed17e8e4bd538ed2be281836b4bfd5e0fdca4fa612bfe5daa9d7,200762
update,28,431,733a1f5e6fd1cbc7731db4f580e89ce1114119852731391b467404c67120809c,200762
update,28,432,2da194ed142456f3782e4fdeda4bfe700c64b29d26a172ba5d4ee958a051e248,200762
update,28,433,2f061d68296b08036de8b84438f35eaebd1664d37411cefb012cfdc326084742,200762
update,28,434,51ce217faf410e57c366134369ad911b99d0a5ab276bf8b4f1a04df45a61d8fe,200762
update,28,435,369be30bc54d48b8a86a5250bfeace5e9b21f29c8f86cfae8132a7d83eb486f8,200762
update,28,436,bc8003c4ff5364413ba8d9acc8506e77f43cb0db216c29c31c382db3b80a8a1a,200762
update,28,437,3990f519603af67397c45b120314813c7a22d164aedd8ca82b66c11af97e57da,200762
update,28,438,ca8e3351b92291698d7dac8bc7ac00ff8523212583408388fb1f7eba1c6dbe26,200762
update,28,439,4401abec6bc3f361400a8cbc587c49fc60c57ca1e385a1fa7d5195221f4d2842,200762
update,28,440,a022dadf34dad960def48b5b4e6c69ee5d6686cd33c9b6f97711b867e58454e6,200762
update,28,441,47dc3fa2da5dad2e6fa1df39c021b2c222423df5c730b6eaf5f68cd0c5023c43,200762
update,28,442,e097b96b4b1001bbb1876b22213e114e864098be498c720dcaae663c813ab187,200762
update,28,443,04ea3fac47dc4c22299dc2ce69eeaffa324dbfe42cc3fc51393a1a889a5f02b6,200762
update,28,444,67af2a136d6dd943e27ada40545df72c76a108f91b0e23efcc34f941a8f0adba,200762
update,28,445,631f0fee672fa5e7641a09995c4e375d2d15a06a5a61c91892b3ddde392f802d,200762
update,28,446,5dc9196567b759f6cb66ab528b3d9f7126f15fd4f7f6839d77c549ea5889ab56,200762
update,28,447,eed0fa032c7e91bd36970cf0e6de26ee40587faf8d54a0d74bbb1245481d219a,200762
update,28,448,c0a82da439f39db6ee64f196514b554da35a2fc5ca87543977ce190e43e6610b,200762
update,28,449,30f54a6fbba306c597615f9fdc52fe3d946ed1aa944abdfa68f214a365d4e99b,200762
update,28,450,e3b0aa2b429c2b1cade80990130f6afdde5668fca01a6253544ac9bd15e18d69,200762
update,28,451,062f9e658836fd3a4d133fc85f016ccc3c9d61c91f417bfdd838b6b06b7176e1,200762
update,28,452,ac0c8340b90dfaa9aae1c508abcd834be06cdbbfc61460b40e2332bb5817fa84,200762
update,28,453,37141f4a6f148278ed02fb3e006375db7dd7c5694ca4e1be7f6237f157a99a2a,200762
update,28,454,ca048cb9993138ca0fdf606fc3f9dd399d5678d9a780383cb1546fa0ab31c811,200762
update,28,455,2ebe9afd74df082039ac15e7e949f62fddfabb8fa080ff2cabea064aff68d85c,200762
update,28,456,de249dbc532559eed0101aa3bc0ffa4a2f3073c3d2da57d818f437046a2831eb,200762
update,28,457,744aa7601d13ae14097b7e4fc5b00a377fb5d0b1ccb9d99cf58526fd79bda3d1,200762
update,28,458,01aedcfb15a01b53a434efec985f3439c0073cceb858993bae4967233685b2d0,200762
update,28,459,583a952c50263751b452237ac68681cfc878792121f6ffa3afc82df4d8e18fde,200762
update,28,460,e9ff8f12fecf13ca9aef1eb07287792930d4f1b4e54255be8a58330f96866802,200762
update,28,461,4f8d8670e18b085a594bdc0c9641061066a7677252efb0fed2c1fa027202203e,200762
update,28,462,3ea583fb57836e4507a93f098c0d9168ab5abc22521851589b2a9fa685cf3baa,200762
update,28,463,491a485c5874559e3ad8ab6e99142eb77bd71a4e587cc765fb4ebd1b16ba182d,200762
update,28,464,41a2350569e173c15fe626020a4c215b43a41d7f17ee7c9280583e0d2ea5f998,200762
update,28,465,e7e7c555eced62efce8ab8bb7ed0ffe1fd4093bb9be06d278494337b8a91c8a5,200762
update,28,466,f2c49c00d420256a489314324001ded929aeed2482138f7d2a318daa7a4ef748,200762
update,28,467,6463dcfb515ec8c6aadd3a82f1efbfee216250b5f4d58388929dd32b7b4d73d2,200762
update,28,468,86650f257a2b0ccdd0c7757bf1946ead23e3856411dff586f2e4857925eb5665,200762
update,28,469,3afcf5c3b8de8b80a1b1a6e6c56687e5300934e2d349fd10d97716f83c80b3e6,200762
update,28,470,ebbc4403325cca7b8f5be6416f44e5c2bfe71fd4a82db215133fd8773ade882b,200762
update,28,471,9aaa820101c080923d14c2505a4e62286eae8bb86ee03f7627a84daac0ab4a85,200762
update,28,472,c125a4d184e308702ef56596e82cf6b39ccb20999bd813363dc0cad247e904c3,200762
update,28,473,b005c152d130563d1fefae065e8f6bf9e4062768c5a3ea4c7d7980a2480450d3,200762
update,28,474,b37c9c537ac8bf3411e7de00c94fcff362bbe4b5e5a58c9b45bd005d55f7f6f0,200762
update,28,475,c12bbe13d83260c0d5139b862aba8b6d71c1ed34c0f19c6c205fe34f39a6cf96,200762
update,28,476,f31ada36da6c39235dfa508d1f3a1a761492e3edc4044ea9138f10c3bd22fdf2,200762
update,28,477,c8d05c48b406a9553cc3d7223aaedf8509de88a42ca8645764678ac188daddf0,200762
update,28,478,e3038ae1a0007fa587c56a4c9c05e287c3c85c7bc2935b5ff63d6992e1256539,200762
update,28,479,ff9398cb97dd9b3c2bcd83169f2388a3ee346d09d3f37c452104f96c9b33f17a,200762
update,28,480,19bd990098665af1b6f595ea2dace39dd61e38dadf762a274e740dc9c22cb5f7,200762
update,28,481,8f6bb1afb5172ea0f377cfa9824d176813ffe5f9a82ffde1f9364e4b49c021f0,200762
update,28,482,493c7a905c915126dcd7dc0e18eba34febf2d7d793d32a1656dffba9e5484704,200762
update,28,483,47617bbfa74c8129828a2eb4e9f471673e86ec9bc02b904080e863be2636b54d,200762
update,28,484,8e021c5577531db59825fe68b8da2a0a8924f447a70b69131f9f088246178bce,200762
update,28,485,6fc252e6977ffdfa1071abb6f2da87134ce0a6ddbd1618247c17446809ee7c04,200762
update,28,486,b6bfbb50ed20c2369661c4faf04cbc3a9f7c79ced66c424b80350b881e8aaba4,200762
update,28,487,7ed9882740789a2b9761277ef57985e8738bbd13f790fbc09a270906561e9908,200762
update,28,488,4bde824741e031e9fc199593e06c927d36523092ea9d784f46a3eb853e5ae0c1,200762
update,28,489,2eee0f34266657925d28ea6e5b7b7134ec6079e240ffa863ef8ae630578c508f,200762
update,28,490,802737e599ec94956c536d532c61fca84493508580d02feccb8cf9c30d0c7873,200762
update,28,491,c6280ad871b8b0e2f4175584e09dd61ed984f5b8c95665562a78b7dc72d7f4d9,200762
update,28,492,12907d4e4c2a86651865d460ffc45b386f023a93c79ef2c9c6e4dbba7a2f507f,200762
update,28,493,ed1faf93bfd0e68410f48c0fe9cb9212a6952c0d2892954bd24fbe584e1c1181,200762
update,28,494,ef2cdd8d16899585dd5bcd4e3e81200123f433771b9fc3e63d9c007952cab0d5,200762
update,28,495,1166810dda23b967285ec955edf03b5c326ea080778a70c2ccea29b3a4859dea,200762
update,28,496,d19e1b631c965d43c69ae2ebbc84b3173e06a9dec920e6e6e760175f3c1691f1,200762
update,28,497,725837f5df34528f14440bbb848851ec02d4db8e734c6d8c77116a84940d2df1,200762
update,28,498,bf27d6dd2358dba604d83a7fd1a280366cbe1ba53690bb0d9ff8e4f272e08489,200762
update,28,499,798a9eb43c42c38e06a0307c964ada424fdcb9caaec76bc638b5f14958450039,200762
update,28,500,14f993d4ca192f0e42c586f84b333940b80cee29a6c9a66d688ee1e8d1bc305b,200762
update,28,501,31e000c1e80d6cca0ae943943a1c277a1f78101116e83767c96177729682eabf,200762
update,28,502,01d2a86693395234e8879804d589615a4fd154704862c299812a1a53a05fc184,200762
update,28,503,edcf3903e00775a2b28b96e3eefcb0c8b4f93979b980bdd0ec49f2769c61cab4,200762
update,28,504,1738c316d0131e49750c72cdeccb33e04c56fcca56bb33725c2d3b8451bf7d74,200762
update,28,505,fcc9a875db3bd5a722b21dab309c557dc7d8dd03f8144d1779b16baec487d904,200762
update,28,506,b15d52cdd6566020095fd2af251c427d1adfc656ab98fb3177603c901d07eef9,200762
update,28,507,1d66a8a16060fa24f59e4808db22ffd2ec71ee0a02e58a91c4bf8f16093da0e9,200762
update,28,508,afc0aa36a92cfa34f67f25ca6e900e78b8ff54f9172eccc938590743880d5f38,200762
update,28,509,6bc902bb40cb7f5c186f4e43e13b84929702338d9a942e1a06db566db813936d,200762
update,28,510,acc221723e09f686d5ecfb1435218fc2fc9ee3be27adb579ac720891fba658f0,200762
update,28,511,9411c531f280a88acedc3e82e1811d96d0435d45b269f390938eabd65fedebdb,200762
update,28,512,983dbd9c01f068d6d3eb564aed4de30d81a6a36df19df7482def4e9d6e8d78c3,200762
update,28,513,6603cc9fef94cfebe78e12fffa369c45b4390cd2a49d4247cf31fc7540650024,200762
update,28,514,d4ad3a81d718a79b6526785a7d7adb39101da39e7533a2bfa5a90f486858ba66,200762
update,28,515,280be69b3e1244a27dfa26795e046d1bb85eaafe7ab60d1b1c6fb189998a79a6,200762
update,28,516,9cd59eb70df022523efa2ac71338e885dad34f6fa0def6bd9a368dfbc99d2696,200762
update,28,517,a0eba73b99b26819cc822f2d54cb4863805126adbdbbf60849590c2676c3da0a,200762
update,28,518,ea1aad3ddc04571f882fd19d1170d1f03774ec4195833d662ed371e41104e3e3,200762
update,28,519,31a781c2fd96a98c5e1bdef1001b54aff2ebe1b97928f03f78f48f9a470c2386,200762
update,28,520,fbb165792a65de14dc101bd3108326a4673de2eaf07cbf2eb90794366b923597,200762
update,28,521,f99ba0f8a583309e8223cfd3269b977c39cc2d67300813d51152eb27c06310cf,200762
update,28,522,b92b6fd1a15f9557145118f19fb5fd41b8127b8fe026794392ecf403ff653381,200762
update,28,523,cc77e9b152ffd0f6c19d4b79ea0aad2abfe7094a19c2fd28cd7727fa5c5fff42,200762
update,28,524,378c7143f5e3ae719a46e5f18d1731ea140848b6214d23173bcc076dea8627c2,200762
update,28,525,4c1b2f5ab0d2f695e860ca62958aa3ec4dc2c74b3789210280572d960e77c6f6,200762
update,28,526,b5eaa0a4cfff0e9ac15cfdf88597ec0c0289d0e0f081ea9b26122ee6700584dd,200762
update,28,527,3a410d9822b3ced197be4197e695caab9451c92e3b18db4b8fcdffc666a39f89,200762
update,28,528,aaa84ef560e04b85b1c82042afbe0adc8d690d6fdd0c503b7293e0de6b12eb8b,200762
update,28,529,6ff086a73af7f4612e248243fad538e4d7d87986c5b18a385c28f34b661a6553,200762
update,28,530,790c2e6189bd24fd69181dcc4867a4abe70ca2394ac8f1c042b5487e5266d893,200762
update,28,531,58f6957f1293f9187164f0e110ecd7f3cc5934b3fee32119dd5294e5dfd1e0cc,200762
update,28,532,ff23f0864c56db141fa893d33af2956c930715e451781ca3dcdd36dcbc1d3afb,200762
update,28,533,9c7b88bcfb8af6d53e480b9a603c958693441444dede9e916b6e2f3cc24f1c65,200762
update,28,534,dd3ee6f98254bddad0da9148815275fe7d028994cd122ef847a0d8525beb0a0d,200762
update,28,535,3e015d9503214a2db2a86fcbd9820702014957ad6965d65d13fe5dd24df892b5,200762
update,28,536,7c357152b2a868d5f68bb5b6e92a04045c09411d674048d24ac763b9f516a442,200762
update,28,537,b51fa308c3b5c197b0571527d9b324b8bf7fd152c7898dcd665c1e8a44768824,200762
update,28,538,0d38e37bb3d01b3ae48558c76d246ba8a4b8af511ccc3b33d0db0a939a196fe2,200762
update,28,539,4575dac84cf602ceb2528c4242af1510d0ef7403660f42832075eb88cfa46a9b,200762
update,28,540,c9f236c7222163305deb04edfa04a4987e592d5cd6ce8fddd61e47b0bd3e049e,200762
update,28,541,6950f37cd32583c7bf1c583942f5c897bee1089528ca669f9bede5f5c03d5893,200762
update,28,542,dadcdb714fdea2b4ea466e81a7682cc36d50e6f4fc8b11f334c1e6afb3d3bd37,200762
update,28,543,2e897a3836764da037cc3548a3f9e27e8c4a07a33081ad97934a3948c8eb46de,200762
update,28,544,2c4863e1aebf9883e9e64259e3292b31fc98928ff5ada65407f9ec019ec311a1,200762
update,28,545,80b4aa873163a13dddd1179b17a55c5ff96203c4b1f4343cd3b3ffec14ef27a6,200762
update,28,546,bbd79e02f636764ef7ba7be110183d74127e41e4db9b1ba455b1e9f009231965,200762
update,28,547,deda7d1b06c781af25f2785f0f872cb4a2a4a4bf9bdc343c0eebd12c5b48f3ac,200762
update,28,548,973515ea35dd0357266e7eaaf47bd92b18df752ab7ae7db6f22d8af0e41c6726,200762
update,28,549,e46e2f25c55c21254d095238e89b4fd4f518db68e9feb2135c5847197571a2bd,200762
update,28,550,d0b13e5d935f0e5020145854a08992d747dbb015776cb996d403ecf49e298d52,200762
update,28,551,83372031823ba6b4fa75811393fd10003f80e2f7e87d4670fd83945b96d9100f,200762
update,28,552,87609fc78d54a535a26559914530e8b83aad6439370277564cef1ee23271306b,200762
update,28,553,65dcdb733396a991de4499c22f3c51c50042601607df6af88c5179544a81c925,200762
update,28,554,ca07c404fa237039ad8c547b8d6288d1ed4d3d4fb72b20a2c92143f467ceab89,200762
update,28,555,6d02a8bf1214de0dbe04942edb31de5c91401fcb0c3d38ee62a6fe9b779da4c5,200762
update,28,556,d947e86af7cbad412c716ee993aa11680a826780acbd213c9b5062eb1c474be2,200762
update,28,557,235eda1c4662e5608d907e47d5b2d402ca25ea0beb247fb4d37ec4567d6d56f8,200762
update,28,558,aed300d0443b5be3c45a8031f65b020840c452f0e3dae8ba96c83983d76dae2c,200762
update,28,559,d6f7cf53304fefc0efca2ea1bc3c3bc312a29f5d82326cc8f06fbd16fb670b8f,200762
update,28,560,bff787ff44e6b844c0fa3f189d5307c339e5d74d7f700b373ebb4c39c7445c1e,200762
update,28,561,bc699b5808df4c4166c90681b2a6693707fdd8d725c24a041c6b9a804ad118db,200762
update,28,562,05d72bef2bc03c94ffd0ea52043c709fa31648b4f1d8b74b951c4948157d696d,200762
update,28,563,4ebcf4f220035b7350742b94dcb79bdabab83f5cb3e114f2a3a45624a665eb5e,200762
update,28,564,545fd1627c57ed0111e2145d87515f4764c59ea21b4f64b0b1b7a5e3c5e00c01,200762
update,28,565,3aa03ae09d6c2c4b332b8cb55dbbba4c1bae35e6b7b2e67f30d0145ae09d3163,200762
update,28,566,a9b5aa67f7b9ec5d445bbcf167cdb97c800cd1e0412c6ef1c7254766cb849832,200762
update,28,567,f365217925a2260cb28d564fdbfd0aa443cc24f0959857de9edddbfbca814ebf,200762
update,28,568,98efbc55382abf0a6fc2995206a85794c28f7fd5a4941d03bdd903c2fc90c38d,200762
update,28,569,52da0867a3ae5648ab2151bc88e4d91ddb299b66b5fdf070e053e6cfb4cdc3cd,200762
update,28,570,a2d5e95967eb018fd28d929628707a4713ff4f036cecd8145f43b826912dd1a9,200762
update,28,571,0994405684e6e84f1ba9dde7eeee3de84d916de36d231f492ea715689fc51f00,200762
update,28,572,ed6a8c88653518779c481ab4a9d3f0e2ee2f1f2fbe559b74824c3c202a1a9bba,200762
update,28,573,01f602086c7a98a2a752d1047a0b849de163fb1134d72bdd4f035f6b71f1efd1,200762
update,28,574,09fac77f3054c44b07b9d59513c83d9916b1b2d4d8ab78af1ccb26a847040d0f,200762
update,28,575,39a7e223b9b6c02e2e905461c095e831270b87f221fa39c4451bd90c2c3ae304,200762
update,28,576,e0e9806635d10530729611f23e06d5fde885262ecbe7f124c2bd058596d0ebd8,200762
update,28,577,cdb07d86c1e0455c3c556d8d24099156114d30fb3bb05288d43592da4a9972b3,200762
update,28,578,9386d964aeed26face194d6b63d8e33840951e6d19146d7b6dd3c2364e4c3c93,200762
update,28,579,e97caf80266de3b6820c543eefbda8eafd5696c1c4590dbfbdc5d903985d3192,200762
update,28,580,798d4b4a064b11bf24b8c10d918c94510e914c9b4a28bc3bdc3cfd53f455096d,200762
update,28,581,e51bf6b135fc686ec10e394ccc501c878b8e5a4cf833af5b26138c3d81ffa481,200762
update,28,582,ce20811a65d471ea7814372f0df6f361891d892525d0e11879f66ba8d295bb95,200762
update,28,583,ca23dee6bba0ca9c6bd615672fb3099dccd0d7e6fa187a26a7a1e82b2c61bc30,200762
update,28,584,d501036c1d70c6987ef31246bc1fb89f1e9237104bd19815d5d6fa05bd8d7b1f,200762
update,28,585,651515d297ca63d1ff43505ad6c52b980225977320a06314a660491b53182904,200762
update,28,586,d4768113a22f2c211041db341f07c568694c69a5e9065b86560d512792274606,200762
update,28,587,abb58eef121402474ba568d25c3a09b305209c8283580faaa15aca944cf8a7ae,200762
update,28,588,146e489bac94755b44d5405490a74f3974a7d67ab1b961a07a97db2cd91b6b12,200762
update,28,589,2bacdf8f2551665dc73abbe199b0c374aa262a0246451e659035e3e2058afdf5,200762
update,28,590,b2b611e9a617f2c2dd903357fc0d00130d3cb68978e26a3933742734c1aa447f,200762
update,28,591,dcdef6c41f86643b25d114fee3f8f26ba4385bb55ed9fec482fee40f17073139,200762
update,28,592,96852f452a7902ab3c64d5f4c9b99bdb459cde9b0198d5468dfddea3940e95d2,200762
update,28,593,4116226a621afd94ae777a67ced7f3963d9aef2a3d6577eee75378a4ea5ecfd5,200762
update,28,594,4fc8892a61d6a5d5531dbb28b28c89e60774c9d53b29f15303a8cc257cf1ca77,200762
update,28,595,b39e4c2e91ad76ffd4c34dba4af7b704a18a88ae1fbca6e49569591c407b6ead,200762
update,28,596,8340e040a43d3d3861bf05d42f52789ac6ed82d61b6345ac18ea5d42138aa222,200762
update,28,597,857d08c1a1f0dbf754cff09d76c10271b87c134a82e7dd4ae74f548c0345c3b0,200762
update,28,598,20491f07787bfabd856bb8f4a5f793fa5debe25bad8490a7dd9db19aa85eea94,200762
update,28,599,2e72799ba3e05c3a83e3093ded2ef166ea382eacdf0afeb17387bc3da9be0bed,200762
update,28,600,711264ab51bf9eb8a4c121bfbab8e14a52e938802bf51bc787a0ca9dbd939cf0,200762
update,28,601,9ee90e3723d7ec5702600ab28b33b628617ff1744da7c2b87cf0efc395748681,200762
update,28,602,a79a39ec18bdf11ed7dde3b17a90974e807e6c78597e323ed733387ce4fe459b,200762
update,28,603,e6381252a921a88705b9bfd91f6c70b3b7088ddee55ca9855ede8086e75da4ff,200762
update,28,604,78a355f18a280b0b788518e9add7e9cf739255627ba702b5bcbed1434b22dd13,200762
update,28,605,d125bc9d9b1350346d45b9b803959655e9d4fe940b1e5eafda72a368116c1970,200762
update,28,606,8d733a665943fefcb2ecd8911da3f3654e9e5eaf33218cd9e7dba578524acd37,200762
update,28,607,6545414496bcd6fa519dec5370ad99eee6b26ac462af94e00462f1bd8e800a93,200762
update,28,608,6b072009742e38d4b9664785ffa40855ab416d677740b385168012d7c7571ff6,200762
update,28,609,3b5aa8aec20745d1509f711bce3a561699576ffd73315618b5d5d37bf251b120,200762
update,28,610,b8b18c89622ea639469e7534c7502615e141a101cc464d634fb2bcb3c751f848,200762
update,28,611,e56b5f614dc0be05197496dfd8d8d3f09c79a0d4f804826976d22c3fa9dceb81,200762
update,28,612,b592fed5ecbff55aee4b68d8c3bcad5bdba72f7993024597b4bd6f494ab0bf0f,200762
update,28,613,3d33f3fb5c8aef2c809141a706dd439f3d94cfda56360b704543c81ea8787584,200762
update,28,614,eb2f71947ba346af9d713cf62c686c1b513cdba90bd19228e1513734b766f664,200762
update,28,615,819f03d876305593fb2e9805892b765ea342bcca8d28bc31d64369e828b8a050,200762
update,28,616,7bc4e2612faafbe856645f2af459ca09a2f7af95223fd7eb3a555c1e678ea358,200762
update,28,617,5504bc8c3593e23cc03fe5e9e2011e00753bd2da0e8609f956efffc81e3df5db,200762
update,28,618,77399494771e4606e2d20cd26c5a898805b2674b27b79ae7e8a0300c22469b1a,200762
update,28,619,991f100f1fcb7ea16b048c733bcc4201e4fc9146120271fccb50c16893c29879,200762
update,28,620,d47ba140c758a3a28be2d2eeb7e4398e210c88029d362460ae734536ae0d35b7,200762
update,28,621,bc87bfde7cc2858f8d15d6b2d0e600e6786c10afcce513a845af5c4c3378cf8d,200762
update,28,622,0e5ddfdc19925ded4660178be66f4b9f28f5c2161fb05b8b965303ac459aef89,200762
update,28,623,d65aa53cdc3823dea863630fd711532a7c86f2e31cd4c4056dc43a96df3b8a34,200762
update,28,624,385e63431165cc16ff53e02089dc44364e504594343314e206286f9c1b9433dc,200762
update,28,625,4c2e7c4fa80c0a49a59c939d156d174f109163920d3c995a85b57330bcc3edfa,200762
update,28,626,12cfe78b38a78630c4c8ab4b1bf9f97eb83f3a91a3758bfcce114015e82e9e9d,200762
update,28,627,1bb9360227d9a1d7f3c4bdcc5e362fe2772713cf64cc7414c5b50e5265320f4e,200762
update,28,628,8eefbe7a91fbf06cf901d2ab2b6e695b7cd194ccf70aac8e8cf5ea5a35e31f7a,200762
update,28,629,62c06023859983249ee7b81224eafc569ee092e645c8bb08e5e0cfffafce5815,200762
update,28,630,5bb7528f168b00d3ea148f64d41da4eec3dae2fbadf4735bc05c630c18708ca6,200762
update,28,631,170ef3d86cb3685bbb9e09ad1030f0d566266fd4851c2e6fd8226e98df608615,200762
update,28,632,626300ab8e3088c47b30351928f814092d4af39efd08336b02e5b44fb4dc6dee,200762
update,28,633,6b27a1c355351514badd608b2fc1c67365c480560c710498213263499fee8e07,200762
update,28,634,4f83fec6d6b632740fc3772885f579ebbfe23499c813fa6da5f4e8a8ac1f348e,200762
update,28,635,f5df38eb4bd419f342876b19a054f770a6b9c02cd6b278cb26fa89c9bbfd9c56,200762
update,28,636,568643f90c3c88b8f984f2f15b50297a39cc89afd44f7c200ac94b3a3c34ca02,200762
update,28,637,7fcda11ba771848abada581b96ad32a7a71bb9d52f20d0c3a3d8012ef47817e5,200762
update,28,638,ddb9e07208b725f39474b2d11d124379187f51388b4751b9d79b1fb8bf7b19be,200762
update,28,639,ce295ecf0e25a362c5218d1314591c8260d3ae413609e2417a972f2d8b0865cc,200762
update,28,640,8cd73ea8cdf4c280d8895b0c8e6d50775d8bd661bad562951213e97e33b419f1,200762
update,28,641,ac30877e49f65c3f0ff7df0d0d671fb9057976aa6dd22be77a7da9c5640c57ca,200762
update,28,642,eabf5f2b29521c6a5d8a296fb3a4a8cc58970bbe97daa52b70e684e420ec3fe6,200762
update,28,643,24f7ad1091edcf433a219be438c720c460b2b305e0384cdbc3b87415f86868dc,200762
update,28,644,7535cf97e6b048bc841ca17ddde75bd4c03fc1a44d62ffea5f29cb1bac79bded,200762
update,28,645,fa2c8ffa3f5a3a425ed8ff225ae8a2536e94f1668dbb17e391c8f5af176eacbe,200762
update,28,646,d9e1324ce648933236d96ff410323f438c3980096ea06e380cdb59fa0e456fb5,200762
update,28,647,639e761a42b8908e2e43b38feffb1a5d559d5229bce8efdaab013413bcdd4b0f,200762
update,28,648,852da4ecbf49eefa38b6216f4bf62631df215a7e03bbba209c236900877a1f76,200762
update,28,649,c1d0a2c701e32d72b8ab0a46174601422e5f88e230cc493ac92ecd44c664360e,200762
update,28,650,0a8285c149caaaed681da9cbb91b2f7d339d81422770caedd12898cd5d744fee,200762
update,28,651,1baa0a8633e8262137d28fc29cd6d080924ff5462db87c04e4c0b8f86290f22d,200762
update,28,652,a85827ec7bc042a6dd35b113393b8fdc33ba150e8ff6d538a45d8c02e454e5d1,200762
update,28,653,bf401784451cc275bc61d86944e3c14d5670bbb133d8e0c726a668133ea55813,200762
update,28,654,69b75a79f68024ec60a23331f7363820ab657abcf3c383a34bdfbd64333369d5,200762
update,28,655,bd3d2728581576bf99400abb64da714e02f64a93c5f3dcea2a02d13ff8bea89f,200762
update,28,656,bdc99501358208902db8e340d306a31956f95b71f7a52668a7b76835e983d2c3,200762
update,28,657,b41d655ba2d2a7f24f8de01d6c90263bd1911e7fb36ca0b591d42da9356419dc,200762
update,28,658,42868ead2bf5237871911bc8a594a1287e3a55975a349826260227b2e60e2b07,200762
update,28,659,11a324709cb1bb95e3e191a9c75963b8b53b14474a62afe53fe8f825365e8d8c,200762
update,28,660,b37f6a126870cae68e7245d3723b7068769ffa5e8f250e05ab772edd96fbda7a,200762
update,28,661,65ca8bd92cacd75d4223f19d44469324435dd406cd3fc2049a0c051f82bca0dd,200762
update,28,662,0531af956b06ad5d1d3c58a62869a32b57aff5d599d2a11d4fee4374e658687d,200762
update,28,663,e025dbd280285a9177565489c505d5c4d57a5c612f5265197186b3c6f094a6bd,200762
update,28,664,d6dd3053bc6615e2c4789c921bb83c6d50b5a357c84398126e8fcb2cc1ec0fcf,200762
update,28,665,236bc3317fe2d70703b592a788dfe8721491e3a828c39dc6fcb28482f7d401af,200762
update,28,666,e51ae7714ea42f9309b32b86b13e81f5e81b6ac157cf17dbd9353c1300c03451,200762
update,28,667,0e0182e0fb72f67647dd11f35ac568049202ddb7921e564543175135c28ec182,200762
update,28,668,445880ed799af257844f734a0386415aed7c34c469e926800c2d052f77238b21,200762
update,28,669,fe212cc3d0b5630200203db685029078e6f6314c5c19ef2f4f3c7c41b86cb087,200762
update,28,670,25b77f62391b9dead2c93269ec055c359bbc5db2949076c167f681857a0d4891,200762
update,28,671,779db5d4e0b6f5cc12e6cef5c484b2fbab274dd4e0d683a0c000e66ba8fd0d85,200762
update,28,672,a9081b1820ed1303b77818d69879a548d9c025a62224c55c9c7e9f9315d307ff,200762
update,28,673,daa30a9cd2c047c6d7e07102d428493ed9bb19e937d387d6cd4b340213a39d06,200762
update,28,674,cfacd7a5db3934755566bd523dc8b47e28e46ddc6876aa78d42dd2cc8138ba09,200762
update,28,675,f83bdb136801a168c8d60d67da3c14e303e7f06243821fc1e3668a0ddf3310f4,200762
update,28,676,741e56aa2eaeb987f7774a0ab9199c88128f6110b8b95d079f841c3722cb0a10,200762
update,28,677,8a7d0ffe98f0c4872dd22d82e6addbbc239b4ee1a448360b01080e77d3619d53,200762
update,28,678,817895901a7efb087b1ce6a83f9532e4d7503638c4cc49fb6b430af5dec7a70a,200762
update,28,679,7dce125dd17df6170f3ac8a625e525e24ee9e9f3dd28663b23d367ae00f3c73e,200762
update,28,680,22bd623a42958973d7249a0ac42061460021a1be1bcc8d072e4cd55ede79cc01,200762
update,28,681,3d4e299a648c2c66c29aa29b4e5770c6cfbb0c1306b10be0388dafe16f8627ed,200762
update,28,682,6a99d0c106d79e21a3e38e5d9c823ed141e4a289f9fb5b577109bdaf2099708d,200762
update,28,683,96f401de35700e1b640c93af15af6dadd363e9833c7413c443ea40c9e79cfea9,200762
update,28,684,03e0e9a03932887067313eb54f33729dd11d46be87d4461795206ea237a4c582,200762
update,28,685,5e93f8ea35817250481c8a9884e916998bd4a59f5bae24d354f485c9df411621,200762
update,28,686,ed60c9adcd934ccfde5931ec9ed1578369a282b795e41f8f8cb067b79e3f8ad3,200762
update,28,687,0a62fab0dd81f1c0627438869ec3f9342377d24ac6ef165d0ef97093b7964571,200762
update,28,688,304a67d135a7ebafa69278336607542066da306e1ef6e32fe020b26aadda1031,200762
update,28,689,caf0ae6b71c1606c8dd9d6c636c7c29917b5311f09d40b0e35c0c6cdfa5aa36c,200762
update,28,690,bebbaeb4c4436689b58964644bf1c382dbd91869e82c6b7be398f299db1a62dd,200762
update,28,691,5c7097b0d5b2e835324aad8593fbe3e3c1c53ddc23dad0892d073062ecb17070,200762
update,28,692,1e638c6c0efcb67c5d0a7a8000eb800e16dea183b284db12e41d878d16657f1d,200762
update,28,693,a9d1441040369e21cbbefbfa5a6562d6de6049839a50d52d23c2b324c3a3b9af,200762
update,28,694,c1ad4557af5ab297581a034baf19c419e0add2caae845241378b4b4d39837ba7,200762
update,28,695,4df7eb410a6359e0628ac90d30a47d61899a6e7a420f9e855de2a176c9b748d9,200762
update,28,696,9001e949d615bd1ff489d6b7550cba60eb74ce186ee8314acdff7933317534f5,200762
update,28,697,9aa94ccd6ffaed36bcae08468c1f726b4ec1bc492b2b0bfaca8ac876039b4da6,200762
update,28,698,4dc63fa4c47e9d02a4876d0310fa6db0c226c2f237d5902ad0781d95c3b2308d,200762
update,28,699,10fb403f56a52cfe84259679c471227b2b1957b747434d75fa0e4c40e8492592,200762
update,28,700,e3ad085d113e27ddf0d5ec0c498868ad7057d4064784ec974179541c4db0d317,200762
update,28,701,c31bd768085656a20eb12ae4480eaa52a269db36a1f56c3059a3d5ab9bcfab1d,200762
update,28,702,e034b81d0e8e131caef23248303b33f899848b231c43b90a16e1b8513702cb96,200762
update,28,703,85460a3a7b349e1e92daf7d37af3bb25b1133ed66e5b7f00943bdee583be06c2,200762
update,28,704,3afdc3ba0a3bb90b47d97985b58e1a1300e88ad7cd8c599b4ed03ffe75719e58,200762
update,28,705,a34f3babd337799ee3204b15e943c079173294d37c31f419e112fd8bf39a8794,200762
update,28,706,76dd74fbb5b442854dc0bffd6cebd5ab1c421c24aa4937adc032fd084534e2ec,200762
update,28,707,707574d7d824af6923dcfa63212dde6e96eaef30c263df8b55772354cab6b0f3,200762
update,28,708,3a8a8b4864e3952943d180d35ec06a65eec269f4c3a3822037baf1aa15447685,200762
update,28,709,8b7f417a634696e861446b6f6820fe7b39f0779c8bc6aab4d1a0f78dbcea2277,200762
update,28,710,ff7d190d03eecd33b6054af68dfd0a5fccace682168874df8db27a81b11ac697,200762
update,28,711,d0e0c59f16f3484ad4c4aa11ced2cc094d8dab42ae8ca40e076b6ebc04ab4351,200762
update,28,712,cbd0444e70a1847d1851ce4b441746662b7c6df950df49dcb22621daa2528a2c,200762
update,28,713,9aa5446dcfb3990a325f40848a3a072769c435e8fac0bf413ca60377780ea2a9,200762
update,28,714,ea9c343df6006aa82e7c45d92e4363ce75553e714e96e8980eff09fb921f9f71,200762
update,28,715,e5ffdf4a8b6cfcd8c79cf49df00d45cfc4d05c495daec859c409cfbcd710d790,200762
update,28,716,6e4d0de0b4f1040c4aa044aa7e9c23fbbf449c85a67899a9a99df03401de0d9a,200762
update,28,717,de5f0df60a0d922a8fffaa2ed7d3fdc37220f2a4d49eca5a7e1d06345a23c82e,200762
update,28,718,c77193f20be87f35943eb0f04646f04f77e4eb809778bfa35e380a58a1b751cb,200762
update,28,719,7723711b4c72736718a154d591589c3355b07eacf27255775e435ccc007d01f8,200762
update,28,720,44781c44f4db263d01e1972f840dd4970e55549a666072583f28a96340825404,200762
update,28,721,d318fdc758c756c9bc583b0a82f807255af7df93e0c0440a041f2597e53280e9,200762
update,28,722,d6b74b7d096ac4a582b6b57b9ba829a5f69e9c6902f0f26515454aacb414aeec,200762
update,28,723,0a69ed63b7759ba92fd353afc367e9572a39951147df12e114cd13e168efcaa6,200762
update,28,724,aff036113f2c6919c3161f1ed5cbb9ef406d1041857753a55946756949e2257c,200762
update,28,725,32dc17a44690c14b464cbb6f7884b76723416990a7dd37065bd082f3ddef58ee,200762
update,28,726,76b2ad07a73eefe851a667ad8191651dfd38ea6b320847bb5783cc9f97469b71,200762
update,28,727,df3144ed28ada7303ff147400b54bdd059e3e5325a43359caa6e74ea110416ca,200762
update,28,728,793d35093ba44269c4dabb2a1c9c9e2178ccdb78c6989c5c10b0d4d69896a512,200762
update,28,729,3b2d33bfa2205c9dd6265d35f49b6541ec622fc1281fe1086865c8bfd2669333,200762
update,28,730,c00047944559ffa38d8e09c181c20f90278acdf48b101b4a8dc1c77c26737dae,200762
update,28,731,2accd74939722169b7865ac2f5f0aaa0bae733bbe95f1fffe8232cb8a903f748,200762
update,28,732,317f710968b92f857e27c4e621a1cd5908d1fbe8935f61070e0ab4060836ec2b,200762
update,28,733,bb12accb3c2d24122439f5fd51236fc986a088af8558e681cc87067476005612,200762
update,28,734,6f730c9d4f48d56a179a04d2e5dd2872d422bf8e20211ecc5c3ed85cb65e481d,200762
update,28,735,7fb8627101e387b8085cd9550778b5266727a756b738c49a99539d76e6979344,200762
update,28,736,0c0f773b4e53430e4f0c84a5cb61388d42a41d1b795fa596c02a9cc2e1a47b6b,200762
update,28,737,6428390efc08b3709ddb8bccf934dafb20b75e4d438e96f1b093a6dc7cf2f412,200762
update,28,738,9a2f5c00ea4a82ffc5cdf62e742e7772fca8083eec308ef94e9cf65a80d07347,200762
update,28,739,ded9ee98cec7e07b57c8e22a40b24f57c563838d6ab88c1df0ad830a280653bc,200762
update,28,740,c6524defd535cf7c3fcf4c6c6226b2d4f86d0bfa4b30d68e0403b403865183cf,200762
update,28,741,61c8bc4c5a75ca6d4ddf366002244a5045c3ad76b31fd7304db8f5a4f4e9ac61,200762
update,28,742,bfc60a700efd5c3a51f68ac2f67f4259302a05e4fa9dfebc24f4f8ed636a91dd,200762
update,28,743,761b1e510784496ed190eae3389188f7f4d1f3735ce1a46b0dc72864fe726563,200762
update,28,744,66aecc3fbdd514a505526abbe67bda87e034762c1907b7949e384f1cf1b1a0dd,200762
update,28,745,d487e0c296d0f943b64d517344fb12f92e71a64c843e95c677e9e534045ac7c5,200762
update,28,746,fa454bbe2e4bdd2e79ebf685698484ab11b43c6310331b77fa973475af0548b8,200762
update,28,747,47a4c8200abf80d3cf1e2d8cfb6ed5f21eb44c9e423a955f9a45f450f4ca413d,200762
update,28,748,42630fbaeb11aad8b0b09505bdaefdeedb98de04d5c5f064eb92e7c637ac2ad2,200762
update,28,749,d8594d9aca3cd343505d472c2e3197076956e1736d0d99c8f78ea1ae265629d8,200762
update,28,750,4d271fc5c7e5bd64e0725e94b40df8e6c63c0fe73837d6d345ae09c986d6df20,200762
update,28,751,c039cc4d46712f5015fb02d4051cbeec987fd8d76ed6a515688ffc51e21914cf,200762
update,28,752,6b287c00043d9448bb8f6279e77980bdfa26e672ba034c5f80a63dde4be42b30,200762
update,28,753,34ecb3f900a6018e2fd74e2d5089f8b23bc555419f775babfeacab77ac08f0d7,200762
update,28,754,3f9338250ce31b5a083525b12c3af41588ce2003d333a2c0bcf618d1dcd7c0b5,200762
update,28,755,549259754529fb309cb1b9d2860017540de01cc0af0e4afdcbcb60050c6e518f,200762
update,28,756,fa8268eb6e35ae6bf8494d678af81966d9112819d3dcc8d9af970c23480f603e,200762
update,28,757,f4d1f93945d3f24c784e277b4522c4fbf036ae1e1b5fc0558af99656dda44039,200762
update,28,758,a9f926712153e21ab67083422770b34ab5adbddfed5937033b9a35bace2cbd0c,200762
update,28,759,b1bb34b0c98ee29deb3e0b8178caa2e525890e343a60b1a57cfed0be6644a6fb,200762
update,28,760,d2420d50613a6d4c6cda56c428115110cb4b36d4dde96460a198864706ebde35,200762
update,28,761,f50f3abf7e4a97265a3101e8e0e6921f0aa0a2b6ac7ce91d3bd37e88351ed370,200762
update,28,762,505d801483a81c21f9bd261bbd3ef8cafc5cebd3de51d149dfcc941665388be2,200762
update,28,763,84665d3a94ad08f1365db978d617483f73ddbac35b0fbb8b809dc0f652ec3d81,200762
update,28,764,ff2b09cf7c43e9451f7848e8be7185400ff639ca0fbaf3725a62316a0d700c0b,200762
update,28,765,90fbb6918b8da4d6996efdf2f162d4820613b25561b7ba92867ab9e9a0ad7c43,200762
update,28,766,6dc630df7e69fca6a5e2862cc6ae98aa567095a55ed92b878705987924b6e3f0,200762
update,28,767,428908d9f6d617faf1d20c6f2c9691ae3f7bcb9c5a5a640d1be00024074da00b,200762
membership,32,0,9f834f04792092d31749eae9c0f7af46b4de6c80e7c6694cc4d00eea03eb5791,182132
membership,32,1,a93d8ce262f9802ed414d09f89e8a32d03f0f9fb656aacda5b340708b9374c57,182132
membership,32,2,43c98959061ff4e95913a1c1342db25ee41d9d6f375bb39521e2449dd45e2a82,182132
membership,32,3,c3f8ea0c07d119ed2ce397c2b16518b30a1247c9e78d23c0cbd9a0ce64046ceb,182132
membership,32,4,8a3fd555505d99e4d696c1f5dbbb5ddfc4ed1cb034a774511e9596f99c328135,182132
membership,32,5,635fdf8202c9dc3252613b7d42fa085a0c9172bc1e3359380fcf015adaf8d59e,182132
membership,32,6,9b4d0850f8cdcff79e6c2e86cfb07e800ac8f04dd0357ed4c2da29df6c06c5b6,182132
membership,32,7,c9be84b86e15a7348bcf02126cd6702f9ccd596be519001f3475e2fc621489ac,182132
membership,32,8,f0579e003d367c0648bec4d28667a29a381f535c1631473ab03c08639c26364d,182132
membership,32,9,0eb68e65ae46420125c3b2292f202a500ec574691eac604ab9970dfa2cf61b78,182132
membership,32,10,8bd293c3a2b5658dcbb7ebf66ef9b9cb0f96b0e0373958ed014a442500c5d0e4,182132
membership,32,11,baf84dc66c343027bb67aaa60e84ee83e2c70ab9971f808706a9c3cdbe5ab8e0,182132
membership,32,12,2dda38a2c30a90cd8b092d0f0fb65e5b5959c4bc25935f8ed5368cdfa9bbd910,182132
membership,32,13,a1e78b529f912eb092f0f5ee4ffc24c3546e9ef2240f0da4def83ed41cdea9ec,182132
membership,32,14,59555df94849bc2dc0dbc18b83cb852163cbf4e5beadab572d224bd5222f2508,182132
membership,32,15,bdbfba8b2e532c6ed9d6a8ffa3b1b25342412d11c8882443e32273a123096314,182132
membership,32,16,c9f8d2d95c8351b9d288c51c01f915d4eace48cc49301a12b4184dd924b9495f,182132
membership,32,17,11facc0880b0f04310a97f77063ea595c055623dfc89ad6956d278c0e81eec40,182132
membership,32,18,3665662394b65b0e8064e4bf685f84c6894a9149505561c5b3b1bba349b5b6b4,182132
membership,32,19,f4a7b3544a5c5ce75a706e3a62158f71529f8e77eba20db3274fa72f63943e02,182132
membership,32,20,f4639114d757d1e4df51447de05a8abd003a0050b9a30e08ac88bc75bf6cb664,182132
membership,32,21,1618076c46c6afd9f9e4243b6cb5b485d4c438205bb90fe1ce5872c02ae9ad1f,182132
membership,32,22,dc8a4753ae0902c632fe848bac0ac6b670d10dd134a2e4cfd53680fb7719fbd9,182132
membership,32,23,e4fb239248b7c65e1e753d469c956ba876a8d4b1a266bbd572de19c968140fc7,182132
membership,32,24,258be7c44767191f42e9baa343740ff38220647365c30bd4ab55fbe8c02dbf57,182132
membership,32,25,1e85bde84f106495ad29fd9e6b67d220cc5981f1649ef9162027daa68694e9a1,182132
membership,32,26,55464369e4dd408dffb42669f86bd589d28859c27bb5dd913ef6db631ae03775,182132
membership,32,27,0aa3d82c1cf3f520260fbd8d0aad7b47621b5fcef951503f39f6e2a82db4167e,182132
membership,32,28,01139cd0983e4d2a39522b9c8f943c6c0c73b2d89638274c00222f66f28843b0,182132
membership,32,29,3d89106012e0e16f7035a45c373204cc7d15ecd75e2b6b3fab0978e49e5ec58f,182132
membership,32,30,9419c5afaab2ed2be558d3926687d5c9431768c6e7d51b923fcf8764a9f6fa15,182132
membership,32,31,e68b0970b8523daacfb0fb73900cd4c0f8af2148cd9336056cff6c26d419fd5a,182132
membership,32,32,5f8c4aaf8159e69041c801184b7bafd1b74a65df971b6935c336b85a118fe29a,182132
membership,32,33,7678a6e64aa03cc95778209cfae3db72bccc526f48bf3996bd705faad01ef2e5,182132
membership,32,34,943f324270e08c670d27686fad9c9d5e3aeda8865ad7e65d3e590d68c5bc98e2,182132
membership,32,35,1efc69b03b1cf260ec6ffb55fd9f35a213181fdaae4ab3921396221a1073817d,182132
membership,32,36,6936aa875bcba45b8aaccf8722e37c92b06a7d88fefe8dfd933c2fc92406fd95,182132
membership,32,37,5764d58fb5e2ece3bbcab010b807d5c2de6927eb10d05d19ac010c4374a0ab04,182132
membership,32,38,b67f29629e1408a2b041d748e2eddc794d07ae0592343be0155dfc7a85cda61b,182132
membership,32,39,c9a0e8f05710b4a70aa951a1b202365d9f66f441a9b8b4d2d63c500a23cc2c08,182132
membership,32,40,b757e9b0a672e0610e952b2473989f6cf76fa98af4b9aa160bfb8a4060b7f74d,182132
membership,32,41,c9ee1dbe9b5123d6c281dea2f2610619bf44b85c414e27ff4b33284ce1b5b1b3,182132
membership,32,42,c64fef76952b4c52626993686826f6b0b918365430cd527fa88848ca460b4164,182132
membership,32,43,accad3bdefb267a87785ba5aead0224064a4a229987293eab828bef125aeaef7,182132
membership,32,44,34fd9e65ebdea26c4c52d8d1d3b49ff73872c85b976f9b6be02ecdcf4818033c,182132
membership,32,45,593ab5e2bac80ca44ba102703ad8db63f6309516fcd62cfd71616ee1f661a2da,182132
membership,32,46,d3450e14ec57bfcbc5d68d68a032a75d6dce9c931a442e922322586963b23caa,182132
membership,32,47,2be97c39adf32fef0d8e8668bf12a9e091c8ca927608e1bdf599737b70a77ddd,182132
membership,32,48,9d68537574e2cd2726d4d9cec5c35bd25a59e4b58e4197913a2e5f016620835f,182132
membership,32,49,bd2490c95a6d9081d98c370ac43163876c28b24cbb9c7fc599b1286d05368c18,182132
membership,32,50,11667869cdfda58229c78911efb77183f2621a826806030fe27c2c9a7df088ff,182132
membership,32,51,2a91cee18450e1e18a2355c8942efdf969bcc8a665fab32642accad88042bd42,182132
membership,32,52,826e2cd520f1d9239778a24bacb02d4605cd2deb6e92912c4d526b04ba2149d9,182132
membership,32,53,f5d9ef97dab8c5914ccb951c2d96f79a9ae8808982ab19e871a7db1ed9ed30f5,182132
membership,32,54,c7268cacdd097cf16568b7422af4c092998d544718eb67ca98aadebaf5d93851,182132
membership,32,55,58302b9bee0b20b2c14810b646d4ee9499fef1c7823767897f88f484e3a716fd,182132
membership,32,56,bfcb1057dbc6ad62cb9aa1908bc0cd0f37a93d534688296b736d61c02b46e651,182132
membership,32,57,ac77ec759b56a277c2ba209f5357fde41731a0951bc4cf0b7971dbfa11ec6985,182132
membership,32,58,b1cc9ef9ea60a8e87c8803f6516b77b2624acd343fa1bab44bd23b0176d7cd79,182132
membership,32,59,4ff7cdef047834e9dd422f068b77b8bbcd05ff02c795d7e79e2b46ba422c1951,182132
membership,32,60,3360c1315820143dcf1ce6ac89b9616d2dfec7a3af0a3f254684b70b9a021a68,182132
membership,32,61,5a0da040d03e448e5d3e2a20345236419741fec3824f9110a7207e03b62ab6b6,182132
membership,32,62,1f4e09ecdeea6fbc46b4d5f334eced310dc9315828e20f32c45298c7a4bc96f5,182132
membership,32,63,2ee719403cbc81ee260b0b06996632a3a3fe32a452d2edb2fe920385fad109c7,182132
membership,32,64,a1462c4b342b52f783c601cea86118194582fa6fbf3f95fe7d31a8b198d06535,182132
membership,32,65,c700010f44bef7925bdf2e8e8fb2b63a3fd742f4256a02ce840d2038b465b53d,182132
membership,32,66,b1d23afe9ec2344ac49a6f15741f8addf3d2d82dffd6be9614bf04de64cb3d37,182132
membership,32,67,f7aee5db084ad04e293d8b9d8d7e2f04771d091bb41c58193a6af400e8740da1,182132
membership,32,68,ac6db28cf13b2d4d20df484ed4b2b88e31cfa024e33a3fa4ca497595cdbc06d3,182132
membership,32,69,e8bef5f86e03a51c0de803b3912fd8223c51f84e96876014d323e6e2ab3c4c88,182132
membership,32,70,12d6ba3943adb8e14a35de30ee21a0c72dd932098c8da7ca6e82dad161ef24ec,182132
membership,32,71,1f29418bc49a344c4ec76fb1e649b97bd4762054a07f7f7f76c3e44adcc41be7,182132
membership,32,72,f422c45e868cfc8e6e7bc1e6eaa62c0444b00307624dc636d75363864920acec,182132
membership,32,73,361366e113c2dca326f849bc0cb0abca1652123f97e057e3bfd0c008587b0cb8,182132
membership,32,74,82d8da66ab131507bade1fbc928428e8b3c52a5dfee67e6a58fc34d38f2c82ae,182132
membership,32,75,19076eadcdb6ab9eeeecbdccf202d1aed0ccfd8daec168f0b536f8613bd39847,182132
membership,32,76,59704c6d9e1f42a61508ddaa9d0d75c20bc5f87b08be1a8c3a23af93dc59213d,182132
membership,32,77,270a8f763ae387d3989905f7e257b38120ee42cc2a81670a6fa6d1dfa2020702,182132
membership,32,78,4c9dc81795542e1cc06985a692cc708347e0ea49546586fb701855e48e3a1bcf,182132
membership,32,79,46083da5464cba8d12ba4b1ccb55cbc4cc190da8ef302b7c2c4901729a7ed470,182132
membership,32,80,7e8bda91cce440dc0e566c893b3715b43809bf63689976097e7f0b047152c025,182132
membership,32,81,ee67e4ff193ada69a115c9309c653e5c42de7bf0122a11abd1a98a974406d0bd,182132
membership,32,82,704955939bdbd42a2a596c37f4f3a9085634ebfe45d412274fb2fe6e33bc68c5,182132
membership,32,83,386d5f28da34dc3e7fb7f7b8d2fcfb8c977f0176852e0a86c358259f3ae7c7bd,182132
membership,32,84,20852b3be3f5c9fea685fd77f8f8edd4482d26fb575a769f83499592efd3b517,182132
membership,32,85,208275b85f8dc12fab976f5846497a3f3bb879e4519cb7abc8c25d04fd2afb5f,182132
membership,32,86,16676c3a05b37c6c1373daf72c6f4f8aaf207a585c3b3fd07d360ab294636865,182132
membership,32,87,944f1a7dd05e9fc50c0c6d41fbff3c246bcad4f743dd701a791dab12f3418975,182132
membership,32,88,1f575a584fa2abe45756aacd74b5bd4aa5a2609a0e0c1e42c0cd4fb72481114d,182132
membership,32,89,30ca83f4fa67efb0bf7baa681bb512d0f255e14aabbdd55b1297b9913de3ca60,182132
membership,32,90,a8ff839060ed98739a5d9c92c17d83c64602aad2f26fd5931ce0c2839a92ea5c,182132
membership,32,91,56a7525073ae0e12e8a6c7280ea7a91d06d7dc21790c0d41561d97c7e4a33d26,182132
membership,32,92,05ed1b7783292ecf90a087d3306c781db2ba2213ab6aee50f5dfc80172ebc9ac,182132
membership,32,93,a9372f8a4868f87dbc9e342bd04cf914a8c9c3ef7190c743b0bad1d7ce4e539d,182132
membership,32,94,507875900052ec394da696df343880edfe233e8dd1a0fc6e63cc3e7d1fbb3245,182132
membership,32,95,907de3e5022050f3a155b9983229018e7fca2e27519adf36abf85e32c45f8a39,182132
membership,32,96,35c734720736eb33707c5db98bd74d76fc2bd4810c571b155a6b890c94e41ad2,182132
membership,32,97,feaf2c9d396e2cdd6357acef52470b89aef53394c6d5abbb92629c10d5f38281,182132
membership,32,98,977de9e906129352f84a4699046b15337ba641216634dc8512961ee435f3cdaa,182132
membership,32,99,f9f9452db691247f6a6bed38c3cc8d77dc27554499f08195c0ba1b1a624a36f2,182132
membership,32,100,abfbb10017bc2dabebf450919af56f60011c00abc3f52c961328561899801de5,182132
membership,32,101,2932708c8233abf66f548580065a5164840abb5fa395ee190124b36e71ba172c,182132
membership,32,102,8e5985b38073dfa655cdee082637b0083dcd295d801d5594525335b99bf4be81,182132
membership,32,103,f841b79e1c1e03d09c2036db9617ebc8df71060707cee242c1cc3d2c287c8f75,182132
membership,32,104,7804610c5107cd271c892531a4f35810215a2ad5544eaf0562902c0693f89f36,182132
membership,32,105,f219c8adb5c6cba87506ff056a447f82e644e0e2c2c600622c59d554dae654f0,182132
membership,32,106,1a56d906bbd20ae2cc0ec2e7a680cca88e4322485093b9bd78c6c988b28902d5,182132
membership,32,107,0acd5473074ac3bf630d8584d03edba1c17f10eb4b8e2021f40b85abd66c2124,182132
membership,32,108,f94a6210dc59dc0d3599b7253377f0def50a138c3351fdeda77eeeaccd1e678d,182132
membership,32,109,7bb6932197374321eb8892c25bd8e5c263af40810454977c055f0b5333a167ea,182132
membership,32,110,aac6946986ed4847f1a255405a71bb7941fac757fbf807e318765e7a7a2ad0a2,182132
membership,32,111,0e7e89562bb42a9c7595b57d1fb45af1aef7cf7c4179d629919e19e28391c119,182132
membership,32,112,58c659a449c84ad288c4681d5870a14441741d4ed11235b5d76b609ae42c94b5,182132
membership,32,113,e288b07e98a4297be3c27a695d76163fbf5415caccf7d584b5391b7fe7b99109,182132
membership,32,114,f2caae4055b7180107443f3c41cb8d4bc769875faa9c13f42769a07607a53b97,182132
membership,32,115,a024d35a01ac87123789e722355c7695103c6c83e47d00293ec16839f6a54053,182132
membership,32,116,7ed0285555220b256631fb36ca99cffa078836ec63c8e3cd8499a29311e8f4b6,182132
membership,32,117,dcd18ef3812f257af421fefdc782328de8515e1fb85fd8b2cd936624ee83ecb1,182132
membership,32,118,19d740aadeb748c094d13841b2277141ba76e8962f1fe369e87dcea576931963,182132
membership,32,119,463fdfb7d507d2ddf8d38641a23b386cdc86a4f6bae92271e12f43f9181259e2,182132
membership,32,120,5d89837ec8f7a2d71aa522e1bb02f8be2e8ffae5a29f195208a5fa914812f9c4,182132
membership,32,121,85288a3b31aaa85355744700077920107de383330a07c7ad39e0481d78d075c0,182132
membership,32,122,89ac016f32ae5a1d80311f6fab209472afc410d17eefc348652f986d73a8a359,182132
membership,32,123,6db95d7d65e3e2701f44c1685e97bf93f56f250576bf671d5312643acc20d70e,182132
membership,32,124,e55623bf3425c9526805334211e537dd37325b1b911c5dee57817169a021395e,182132
membership,32,125,bc4207352e1129ca42666c35911e48b7639162b550747ea135a48d3b81b94b09,182132
membership,32,126,5b59cb862494fd2b3b72b26fc4512cbedbf0f912c1930c122f24da230e28207e,182132
membership,32,127,f10a0a3dd89edf400d5f826e884b043420d4a33278ce5b364684aa1e972abddc,182132
membership,32,128,7b093f79c75d7d28be20b5314f2cd3e878178a8402cc3ad95f1b3c4a69cd530b,182132
membership,32,129,c12ac130a05e32145ff010c0334f5eda6125d41029575226c66ca78e1890b07f,182132
membership,32,130,bab627edc933c418bbead38f2dabaa19aa0530fd10d736570f21be656cf51ee7,182132
membership,32,131,ff7b16ebe5cccbe3718c5202f73bf1785c99510776775dd837fab1e0317be93f,182132
membership,32,132,bd471c9e06ad8909c1e9f928dc766fb629d90a8beef3d4bd6d375060b74e6360,182132
membership,32,133,b534c5167a04162dd67a0cae62c063d217aa84b2eb0b5c751d3b714a51b1cd20,182132
membership,32,134,f3def6eb3199f9948ed9faf5704a6b26f90c9b560fff468c5a275727e170c3c8,182132
membership,32,135,d729c09e313232e7bd2d3acf6c098dc5e6cc81a6ad281c27c35679f54ee73b8a,182132
membership,32,136,ef4e95d95bc3fc2e7987b6f9e9fba6ccbfbd8427bc78ad1cec76e27b44c5e3f5,182132
membership,32,137,77c4a1e9c8cccd2d024a6cceaa8e7584549b82055cd4eb9405f9e3cb4b5e5bc4,182132
membership,32,138,feb647ca18f38119876cb45d1af2293f3abef0030edb769a9d3a241f1e9b8750,182132
membership,32,139,31214b7c3b4f1a68db2ab7a9d97bfc6cbae73446565c42e5b69de5300a06c079,182132
membership,32,140,a0a2898523583038ecbe5004192f458463ddcf473e43eae49ba42589ed0f4be4,182132
membership,32,141,56a1c11202f438f87203f483c28f28c9b050d5420e80f37bce6ba13ae354785c,182132
membership,32,142,fbfc7e5114037ee4787aa0118ea4d3339ac45b90782c15da6f67839c1d354682,182132
membership,32,143,85af86584841d9b8c3db26d3c4658d9e62507a5cf37bb30cf579578458c39c5b,182132
membership,32,144,96f030c978509cf26f78132319ded4d5f303e65cb305d1d8464187acd18b5df3,182132
membership,32,145,684c924c5146428465eb37889b3641aea37a7ddb54a4402eae95ded41f6d86b8,182132
membership,32,146,e274014745223acce82efcfdc9d6f24e43c4da45dc4684ba871b2c58f9e9eb1d,182132
membership,32,147,cf299cada5f23867e9b63e7b487501a67b820e05a4cb2e36236514a3dca52cc8,182132
membership,32,148,8c8b3d9b90a357cc9fdd0b66c226ea4cb4f5e24eb36889ba0ca81164684f7f6f,182132
membership,32,149,4b7dc09da7d23720b7c68f2736eb1066a8338a93c170b1dcf6e19e1d8f7cbc3f,182132
membership,32,150,e5202a274928de21b44a73f2846b4e747fbb2a0a8cfe4de15a88e154b511a1a6,182132
membership,32,151,98952d8bbb8ef95b7e51a5f0922cbfb29ddd4d68275cb22531ad175218b89ee8,182132
membership,32,152,a05659f6f6ece1cc30c7d5d5082abb56be5b3dbf601217404a9a0ece1d46a078,182132
membership,32,153,cbefe8b6c8600c2d3609053f0b23dba8357521280cf6b18a7d24fd7290000bcb,182132
membership,32,154,5561f46c33e24e42e21bcb3659c3c2caf2e69664a6c8e85cb49c5bc33a03bfda,182132
membership,32,155,14cae0c62560613aba5f691c34490688f7e1af61f33b2e83f4b60e3ad9597bb7,182132
membership,32,156,0fa6238f7fda7f053ff8a1a5692583e4ee0b51a8418b4833e5c4c1cf46025bb8,182132
membership,32,157,f7c34884e01ad2479460444002ae977a15422d7a2cbd192916e94a5fc3d089fe,182132
membership,32,158,c62aae954d8ccd3cf5fd31be0ffdd94ecb621608fd2160ee3c581d0f7cb88b42,182132
membership,32,159,b29beebd6cc8d766ca40a9606ef9de5436959aca71da7b2b73b5e543b82cd222,182132
membership,32,160,85f73d65db168c5188b09fb606b26368ec751d4e0a4af82eff926b5b373e3be7,182132
membership,32,161,d923cafa822d5d8f85e62a032518b8f7457408cb8dbfe9ee3ef0328403c17216,182132
membership,32,162,cc3671476f8f54b3348d2dbfa8a30ae6dc91d8bf47eb4fe7136003b1e707d9aa,182132
membership,32,163,2abe030dc3410db1b2183071e89d27f8aa4eb05e86ef61767b45f241094bed0f,182132
membership,32,164,07241572c13b6938e3637331f5aec83a2d42c86f5bc2685ec1dac777ad5cc36c,182132
membership,32,165,f6b81269a8fec37cf6947916c705d8449ec5c0b587532e5004cc97022f664ce4,182132
membership,32,166,350d74873720d0444d09a661b3d2d0f5c23e384cf4a9f2d90cc857726dc5f743,182132
membership,32,167,2498eacb28017613d27b49d9875c3a641c53c8e02a2f807bf4b321e692da0994,182132
membership,32,168,665c8a8fe06cd98248cc442bfcf27a5e1b6447ebca97410f617de8a68a79ef32,182132
membership,32,169,c58fc444ef417ec831435686044cfae330544443d952d96774404c61d91d47e9,182132
membership,32,170,bf51861171ef4ad6969a9ca764a1fe7edd5e9d510dc82a4db5b03f95757fa3e7,182132
membership,32,171,95b6cf0e2370fbf6cfa5846a0c8458dea81b2f3ce0be10ddcec54c73407875c5,182132
membership,32,172,17b4672fa799b1c2deff4523d8bd161024948665baf4bff7bd78c7b0700d9ce0,182132
membership,32,173,b2a049889a2d9fbbdab3becb9f51cb432cefa7fd36dfa4af765afb8cb0747320,182132
membership,32,174,cb9552080586129cc238e4f65b840eb2352b2b4ce61718ea36120503ef4e5798,182132
membership,32,175,ea97e8d5cd74c2cc28d27d7d6cadc137d46e1951123899a114266e343d8d69ee,182132
membership,32,176,bd95a6281fdd6a4f7dd2e5d8b8fe02892edad2953ca4f309908594729344df67,182132
membership,32,177,478615e95e6494b9b90cc6e53d6b29be727d9027c22a71b173377fa15edb4794,182132
membership,32,178,d275f8284e61475df875e930092361f8242f05a47617f47ce3011fd61c6047b0,182132
membership,32,179,dd9ef1a57505687377d512cc61529a1b09e744c0713251c76281ad022b8bd035,182132
membership,32,180,a9d0b1994feccff350bb4854ebdeec3da7610d26a4de58aaf7f15470c738ab20,182132
membership,32,181,1c1e6599eb5dcb33b6b4962880990da6fd448a5614d7f413fd3bb3a664ea8e7f,182132
membership,32,182,82cfe5d711068e186787dd57f66647d95196a248d527c1529998c09e15d2e480,182132
membership,32,183,da785ff07d38c8e372523a6a33c3602bc410541447bbb40c4abeca2929810779,182132
membership,32,184,4aa69ca3c1bf5b5a2960a1061bb5f3c232b0381bbb4f5ef6141454b9442b731b,182132
membership,32,185,6f46cfcc17b9bd389bf567dd13502e001d216884e10d19e049b6bf75082b2c59,182132
membership,32,186,ccee5c0418cafdf6203cc12e9d381b6bdd9aeaf11c9bc4f80bae65936c90d7b8,182132
membership,32,187,aa05fff810bb36595e425f4e25c313e87448cfd2b0f8a29b0830f2a0d715feb9,182132
membership,32,188,9adcc69c63706bcd63ca42eedc65285f4c18e71113f0ddba61cdc8ede27c086f,182132
membership,32,189,e04a5a1c0b854b33aa7b0eb25b777eb3c06e45148dd361b2ee049ec8f543f533,182132
membership,32,190,9f18ded20c61182883aedcead6b2964421051aa57944c5b51bc91f14242e693a,182132
membership,32,191,812e2e35d43b6bacbb1edbdf48491ca3203d39e328607a75928d7d48dfe7898e,182132
membership,32,192,e0315bcb4a40688810c3ac162a7153dad8e01bab4bf9f598e9f48f8870a24028,182132
membership,32,193,8875ea5e19d8f4ac7b3437ad46bfa93e59f74d32f0284865c421e6a03731b271,182132
membership,32,194,9d4d22f9c6cf8b170b889077c35870891f41c9002eb67d9365c9e06797f38836,182132
membership,32,195,8db6e2baaa4c3e721aad635e8ae2c222815fa4ee913cb11e82b1bd3b5d317b52,182132
membership,32,196,3f8bd6180e70c0e08ee5255c1f3d10ce04b6e60e3c46846435ba11a2bdb6ea63,182132
membership,32,197,33bbdbc5197da11e406a44eb31eec137efcf86046c3b2abe1956d469f5b09e51,182132
membership,32,198,c2c2e2b0bdf39e2af68d993b89360008c4745137a00a993f9b3fc85bb881ebd7,182132
membership,32,199,ecaeb9fcd04d136cf2c2c36796348f0b940cd63627a82ccb4cf71acd50b81117,182132
membership,32,200,266b7a073f9aba61b64f178bbece839fa0769f03e70003065fbbf6a234f9a87d,182132
membership,32,201,f3eacd1da45b312343868de5967fd5df403783f9758c958427cd7b2fde86d759,182132
membership,32,202,43aa7e7855a5261ef8f3c1002b04ffd9ddd2478935fd8a32661e703836851d06,182132
membership,32,203,5a6ddaea54d508aaf4c9ed15a9150e406f034344f98156ad93f222c8b9b85eda,182132
membership,32,204,c2cc1c46f5212b606ca19d623e64bf70c6b11424e340b900b1838a4ea94d6fb4,182132
membership,32,205,48dbb55c47442771762961eff27aa6aaa23a77ab55cf4cc31bc3b8fe2642c016,182132
membership,32,206,baf11f25d1f0bdc4eda0e90d30ed074a3a7ec85766e99126c0e07ea4ede96897,182132
membership,32,207,b1289e90d1c61b5d000ac09b477552c76b141c1b60890354940205f2511ac149,182132
membership,32,208,9c2dca60ac4dc71123cceada5191b1c66fd218d21ffcdb3dbafe087ed690e4ca,182132
membership,32,209,87940990b6a5ff8372dc08b74744ead4d53f0b8a24f1864d281fe738ac21e61a,182132
membership,32,210,b290da536ab06b8a93fb6631226441624cc4aae687df554e2c26d74ba1c71b1c,182132
membership,32,211,428c11594c43eee5fed685d153d4d6292104c346f4058ded4964161c12f8b2ea,182132
membership,32,212,c7f968934af4235b17c7233cb54ca3e9c6825337cc178398dd8041373395cd8f,182132
membership,32,213,6ea623de9b84d48e37b2166a2f5668001ba494157a41e0650a94e614a70253d0,182132
membership,32,214,26d8d6746755037aefb42af8dc650385df9c42761f026610c42e38f2e7123ed2,182132
membership,32,215,39ed6fd82866d062b4384b534ff3d0a7803b997246c796d0b6da24f9729501b7,182132
membership,32,216,951067d5c7a92c1f81f0650eba29e88ca1f1aee0e39a75b3c26169982afdfb72,182132
membership,32,217,d7a70a1acd4bf92b778a38d50fb05bc4e2c75d70ddfa8f75ae00e491a99a6633,182132
membership,32,218,338f12b566be17a38ed9debaebc12f24bb71045b9d457b99d075cf86727d33c0,182132
membership,32,219,39a61ed9d26f2851d264f6eeb406db580439e5e44b393db449150ab4fbd032cc,182132
membership,32,220,6ac86db972efd1bf58ecd574ec7a81f611319ab30ae350ba5bd9c3891302be35,182132
membership,32,221,51ebadb48c77b40b1795454e6d832dc8fb02847f53fafe284c7c21273de2d793,182132
membership,32,222,9dce776a271014cdd7cacf180b36346bc687cd656db5523be16fd4993da39dd0,182132
membership,32,223,b4c4cdd2d86c10dda0ef90020dc45c492f1bd0e61b5e33e944b63d21d4024d00,182132
membership,32,224,79ddcac123d7776283af81703ce61b1b4d60e287b2adcad3b93cb1319dea3835,182132
membership,32,225,26a31d670107dfe8ca75cfee2f6ec0788bf03f69ec8b96ab3638038658c959b7,182132
membership,32,226,04dd32e7b57375d3241f5c39ee79480ad06c463d7fe7772053fd05fbb12af5a3,182132
membership,32,227,bea966c6b523435db2f6c5456137f94e09eed0b35215c737d0a8f6b2c813636a,182132
membership,32,228,222088f38dd503db76c5c1e6f56b5fe42d076f9f9e9ee2420ede2f37b5fff85e,182132
membership,32,229,41d1712a13f5f63f009ba5152a32a5d86548d04ac731adbc9c2f72f92d5d99c0,182132
membership,32,230,cdbd176dc2271cfec4f4ab2608587abfdf5b4a9a8c2d9184a57ab50c27b1aab4,182132
membership,32,231,cbe979e0f253db014be23846362b55cc61d141396eb25ff7e74b01f3559ade04,182132
membership,32,232,ffc2bc997d86cecc3e4f0839395e3e453938d3177015c7f8fd74167d9c46d3a1,182132
membership,32,233,5d077e32a8f2f2e132d26de0a9eb7498a070ceb03b42f5dbec70ee5af74c64d5,182132
membership,32,234,87c2f5a4792387e356bb1e76aa68d931d05918432f7f872dd116bdf539c546f3,182132
membership,32,235,e15188041f4ebe18cce8d5b8bb55f5129c8d351515a5f5e7c842a628f8505d55,182132
membership,32,236,a868d4a8d5d9ee21a3473fd039ce3d05310c26fbcbe9cf3568af996244b3feda,182132
membership,32,237,f876f9b9291c904eb96ee6f93a6ce25dc9206cd7a73a1ad9fd35e9a23d98804e,182132
membership,32,238,09a74390b93ebdf519e3cca352b581ec7839f6ba9951062f6127e757d48db528,182132
membership,32,239,93bcc6aba36e548bc633b808bbe8a74b02db0300f0e7abce9579f73dbe0f08d2,182132
membership,32,240,3d0ca2e9b0ec95dcc2f1e64681c4735d8fd93dee808dc34543c354bec4061b83,182132
membership,32,241,28f84e49bfa0efdaec6d63ea5ac50ea0fdce06b4a5d54172d4536d5a86102a06,182132
membership,32,242,93e100941cd18cc79763f2acdb1df0a2c7e0edfd6ac439927cbe150ec58fb7a6,182132
membership,32,243,5580a63da2942f89f59da77815fbd7df34a9067845c692e4a01c2512f531d250,182132
membership,32,244,7e7e27dbdec91afcaf17ebc4c579e2692c4a6901582345857ca9cb76dc901aad,182132
membership,32,245,317c37fd517b66cf86198bcff5d53d2645c10237ffd7bd76ea8de6f0b0a8f0c2,182132
membership,32,246,35a207cf70f063b9bc7e46e1e1abe83bc49e73b55ac225552dbf32d61e10d9ec,182132
membership,32,247,00e4b8dc7e1a7e0ae86af7e6ca4a27aba6faa6055ff11212e963f579fe840df6,182132
membership,32,248,d14ac2ee33b3ca7b087f39193955ba6389fa42233596a2afa4ddd8b2c68e026d,182132
membership,32,249,d4ff00201151da2cd499ee55161ed21d12ebe78a4f049a31dbbcd7805ccc8e25,182132
membership,32,250,87fcf9a4ba3535c8d32fbbaadfe699ffc116dc7fb81f1e588b20d2e2545241bf,182132
membership,32,251,35967b53dd84c3ea970ede97318ca42356ffa47c18e82f7c6160cac0f00b810a,182132
membership,32,252,524e4cd238b0e8cf1a0245180a850ed73ea5298366b16b9448f97f7b6b956b86,182132
membership,32,253,474a20cefe140101f5fa8bcde57eb164e26b48cf8f77b8dea5f2c56bde273cc0,182132
membership,32,254,458fe676f2549a623623e621e790197b627750304b17ec2b14132bd939f6d4a8,182132
membership,32,255,a0b43abd31bf4dc2282fc5a6abb3e351e5ecc299451aeaee59c59aadab2d211d,182132
membership,32,256,0c2f095ba82ea4a64af6ea446026151d8ec2593e9bec9ec1b2bfece4aab9602b,182132
membership,32,257,e287d74fefa214401dc795deb9a9d87f0ecc9ad42654c99aa37fcaea2a0b3623,182132
membership,32,258,f8c4f44ad54bb8ea040cda7771b05177bbfb5cbcbe56a48e6f77d500d926560f,182132
membership,32,259,5c3b5e314fa0c583e8f8359499dc49a17ee45a0ae423a7d6ed899c871205bd81,182132
membership,32,260,b6808279d8f56a2b75d24822e91d4bb670d44a7d1892f24285f4b43f9c837320,182132
membership,32,261,b6e73cea8159b99161b20a1916fd57a6648d4e86562c7696be51cff905e98fee,182132
membership,32,262,bb3922a73111d96dafc9987890fd4e07eb6e2033737aa4e71bd6192a665ff60f,182132
membership,32,263,9fb57f95b99430475af38b5cbc15e98ea26fceff352b613413880a753ac0e7d2,182132
membership,32,264,7b38c3eabe7174a2661bfd34d6d52ef82d8a6066fc772e7a4cfabac2b920e4ad,182132
membership,32,265,338bcb30a6afea453e4ce9de5367dbbe057b2903771d62175bb79d071dcb0c26,182132
membership,32,266,ab88783f8167af020f1e8bb3a3085b905df2a9fd9237406b8a07477313e0ac17,182132
membership,32,267,c9a2b03638a03dfa1317b64bb8981af0cd0381bd726f53f60f5f4c370540d24c,182132
membership,32,268,e9428af5b7fb9e2cd8c137c1d3a21b837d3591d132c3f0c2d78e508c0c0e09ea,182132
membership,32,269,b562811ece7daef75de1a9b55128d57f4fd8173b4ab44302f8465558b35413ff,182132
membership,32,270,e5b0907e54d3ebbaf7c611ef5d8802f60f82529cac18bf77f559856608c47d5d,182132
membership,32,271,bc8707e638b9943ab018251f4f4f27a8049cd7ae803dd3cc1a88cffdf5f4c46c,182132
membership,32,272,e4ef7f8bfe62e4f9957d12baf41320635fa87f36f6a8f054156cc4ed5636781c,182132
membership,32,273,c6e91ee576f1aeec9f3d0a0a28c6b158654bf4ba0241d758f6f3102fd067bb2a,182132
membership,32,274,e2a134d213e347c1c1e0840650b89084151aff7dc962d2b94c57cbbd6c8a9127,182132
membership,32,275,cbc3b2a856d929aeec03f83d3c07bb3099ad2ab66f3502836d58182639e07ecd,182132
membership,32,276,f4e5b9fbadea086850b336fc153298a502798af1ef629d71ec7b2d7e675fdcc3,182132
membership,32,277,5f762aaa0923d1c5df5a6ef40745f8bba20ccf6bec78bfc9af04a9b3bb323f8f,182132
membership,32,278,d82558d88f682d9b7a8346cf00aed06faddf5f10ba94ea3dc6c98c441b294e24,182132
membership,32,279,dbf8b8eeb48a66474fe4eed15f04d1572da55b357ab8b5e681c267f153b32097,182132
membership,32,280,2d7111066c02a022d8e11c5dc52f8060dfe38a75c108c34986284ebb85212a59,182132
membership,32,281,8a91ccca14fd6e9e929d2c36b6e4cd38a5d93f73c96f44e4ef98b08aed6d9d8b,182132
membership,32,282,6670b0c97e27c177584ab6f2fa7777e191ca48340a5c844030cff1134b258c08,182132
membership,32,283,edff2a91d63b52b8ef23030984e88a40ecc423fdec3b25cce76603f925166944,182132
membership,32,284,472480c2a58146f45be7b49b4beee126a30de0db11c6fa48a613aa58c3f13ec3,182132
membership,32,285,765175fcbc489c9ca1579a962947776401f10b162e381b1918901145b73624f9,182132
membership,32,286,ea9c16b95c22bccc277ab5d28925c32caa818fe6a63d9a6e0bd7d25d1e2a9b28,182132
membership,32,287,4f3188acb85a1cf83648882680a477d9365b03ecdec15d5ffbe4461c94aa07d4,182132
membership,32,288,87b3703718d1158d36ab3f2580bb58dd9b962b2e658a65d2eb4aeae7e2d92842,182132
membership,32,289,1500b442e0882101329ab9da1cc7dcf9950c4b9b510c2d320394d4d728c21afa,182132
membership,32,290,743715ee04d13c3a4e9e8392c40e2d39ec958e4712d3b2b0cca4e8c948476ff1,182132
membership,32,291,7dad102c3c3bd96cd0aa4372506199d8b58c9a3afc0cd731dd38d4fa7a9398dd,182132
membership,32,292,1bc0f7cee296736306c4fdab76666c51821249dbdf08684b4ca6ee484e7def5b,182132
membership,32,293,8a52b2e0968e81fcf795c1f3b916b6f188b79c13b6d711cedc733d51b689ab6e,182132
membership,32,294,f29a95ffe9daf890adb1ba26c73d746edbe2c9ead729f7138d7e21ea34945924,182132
membership,32,295,cca32e76869656838db0b3ad12359db3763c8a79267c597b6c2ee7dd43398f1e,182132
membership,32,296,34990f1a20707b77640c4b0a3f98902c06885f4f1ad101024345cec3b961100d,182132
membership,32,297,6ed58e1a490c7fe7a3f45249c24c1c90c9c895dc6024ba27779eb3df2a28f403,182132
membership,32,298,c11e6b8d13d418f687112db05269720fd3e246cb04f0e05042e4cb6d5c9dd66d,182132
membership,32,299,cfd731b70b61942ec9db6a4f1754174c496a55a0ff208c52bea9c8eda42f6ebc,182132
membership,32,300,e22e75333c1f4b28b0e048b9afd73f4e7acc3dc68aa321c3883dade6c0f34a59,182132
membership,32,301,dc502ca3294ae9a5c8e330f09fd48d8545353bb3e1d600139eb1f255be6b77b7,182132
membership,32,302,37186b7d5eb7b1909b6390deb0102a3eb1725caf478409c8619a7e0893c213e8,182132
membership,32,303,0ced8ccb460d7e4a9f1fd9086d4e4477def6fb96c01d4d51b22ec0edcdef6bb3,182132
membership,32,304,3898ab5401f0bd72fd7113a475451f1179515aecc48e0b7524ed15d9bd05efbe,182132
membership,32,305,26bb5572b8431d3de58952b5f241e311a788553a7aa01e90860568811475a554,182132
membership,32,306,7b94ed94ee88c35aac98fde176bf00469acd9c6a9109e6a68e3441423e1d5f00,182132
membership,32,307,e4f03709a654b99b7bede5dffb05e03c23d8f3d00ff727dccdd1eda4a61ba6c6,182132
membership,32,308,52e26bf5b0cf6ab8e7ae6397c93d35b14cc949be7f68cebf5a536784151c2a6c,182132
membership,32,309,c8f0407213651b6f0fafd424961bf63d0d8825717dd2ba581282449e9f06dcf0,182132
membership,32,310,4642fe91873ee3a8cf576a40cd551be5e2a4c1275afa0503b0787edf2ff2d4dc,182132
membership,32,311,f599d77271a87f79d55da603e97e3ccc9b89f02bb40ca83941e6733f70a14b31,182132
membership,32,312,4bfdff38f1c791955389eef2070284993239daf0d41b3afcdd8227f5022211ff,182132
membership,32,313,e7ab7f17449f23ab6dca976ed55d2a97640eb1d3b8e9b5bb18b7303e699a4638,182132
membership,32,314,7721e7946dc896793c3e2278804da8262161d7d7bac434d3836d436b611fbd53,182132
membership,32,315,fd450803f6a1a3f6ff4dba408e65349f530054e2e5c120d3ed62ada9d28ad236,182132
membership,32,316,9f0ea0608e05de1e5c6f501862bf7d5cb569d3b5aac02127cc60c1e1801f1f6e,182132
membership,32,317,8a4ea051c7dbca297547438d1253ed134242034fc4b8b21a55ab169120d05ac7,182132
membership,32,318,ed46b06bcda405b40f3eb858fd2543a38606489838012d355f2baeb2e39f1ffe,182132
membership,32,319,270bdda3f231feaa27a4d29c52cf140cddac73bc4774fdc9e932a74ed5e12d75,182132
membership,32,320,8acf711e03be500006fba25992588115121091719bae94265d26b36daa4d5ca9,182132
membership,32,321,478ae757ad8dac89ede532d11f250a02e866174ab1069aa92096259f78940529,182132
membership,32,322,c4cf131f15883468911cc1fa6ff20172c6cd2407f85dca492954ce479a039f2a,182132
membership,32,323,a61146f9c341c60ef8d8e67fd7399eed3017c85de7c6623e3ce07a9a868d50f6,182132
membership,32,324,7de80693971a4ed7f8c108c618efa8c6385040164bdb86ca6cfce00d3103498e,182132
membership,32,325,d510f6673b7f82dd12c51ef3391326bb04a5f728037c66c0e5992fc88a944eed,182132
membership,32,326,147fc4a3f6f329530f0f244543d579c9b8100caf058ba0399fcca6bbe3af2073,182132
membership,32,327,e11acb93a3e7b8e4dd15124f13fc12b0ad09f16fbf2ca632ed99951e8aff732d,182132
membership,32,328,7581daceb04665bebc2bff6e0ee1688f4d6b87d183bc38d794bba1bfafbfd2e5,182132
membership,32,329,d6cff45d5ebba2a2ea97707c86f379aa1b7994aaba2dbe53f05ed58f5e6f259e,182132
membership,32,330,599e9f0fffdfa6824b2be1e5c3b310a2a64106dd4061d1ad6178517a72ec85e4,182132
membership,32,331,92a702c950cc88c9c77daa6411b82fd64dd9a2ad0674390927fadf833acb09ef,182132
membership,32,332,74f2c43ac36a16b2eadbe2bb26f0e3d86ec7f30e2d30dffd5855817f76411234,182132
membership,32,333,19535177ded7184257a35d2ae04c279b01bbdac4eb165c91829bee13e1747b32,182132
membership,32,334,24a295dabf23b5c1c7f61f72e57742e8224ffa69f0f9830b798c3af33fd4a309,182132
membership,32,335,2d0134efa4a7e8e9e1954ca35c5f33a6947b73788e439e5b57080fa015ab368e,182132
membership,32,336,b65eacb198972b03e838516b1f2dc9d9393043134dd63892fc986fe3d1b7ab89,182132
membership,32,337,29d7364dc7139324e26c94dd08064eb03b335dc9404883ec1274b9457f443b1e,182132
membership,32,338,38c2388ee77beff6cd52b3124a8499ea7a4989ec14f75895bbeff75fbdaa846d,182132
membership,32,339,943e20cd2a8f148b84ae584272aa48e0ba875b85bc7948f4f2921e282c609d8d,182132
membership,32,340,e9a5cd922b859146a4b5f2bade70c22c1060493ae8c77ff59bad09d83e2ac9a8,182132
membership,32,341,6c894c368c0cc27b479a3d8cb7893d4d5548e2ce8adaec7a4b4e303d3f312f23,182132
membership,32,342,0763d7940dc88d0f27ab36161b6d4a188563b9099e72b8ba0e990820535a8edc,182132
membership,32,343,e364c123e34044ff581744d2b826d595abfcef225a06469df51d789fce54e5f4,182132
membership,32,344,c3ebec00f75eae5d8c079c84d9821c63381b293685405a1d1a02b145d7db620d,182132
membership,32,345,7bfdde400c08501913797cd01f41f7c4f571473d1d3442da976b38fbea02ea33,182132
membership,32,346,d84db18e66e9249de6e528be5f5f358dafda5859c2724232f6ce69d686caf6fd,182132
membership,32,347,83f220dfce1d66f22e2c4783422caba1d6c82eb4eb9b71cda7ba41e3a8fcdab5,182132
membership,32,348,70686048b0a468be702c46124e9c5542b5530e3527024e63197e66f23a67021a,182132
membership,32,349,df67e95123e603ce738612d145aaee2cb0fe732346ba75519f8a68c768014644,182132
membership,32,350,5f91791dca49e7da629208bb88b9ccdfd3322e376b10a2884ab4d16a1c0f1495,182132
membership,32,351,3f52cd1538a6e62cc6f620e0a47f2d1390ce9f3826da3590c812c5456527d5b7,182132
membership,32,352,b6a2948cff1eb7a2129834c0d3fe33bdbe00758f0a633e6ed7895861d8901101,182132
membership,32,353,c3fdd0e457f75a8c1484c42e190c5b322aa6ea2874b048f6c17f0dbea78cc90c,182132
membership,32,354,47e7caf28e7f1fba3f1ca80c0605422620c435a4d5cad172d2f839e3d5da6da3,182132
membership,32,355,230126511a7eb20931b0c8cc56e293521dc5ac404f850dfff5bdd35656b57eef,182132
membership,32,356,584e283fcbca703a30334a6f4d7e9be0210ce516c599f3adc1df7bb16a7ebff6,182132
membership,32,357,d79860b9f9ef4b54d9b68d07de41c67e267255266b7bd2e4717839d44f3325d5,182132
membership,32,358,1d8f0e2ca71084a45956766b88323558e90facb0be3b2e4d196c7f65cd1eb30b,182132
membership,32,359,c0800c1777b1ebde3d2cf70c83fff60e5d80ca703a636df8d343eac0e09e0ed0,182132
membership,32,360,2d5bac13366c43c984b96104ba15bc7d050738a77ab5f21263d350abdefa5da8,182132
membership,32,361,5d6b13d8d436483c6315c539357c6244ac986cc3da77a3fe4fccfed93f4fd04a,182132
membership,32,362,33a8f037db64b10ca65b5522525538fb6832fddc040f97611e7ba1f0fdd59175,182132
membership,32,363,3dd7bd9d70701aef7a2a8b5ca04758b834b0eb2235b0bea2d178a9210743a7cb,182132
membership,32,364,5379d2fb3d429218204979410418c6e6933db08eda63e14f707deca6b7d94bf6,182132
membership,32,365,d781d1507efa1ccb68a5147fbeb9de0b93f614fb4859508e072d9f70799ca017,182132
membership,32,366,23311926f50d02000a63b783f7e692d0386b250f8067e3b316fe2e940eef4b36,182132
membership,32,367,21d7d2624fb2978e7f947ee8409a3e086899d0564331677b89d7c0a54fc0b50d,182132
membership,32,368,61fa2db3a40f05e8639024f18e49ae682ed8a9459754f97aa5a281d354953f1b,182132
membership,32,369,4e0d07e562a01609ac905f5572dcd5b11e10935a0bc48c82b1e789fe2985a1f4,182132
membership,32,370,cd19f031698dc7751aee917d7ad590e4a594a7513e3b3faad844b1929f59dcda,182132
membership,32,371,b79679f6146dbd4660cbc607753064f988bbd46c67ff7045fa064dbc71199bea,182132
membership,32,372,737dd19e429a3e272e220ebb0ad3610e63a9da260f2c56d5b2d2fa73fcec4a9e,182132
membership,32,373,529b26ce1a3ae0799bc67af939b471524f4476110a0b2f5332977935d2710dd1,182132
membership,32,374,f993b90c290aab66f582f2c0c862ea193d433d4a2a2e493408504991eed1d61a,182132
membership,32,375,2f27b23f414551840004760ec75d4223b182bbc1a9b17541b3fb1a0f9ec4856d,182132
membership,32,376,d6a4bf577bca3eac27bc4468dd7ff4a1dd77d92f4b360bc1f7b334148f8e5a61,182132
membership,32,377,a2d18b9f9d18c3f99229c3ac2b95d8c75f2a7c45a8c3246f799b02d3965f21b3,182132
membership,32,378,67d569992fdbee710fbe04ddf84f8aa0323f7a636b3a19dc9b7e7a56b6cc8a95,182132
membership,32,379,99427b26df52360e5f510e213c0142095d177ba4130a40954a3bacb09ab69a81,182132
membership,32,380,34621ee5c6fe620e0b5430c5af3d3ea6e3abf96e4c99c20fec99c1a863ba6942,182132
membership,32,381,fee258f5b6e0b19545d057ed1ff3e330811c9c481185a5d931dc1594a8650310,182132
membership,32,382,176aecb9564c028441589b2abd2fb682bff7312f175cead3ff755fbe18c002fd,182132
membership,32,383,0f29420ada3f395c0bfd7d8b2442246bce669bdff329e2fe03d116ef3789b4c1,182132
membership,32,384,ee7f9806fe04f04e7f10bc4b3793cf557c317d1dbfecd37b92545c318aab8617,182132
membership,32,385,95b5a80101818f85f34f6a6ba57b4e817dd02cac0468eaecc4eaa611e274ca75,182132
membership,32,386,171c2c2b6d009adc1cddc8e425e3459f8755fab240f7feea6e770135322eafda,182132
membership,32,387,89a324efcd854caf3a3ba0b4ab028ef092edb432f2b625afaa17d74c78c47260,182132
membership,32,388,101f2f35ea53c9285651a84c3997dbdf269dcd466cee7908f47de899b50b948c,182132
membership,32,389,c90f0e37c0edf68df0948ee653fcc933fbc8f5879fc60bf2f930e66cd3809ed5,182132
membership,32,390,cb3085a463e0b83b3442b1acba83ce48a27b4d1f0103579fa8ac44575bfca1b5,182132
membership,32,391,ab46666db4775c7dffbaac1949c1c5e6b4407d513939a5650a3ae777bf2071a2,182132
membership,32,392,0495dce0674ffa44096aebf55128527db5f1b4ce63ac9400e2d142d0730cdf0d,182132
membership,32,393,7b7dc2ea23322cc69f2961f778c1da9fbf2e6f568695699a98ac5f37eeb2315b,182132
membership,32,394,b07fab5ac905ea072eee81393c211d574714dbcccb094f41c57e852e6d2b4293,182132
membership,32,395,a0da601e8e42d6c04e13660e8b0140f791edb751d8119b0f57e5613058cd696b,182132
membership,32,396,82c0c3610d8809fdc156a8f41ad79cc8f57254bbf0a8738dc2a4a16b9b50a3cc,182132
membership,32,397,acb00690e4acab226c98db0ed0969411767aa7cab890c2ba2acc2667518beda8,182132
membership,32,398,97e8f31cd6c24e4914328da7364d48e720e7e372f1bf56bf3b4329792f24796b,182132
membership,32,399,707a0962deaba3d494656318122491b9c92db011a2bb3597b494ef2011d79d53,182132
membership,32,400,cea2ea5abc514a85fc242793bca6f033163de90bd3378d5802706b478b3fccbb,182132
membership,32,401,2424d7de7e90e38ea21b9588dfc12e2ef8aa808556261d75e45b1b0cf58db6bf,182132
membership,32,402,f5d920daad58821f7a377d70e91bbfb2ee8ca16c396790a03f10651057a20024,182132
membership,32,403,d5b180783329a58fdd73cf7302eea930e8b8ec2e6d284adb5617d634d1c508a0,182132
membership,32,404,667d07fa6fbd9eedabe6966dff4b91f64446abf114df6a584851f37630177ac3,182132
membership,32,405,7836656b4c46a43e74cd02e4f0864c94bf6f5ccb8edb5935c415d50cbd3571a2,182132
membership,32,406,5ce97699bd5edee7de5bc91e59d0252d673a77bfccb8f5b7a9e8feda9ebc301a,182132
membership,32,407,dba177c0b2db72099d8e7926f7b6e64f16edd54b0b726bab45402166bb67e9a0,182132
membership,32,408,1efb333abfe4000449d25d6e7b9c595055ffc8f6096359ecbe9df2c8f81f3471,182132
membership,32,409,6560e723153cd92bb68424765c77a48ccd1d4a5d6a1d1fa050d6b464723d0338,182132
membership,32,410,6fc6c68442e94f6e8efc5e0ce926baa23da890227b472848ee9f40ce4a58435c,182132
membership,32,411,b7ba8517335c0936f9eb0faf42d052838a2dd4327e5e9503f34af43827c1a2cd,182132
membership,32,412,c70ef547ea96e8e3bf6ee8594f052a245682a4a34d196aa906a11390a58ef3c9,182132
membership,32,413,2d8e60e3dc981b22ed22dc5881e254fd2217445509c88cc5dd738dd72edd8431,182132
membership,32,414,33eaf7627e35406ebc27a785b557952cfa1ebd52b2049321048f46f84f5ab5e4,182132
membership,32,415,9f1fe180ff27e1eb9c529012cba591e2f0a0c6b7c4e0cdb6744254255f210c2d,182132
membership,32,416,f6a1f6773859532fff6676664901152ab8eed03b82ac3db812310f05bfbd7e74,182132
membership,32,417,01f7a14f17ae5f2535e087df7066831bc67f5a4980041ac18cc10965de3b0bf4,182132
membership,32,418,5d302ec09cf1bf6249a728cd5383349ddd4932ac5a4870e51960ed88a9424839,182132
membership,32,419,9e3b2e3fd7a0fcce096bbbf193859772a08d271e1adda3a6cf8718fe23b1ec06,182132
membership,32,420,742051d9607756c447c873d462c152cbcf91836df0a85e1549544cb4b0038f46,182132
membership,32,421,9f9d2ec41da7fc96c308e6dd21a1c16ce46bacf654b0db0140490569dc44b1e8,182132
membership,32,422,a2eeac7955201c6ef5da07e0131842aa65b050bffb473f06a4a9dec2d948260a,182132
membership,32,423,14a7afb8d23320beed89e27aa80990464540d76e9ba306de7b4c8495650e9687,182132
membership,32,424,ac64cb15ebc523e26b56ffc97926095d8982bbd752a2b27be795ab2cf1f3d8b6,182132
membership,32,425,011a3e5fbac6b39709c99fb76149e08adefe233de4171877ae70d4b297df5d25,182132
membership,32,426,2c75d232990829bf304fc5737cd785502f5f53702d7ac3d917c171d804badfd3,182132
membership,32,427,127989de6909096708c8fcdcf93d15709be2c48bbff5ffab91f8ff713745e2f1,182132
membership,32,428,12470e873fdb573107009fadcbc8ef0c24872e921f5fe5e408180658cac4ef06,182132
membership,32,429,be09e19a8c1a9ae7d4e7876fec59641d53c076962ecbfac73a1aa64dbf26f969,182132
membership,32,430,a3544831fe235f82bde0624490a2a93d0ca27094b604abafa99729f7f73cfd29,182132
membership,32,431,ec70612e9187c25c61eadc1280230b2b82d71058ace2fe97953cf347f3cd88cb,182132
membership,32,432,483c5620346c586b706afd2e1502208f728070edd4677abaa7cbdb9e780cbf1e,182132
membership,32,433,a0642dc36066c98fd9d074f28943e3767ed04052ac5d7443ee8afb1d1dcf1f00,182132
membership,32,434,5c1b84259aaf97b92ac65a573bfca6305477223db0991377a5b928fdda5a9ab5,182132
membership,32,435,51afadbb0d738bdbd2baeac6ad003188359f519a28b7d45f1d60fdad248717d8,182132
membership,32,436,341c9f5ac8fba8b31b848a4512fd8535f375b9ca14aab2b02deab07026bbbc4f,182132
membership,32,437,71fb769bf64398e9d2bc7604cd0390b0699385462b2f26d74801d717ae0f21d6,182132
membership,32,438,cb55b4864d0fecafee476595cfbcd79fb347f773acd445512dd44abea7d4bb1c,182132
membership,32,439,274321a484f433157eccf7170c3c74b1415cc0f99e631d0eb9bf23613ea57061,182132
membership,32,440,53e085dafd59b6c9aaa45d0c8a687e46dd3361355731d65f1641992865c0ff40,182132
membership,32,441,36750a1a8d0d9b448ec19eecb505d540f56914a9d8932a7a45c08ddbb5b91f94,182132
membership,32,442,ac8f612b38cec369d6b3ca6e2186951ac721e1c6dc524987a84c4555a6b176f7,182132
membership,32,443,805ad7673ae672073d6512e42cbe5e220650be5fe2d661b3ca9dc075bfef1368,182132
membership,32,444,560879d9e84cdb1ee0b89fa68e86505fb6679eba5f7a7ae906268f97ea39a59e,182132
membership,32,445,cf62d66bf94cc0ef910aa3a8d80a4e5f266b25cb892ca95938b5317beb243967,182132
membership,32,446,3e1206511858b7a7bf79d02246281654b0b285165919ba76e201c8ee66a4fe89,182132
membership,32,447,dad84dc199f92fbb59ed9855264d8deab83b29182adc30a5cc0ffccbe7713d99,182132
membership,32,448,e5db7b5dff2ef109e26588de0a985065e36049b93d8010c985940a1b90d0977a,182132
membership,32,449,c263344f5dee094ee5706b4faabcc12bf9294385be72059eedde9f742bef3a49,182132
membership,32,450,e35647e5372d807e73200739f4aa1c34c1a5c5471c7d60dc2c767543962d306d,182132
membership,32,451,f0d3398fcdae9cb3f2c5f7f918e3f390fc47474056b0634d4c3a30e6d22b6d3d,182132
membership,32,452,3ab78a5bfb8766830d6a7ce55d34a8e90856ffe3e82861fa0d6700033a813fae,182132
membership,32,453,78d3f6d072377d23900f90e050eb7f3ebcb9b782517a0279cbb3a03f5de5a634,182132
membership,32,454,d8a67dd71fc15a4b2b6635040badfcec6024ed5addcd0f13b2886607ae380e55,182132
membership,32,455,4e806e65e54f24e3f9a1403a697e60c249764213f52595f65115de4137ba9dbc,182132
membership,32,456,921e0af067710fbc06e816380567402cfb2df30467fc7beafe3058c02fe65e50,182132
membership,32,457,edfc6451b77a333e97032c481f89f2d5c535f0dd7dcef67763a3aff9aee78d84,182132
membership,32,458,c50429e8aa32a1a410b08f2aaae6030f29a5421406d18be535fa49076d5c25b8,182132
membership,32,459,8e607f782215ff500d03fbee882ce19de162da5be6f3cc3ff05ac3b393603ddb,182132
membership,32,460,ed07e2f1652b8c75e7c4a31504feb846aeb191d3855b29100aba710a04df0c51,182132
membership,32,461,c6f8e2351804734a27664d53d5bac3d906481ec94f751737c2faf5d870ddc1fa,182132
membership,32,462,9326db571f586887c40ee37574012d649f8b969a1b8d51727a3f9a10faf96f92,182132
membership,32,463,acb23eca8be8f419529450a04ff8594e65e4d82179db1484809fe2732e3288ec,182132
membership,32,464,4f6dcbe3b1e54593509fc666041bb9cf9a9863384ad8779cc72f58271d7e6fb9,182132
membership,32,465,c52948fb123c4fa2070a21a19ce5252fbc593eea3807983afef7bbc55317793f,182132
membership,32,466,0afea837e8e86e16d360337bbc76c81b43471861f525f64a4bd4e2f3ecaa8c81,182132
membership,32,467,083971b4d7a47f2bcb86bdcd0e0c0439403168f541a5741992904cd96c812039,182132
membership,32,468,f46b0c92dfe01eb1f913b970f6ee7948113fcc0a63eb83063c69c0e4e037d603,182132
membership,32,469,d38fd6b064bd577db3ba14b00f14183c27e03b34262359daf3e251c7494f957b,182132
membership,32,470,7089d40c4a1e595f338af8ca2f66811847f085350ca59ec6bfd3e68ba44cb546,182132
membership,32,471,b8d2c9feee17ea1470dfe0a2f03ae6fc5f637d7743b2e35f0ab6d088e870bf1a,182132
membership,32,472,9e3c0378ab4cc064733c73abf0be9c9fba1ef92e64781c675365ac3ae712b9e1,182132
membership,32,473,d6f84ceb585b45bbee3c0dd0ed43fce5c30961ac0ae83a3a58c1b2c0791aa688,182132
membership,32,474,005df09ccbe8e3b7220f34398b4365204f881e53e282fa70581d36907925e4b6,182132
membership,32,475,eb838b6ba778fb17283e32c098e4d679fe7a8600c344a5c87438e33d6af5b646,182132
membership,32,476,8d8edaef9b6afa6ad11a53428c8f90e6f144414c6994a9f7f5c29e5159d2d4a9,182132
membership,32,477,f7aecff00e077d64b4154bcee093057534fc6597a4a167c5da48127937278811,182132
membership,32,478,813842e76a604b1520625f515dcf3cd330245518f4c0f5460c3ca9dbaae17436,182132
membership,32,479,90ddf1d029ffa4ff89660ad91140f781d3c424db7ff8d627c6e50a43c03b7830,182132
membership,32,480,5eb79fb9d3666287d680dfd2f01c80c333f9c8429b6776d44abb30fa0c4c038b,182132
membership,32,481,8b3f3726d93c58667c022d0668599b150d8261bcaff4d420f9d42aa0550ab881,182132
membership,32,482,9aaea51f2aede32ff48e5ac510fbb4b13094fb06c5ebfa8a682f266e4dd28c0a,182132
membership,32,483,4510ba0ff9cd111b3ca9bd2db6c15d94b0d31f67785c1724e4dc72d369f1bc4d,182132
membership,32,484,970d4547e72f0ba6128e1af0a830d314ec0ed1b8b4f34de0d535354f6679af76,182132
membership,32,485,758657388eddac593eb12502d562963ea9aff46c578cc45f9b7638b968b3fdeb,182132
membership,32,486,79da098e9c0e50607f8629fa3e333dc015c2f2957490070b2ef0acab47f460b4,182132
membership,32,487,5961dddd47ebced6f103b0b80251a0d10347fcf0f7bfd7926345b7e2a5667a00,182132
membership,32,488,8f471fd81d2895207bcbd0a41b4e5c10e708e57bef3d940acd41acba5ed4dd7c,182132
membership,32,489,df9027759c320bc49ae42208c3f21f0d890779e5d9b7d33ce0fc0fd76b79c766,182132
membership,32,490,6f72a971bfef4400f7add2231da9577f10249b575a47f33cdddf3c2de4ba3241,182132
membership,32,491,39a8b4aa91a0709f0b3f46988250a332bff909b14e4415bbe63eb10d50dfdd2b,182132
membership,32,492,4e21ab1d26c2c054cc8e07256fa290dae878c07ba0cbe8aee42b929623af2e30,182132
membership,32,493,7579402ef1401988574df46bc8fbff75ed0370f0d838af58954d55ca20c94347,182132
membership,32,494,06b484eeb00b89233ffdd84e7e8ae2e0fff327ca7b8a2ac73e833f5cf3af1488,182132
membership,32,495,c25aeadea313128b7146a1171dd810646143bc1024ab096f02077748fc59fb8a,182132
membership,32,496,cb16707ae4844ec145d5b207cf6837a7f776d525edc858ef97ed8151d0f81ce3,182132
membership,32,497,7f4567646ba0e0abedd5d83de473553aa0c188ec4fe4361a2b4c4241f2fb81a7,182132
membership,32,498,d395168c8359dcf5fa7f48a2890512c00935aeaf6b70b2756877244ace97d299,182132
membership,32,499,fa2cb98d69581344a3c4c3fe4c0bd62caaf75f1e0aa4e6b63033d824f7e2b882,182132
membership,32,500,23954753485ed8e77ae7c922c5bb526afd10b4105a55c1c2c07552f3ae36dc54,182132
membership,32,501,b72998b8b0ba6713638bd17cfd7e90e4dd20500fdcc90f025337344c8d2a5b60,182132
membership,32,502,57f7a1e0179b2da5ffaf1e84b5d26fc958734c3465ce5b49196452b16593a6c1,182132
membership,32,503,8cc7a5fe3e334f844405bee8e55132d73f7db26bda0a2bd4b034aaa884652b9c,182132
membership,32,504,2f12a29933389d7a203f7b21e813425c6e5f0b1111ec03ea996fef750a9fc0aa,182132
membership,32,505,99b521d0e62eb052b652debbb2ecc0d99cde2ab28a10e627f6614972a5f86495,182132
membership,32,506,7f3cb7902be797cdc0e61dbb008857fe4554f1978bf419169dadae82985f154c,182132
membership,32,507,3ac4fa91a126313b2a69723727c4572b5fb89b761e5540c4290ca5e96efbf8e5,182132
membership,32,508,a444eb10feaa03b4bc50f030f84f606718eac6e95fc805c9c8ef55e019bb22f9,182132
membership,32,509,1f08bbd8104cdd958269fe4d59cb15d1637b4b3253d516ae6b36844300cffdc9,182132
membership,32,510,c32ee7faca15e7ac65dae23a3507ccc2a9ba36d999e2e34bac1f69c33c0fe117,182132
membership,32,511,b5a0406f4057c828eca395a73828685785da5aabf7316803e50ea5992fc2bc18,182132
membership,32,512,8b864a3072ef565696c3c733e27304969a80f91668869d40bbfce97ac958f175,182132
membership,32,513,ff795301811d7a406dbed2a9360cf08b9850e9694c233bbdd3d7b10061f46f50,182132
membership,32,514,dbf838aa67d3e56e1783baad5c8c0530c31394b8323bcdab547fd21c8e8d02ae,182132
membership,32,515,10df5c601488e57797f5c7869b87aec94e88711bd9d92fbb5a408012d18c44a3,182132
membership,32,516,ee749fb7df47c6dd2b980bd6aab58e5cdd3020b4e6cef1e0bff481939921d1c9,182132
membership,32,517,d159bbc6af3f9f6717c914beb5b0b517abce46613cb054e6dfee9a8ac82340a1,182132
membership,32,518,efebd772aede6ff337a0dbc04fd79ca3b658f712227953b603f85ad41813fea4,182132
membership,32,519,22c6f04705ac8f7e45d8c9c149bbc4b6e5c04f9193775df5469d89491aa2509a,182132
membership,32,520,c6e7736d3c261cbfe6502502d78cf581af90db9561f5f661e318bbe94c45d2be,182132
membership,32,521,0766f4027e9261ca6d3c815a6c8deb0c4aa55d48961ca07510589a06dc6aeefc,182132
membership,32,522,750da0f32568c7eb2e892e0352b7a0774f22008592bd53890efe7e438c6f32ba,182132
membership,32,523,c0a06a986f9c11b1987dd6528ad0e62efae44de1d40fdc736ab65f1e9784cabe,182132
membership,32,524,3fab73298a3897c532f3e404c3c75b3f45a8929d4dd55003bc67030966cde31d,182132
membership,32,525,d9dc585b25967397c723b64c5396428aec8379913e6964eac8ed4d19c317d7f6,182132
membership,32,526,21a7571be3d56902f72816e6a75ca2cf7adbc06cb43eb40e85ed5e25ef5f2b59,182132
membership,32,527,2ccb7c960d7630623a694ffdeca6cfbfddf29803b6e1741f81a82e87ad2e38d8,182132
membership,32,528,065fc1133fb123c83f0be44de0c23f7a298774174b1e28bc50d26eed942a6466,182132
membership,32,529,a8542b468619cfee5cf125d0142a527d98b764c55c573c8b29b16b0797316988,182132
membership,32,530,4075d07e5ef165152342b70094e52708f990a16a9e795bcbda4a924956d033b5,182132
membership,32,531,5099f5bac8205fcc760596f682f1732c08e4b8f6435e8d1be8b6f667bcf1c839,182132
membership,32,532,47b45140fb085021da319abf1489d1ef5ed0ee758378b6e48e4c9ea5c68321d4,182132
membership,32,533,484bd586985e926cfa02451681718c5c37261541ce7389c3eb5f7e195fbbff34,182132
membership,32,534,725b1e186ba04e1a1108ed84cf3b2b9a71e6e6a03f6a804d3623c1e35ebcdf15,182132
membership,32,535,f55fa067845d8c6ddca261be937a08f2926f0a52920364a0fb397e3a7f674328,182132
membership,32,536,da584436718c0d492fcf85ed74478f7cc5cf21a4a2b06f667c477e8b13bad646,182132
membership,32,537,5b768ce719d2427583ea857c88aabf128fce5862a061469b9b6045f5dca5e8f1,182132
membership,32,538,3fda11755d244ed575ce930bf1abcbb5cea3bd5d79b3c7c8c623e61acbf0cf62,182132
membership,32,539,35699d1c71dfa25a67db3269c227a670ef853f6b8e9a937f2cce56d95cde6ddb,182132
membership,32,540,8b727b4a18e1bb14ada6aad44702028608b7777eefc7bd73ea0c9f7449992ea3,182132
membership,32,541,b2f1cdeb2b60bfc243e2ee87159c475094cd13c5b0b0cf191b5bb63d2b94ecfd,182132
membership,32,542,c7da942fc00e69220d825b49cdfc5850d2320727473981cfc994fde396c6c641,182132
membership,32,543,46ace0bf5d66217d9f922110352e3091eeba659e93ca01751bc9923a73b39301,182132
membership,32,544,03c29daed18f600ddfb980719be2decc758cbf3407f44d6e6d24840e5784eb2a,182132
membership,32,545,11ca24db8e9503ad58f4385912d3659d83fb9bc0f35b6e357c707cdb07a607ad,182132
membership,32,546,502928d331745bfcf241dc39c458c42cb07f4522f9b2c9b70b5cb3ed7c817195,182132
membership,32,547,b5a833bd25b6ca9fb92c667c667999ee9043f4b62ab21349e0273d0884e9cc90,182132
membership,32,548,984a33f79d878186eadd9f92306dbad18377f34115c000c74192a9b252b36fb9,182132
membership,32,549,785386eeac8b219ca0fd15417d78ff31c9e66f389b75148401a3977bb7e533cd,182132
membership,32,550,aa077f67579666797b289d025a876207c3a2ed20b40f29883d059ad1a1e53906,182132
membership,32,551,dafda224a573b9e84ebc05e48d5583363cf84594673680688a68e519ac733553,182132
membership,32,552,19ef88be66471d315639a576cf7fd9591cf1e370d1464589eab699bd92d92804,182132
membership,32,553,fceebfbb68e661c2833150eb00d5020239d411408054611ba5105629cf91e556,182132
membership,32,554,1137184dc18b24a9fc0c631efc38ce58af7f35dc62e9a66bfeafd834a687990d,182132
membership,32,555,b9b04c357645478de3e181b2087e914bcd7f44d32fcb2d19b3a2d380f997e8b4,182132
membership,32,556,3aec7a20af8a3ccc9cacfac9276a1a7c9e24a25168c30a50875d4438e6ea32ec,182132
membership,32,557,a636729cd00189fe51539fef525dd42f8cc65a623c086fd9ed4d3295fb1c6a83,182132
membership,32,558,45817e9bf7a81eeb02f82ecccc9d3859b4b8a043cafc47a324b98a0ddf156c52,182132
membership,32,559,792b3cea5dd652ce9659f73ba83d601b6fbebe46850a5fce738872a6f77c3185,182132
membership,32,560,e3cce0f34b1666e105bed5a9749460fe83451bf91a6561d7424d006f3d425923,182132
membership,32,561,62c6d0fb92d06af2dfc8bc7d69edeb377778e84da340c192cfaffb54bc4d05af,182132
membership,32,562,3d8d81704917a53fd6b635885ce155f1b8c10445fceffdd64a7f2524eb0b3359,182132
membership,32,563,f1f463ed775ea9becc83481d9e2ff6856b3384730af3c327f722e00fee8b1b9f,182132
membership,32,564,43b670e322e7ab27c36c6af63e1f8e241582a734908da563a9a9032e9ce03ecf,182132
membership,32,565,09333656ca0417b6af8824cc89669ecb0b4a996c25fb46d4ac8d3d52039f027b,182132
membership,32,566,34b57929cb01777e80f1be8ab97e67ae8e8e699be65c1ab898c2b1aba494191c,182132
membership,32,567,20b59df93f19cc5a456ece4e0383d52d525177dfc05f884eca7dadf74a581fda,182132
membership,32,568,da51373067b4a2afbe44dc29a35ca32bc41ccfbf980267c1c71f29bedc02697c,182132
membership,32,569,cc8eb94ec18234485025ec72e80d51345bf9734ce6b32cd965d390bd2bed6f09,182132
membership,32,570,54628193d2f722a291d80352802bde2f4a376dae1ea0177e64575f66a83d95f1,182132
membership,32,571,8f56f2bc7056d0f518c514ffa79e4125ec17c8ff805a709981e8e706a4d8304d,182132
membership,32,572,40e5a92ae64e9280780575aa8ffa3542fc7f3ae3ebb24ee00747ef14796393fe,182132
membership,32,573,8d0fe21c61fa4ed8c9205ed2293be15126b33f48ebc4a9adaa5184f0b03814da,182132
membership,32,574,20feba964da459080cd4800e898d37f98ac0957e3391a4e5fdc39150a4457e5d,182132
membership,32,575,c73b728f38125e6726d65595f2ab3518e1a295dde6caf69d6ab0376bdb2cd179,182132
membership,32,576,fbebe1196ebefe1201b0c6b9655b04983e399b3e103b5333a393c5864420b888,182132
membership,32,577,b8a1540c0ccf479cee8640b9f28d9adf47c0db19167fa1df53008dcb5bf358bc,182132
membership,32,578,da66b5aecc71ba7c3b1aeacc46f12d5c0653b7d05eaa2471af7a0bda63b504f9,182132
membership,32,579,60dbb94c9717b400347728e1f2be36915c3907461ddbaf9559a9da7f39a3544c,182132
membership,32,580,f3da3068cf310721087201ced9ed4714d566c28193ee258774c9ea2386cc89a8,182132
membership,32,581,23ee9891f599e88bbca0cb773d8e328deaaf1dc7a5c9c9a14de4b5f94c170175,182132
membership,32,582,a9b305761af09a3e2df30511bf52801d7f88ea14dce1c3a1e8dc8189b12dac33,182132
membership,32,583,2259d4d26cc88eed1f72d426f774e3dd2291fc3cd55d5253d71db3535d73ea86,182132
membership,32,584,487d73907cc3c56d76ec6fc2e0f86bcc3e4756cd8c02211cab6ddc69d9b15251,182132
membership,32,585,6e6aae26d4c8aedd13725652a5954e61352c02db0a464ff85bb86faf69aa1e5c,182132
membership,32,586,a44096e4a5fa4d76af07a7204127d5c5af11069416292a9168ce0c7e28979d70,182132
membership,32,587,06eee75c018feffe2e05856271a82496f3b9851ded14574cfc6973a4e9876065,182132
membership,32,588,9f28e90c2303d3139c10a52e3cd05bd05d76daa6d7a57578ec6bacc755ff2462,182132
membership,32,589,11d6361da9fdc8fffb67b5ca050a243d2d2cc73e431afb8e639d3f8d03135b7c,182132
membership,32,590,9f0dc8eadd54cc9114fdbdac1ac3064f565948f35e02476fc84f95e0e0f85dfa,182132
membership,32,591,0691c13b11200fd03dfce003ebab429f5d1894ece2548317bee1eb04accb0e91,182132
membership,32,592,154a50caa80ab4e7791c931ece13b8eecc20c3394ce85aed6d3eaba6ae12942b,182132
membership,32,593,b752847aaa451810a927fba9331b3cb656ae62125e4172abe10344189bc00f39,182132
membership,32,594,4b84cb7d3ae61a50e295e38c4b143b0b4f75fba9b818eeb15992912f4f64bf38,182132
membership,32,595,a2ab2261e00d5cb47aa2f24269fb03bb34fe771c8259ed11cb6a8593de5b413c,182132
membership,32,596,31823e12ea8886a95d0ec4c26ccb175bbd6bbdfa60db98ad9f6294777f0d52d2,182132
membership,32,597,4e06a91f2bedc0dbad6e865f8c0aac3f0df1c99215d38a42a364d0702860c2a7,182132
membership,32,598,52d41e1c30303ce1c5666107d131e0fe04243913b6b857d0140297a44ae0bdc1,182132
membership,32,599,66f817945fb800ee88e75ad045fa25f7ea03d64e77c1b9d4355f5beeeb6ac0e3,182132
membership,32,600,4805fb52d1e5fc431ad71c3f60ddc3bb8bb0858ba3ddd8d4696b48d1b189d510,182132
membership,32,601,6d2bbb4caad39cfb7c0ba8ba421735cff8c76314c92eec10695e9e34af1a69bd,182132
membership,32,602,b764771464f73ad564354b389272d0aeba852d3e8151c45e45ad01dcadb5c7e0,182132
membership,32,603,fe5ad529a2a18d57cfbdab6fdc3ab0160a95f78f571169ce848ad919da4ed01e,182132
membership,32,604,5a94d4fb363bba2f0cc5dc47486f30e3a83f569b082e97fa40ec24da52ddc13c,182132
membership,32,605,3b804b93b34d1676a3fb253f747c671cc937ce699ebeba6faed340ca0aa7cdae,182132
membership,32,606,ece9355ec465d706de8ae2740213499c65fffd52cdf172aadcf231e29a30895a,182132
membership,32,607,4affcbca09b1bae832e328caeb7b20c22d58f0774722935e4f459858b8e6ab37,182132
membership,32,608,58fa55b3f1488a1e16e7192d9fb5720467dfbf83bdaad2ece3699d8ea1f4f16d,182132
membership,32,609,47ac959eb3b990c19b95ea8fa882b5b99ca45af0d00bbf7822e36f866a579d6f,182132
membership,32,610,716af19e440ae835de371b9ec9e8336103abec8d89b4f97cb237953d5723c196,182132
membership,32,611,3d758b992e2efe233c1b67dec1fb5fd1a39a84b7476678c8ed58a21c4b55363b,182132
membership,32,612,8115893fc7f8283d8c862a472265b4d974a988e8ec7ce025a04af7619d238dec,182132
membership,32,613,755dc0aad5ac47d9e2f1d82c0bfcc408620639acb80e8f7a2216e0ecfb50b5c7,182132
membership,32,614,5e7b3223999de24a55f2aec86b4dad9181dabc49e1331bf97fabf3892b438cc2,182132
membership,32,615,11d2cded7c1b0c3baea8cf8c50cfbf875535c41b500e285aa04e73563bf292aa,182132
membership,32,616,c082babc889a1c2212bf0c2d3ef0063d12c13b527a79e9e6d5d28af1d1a453fc,182132
membership,32,617,16ad40c64743a5c0495be1411d12e9c6da9897449c460a676daa7bfe3a93f575,182132
membership,32,618,ac52e37bf9c1ec3fc239e58b464b749ab5706183c3823b0909623141082de566,182132
membership,32,619,4db7b45838cd4f25559aea450df9eed463ae3e4dece096b416bee30b310e1049,182132
membership,32,620,0da6f5a616ce0d99566e27955a62a3acf5b5b03649271ba93dd65fb88565cd00,182132
membership,32,621,cb2c6c78a3b5e3bfa482c114d9dedd64192ceb3143814d7f02b4bd3b2d41cb56,182132
membership,32,622,b25c9e667d163f8cec4084b24c5c76f30f21dbd28f57c64aad4e2bc7d73127f6,182132
membership,32,623,0b20544c18d81650aabf5af9e7a1870c54543358650cddd8704b070e4dcf5f1b,182132
membership,32,624,ecc099c69aa73370a9b82e2d6cac752f94c285f2be68458a9c1847f90126f018,182132
membership,32,625,361fa1b46f387c6a1cb10238e5946f19a75c69980d2bb6db561228ba1cee38af,182132
membership,32,626,f29bddf9b6464e86b8963962ff86c7052bc0e7fe56790f011923f2a615951319,182132
membership,32,627,42d69e2bb4bb951c7a3c26085f9a518724a801214fd920c45b7625079abb7410,182132
membership,32,628,3b429f29f52956c71107f2cd4b36f32605cf7726a4a2e2ad6b8d5f0031a8ea29,182132
membership,32,629,d457872c4d9d924687c6c0d7a5597cdec64ccd54aa7e8d7603b2dd621c99d59f,182132
membership,32,630,430eb261fce71a254214aa97332812fb5d8da3602d15ebc64fdfb10fe8338d33,182132
membership,32,631,6ec7c9e7c6cd272821602c792982505144f4cc93df63498d5ad98bd30cc5e14d,182132
membership,32,632,8c32320dc041f2134b7b32851d83959963a9d05e2cb49a128e0693e9929d7ef1,182132
membership,32,633,5539822d61b9ac05e74cbf71f5a5b50525de0eb12e669e24a26b69ad499a35e3,182132
membership,32,634,e8c84c873e5f83bfe8f3312726e608532d27af5eba807f9a80f83d301eaecc83,182132
membership,32,635,7d60f9879801f234461d4020ee9332d04e8bc7076d08a87ce058497a956b8f75,182132
membership,32,636,e7795c408f581838b2cb98cbab386c41a226bdf1135e596d477f0ba252b45ea2,182132
membership,32,637,2145f2d3a0ff707523c64d96af9008e94805b3dfeaddaf6b76004beeac95085a,182132
membership,32,638,58c0e61308b818bdfdaa79c5fe345c07287e7d25f3ddc00a3afd022a5ec717aa,182132
membership,32,639,74f6eb8d678171342705f04732375ff5c6fb4d259a8ce5bf4b0533fbe010a2cd,182132
membership,32,640,774fff4298435c206ea60f59ddfeed040b10cdc5a8cc3d2b1688a8f904c852e3,182132
membership,32,641,34fa5a64d50ad5c6d9faa98451772ad24d2460fccdd46e5787800782fbf2b513,182132
membership,32,642,c84b49bab3151eec5de5ce6efb0b6ee3d3536d9b89217d3c30086c17468f9c19,182132
membership,32,643,733c63e223cc0aaafb35e838197065f539e85d31a216dc90f027d6e86e68a910,182132
membership,32,644,66c2ec299844ef46b9bfdf23e3b2251c7fa1357cd8d184a8897e79cd63e97690,182132
membership,32,645,a560adc11ee324f2b15e4af58904a1d7e5b89326276b2f98c96fe19558d82b02,182132
membership,32,646,9433c2386223a6a60eeb76b23d2beee6d91fce455520ab9fbf7de7043871a3db,182132
membership,32,647,4329f8ebbdcd85fcba1831fff423e4f893754dc957e6fabb85abb532e56586c1,182132
membership,32,648,9a6a55c2d47fec4cdaa4cf6cc1335b70e547e69e4cb1e463f8a6dba423f2319b,182132
membership,32,649,16b72846820f1c731877409aef4122813f92c91a7ebbc4e6ce88afdaa889c662,182132
membership,32,650,180f09ae2a8a45c87d6ce6c9643a59a2696a9d5d78f22b6444177cc552dcaafc,182132
membership,32,651,d7fd34796698ac90edcfabcb8d7db14d6d9609c75e4320ecafcb8a4fef06d0a0,182132
membership,32,652,2c73d1d4c62f0f8c56d8299c2ade2bbf41f318b4e4b9f9ee57032ee670666b29,182132
membership,32,653,b4966b2bec458f2480925ca13b02253cf4452c45e42387fd8889917f8a5030d1,182132
membership,32,654,721b463b15baa3af14ec1d0153df96268730bc43d1a9c29bf6754580ce976c01,182132
membership,32,655,21a18c660a6e2cde59dfab4128e7abeed59cf536dc607bdf7247549c9921fd82,182132
membership,32,656,f485563637e9b7767abb9e8c4ab63e69e24574f1e298807c1446c9aa0aeac690,182132
membership,32,657,f9e59665a01ddada69c0baccfefe68ad14c2768e731e7399b7d4a393e3b8ffc1,182132
membership,32,658,1742295ca7585621b53aa4471512fa40f3cb45a73832dad6966157b8cb563122,182132
membership,32,659,a58f529120eb3f964da0b085a8ef83553a5cdcce46bc456fe3732cc4404572b8,182132
membership,32,660,fe06415a7fe355160ddf603550d77390c3348e19579f7bc88937d11007353c46,182132
membership,32,661,4557859aa87944777c6bfca56fc63aae5c64d3213bca9a3f5a0387accd27d7dc,182132
membership,32,662,d2972b798e930ad99c53ca6d55253620cbcd8898145098e21ddcce997d5e9ec3,182132
membership,32,663,b1edf9e7ed5e98498add7d4252f486b829ba6b3e0993df308db61c865c7624ef,182132
membership,32,664,cafccd65fe3abbbc1c8193945c8269f9484b000d1c5fda4c6d4bc6d49733ffcc,182132
membership,32,665,8198f2cf18b2abf20ee3703537579bef03841944f1d8c87d5b7d264eb28a0245,182132
membership,32,666,3d9dfb4ce21a8c1a33400f6a3fa16a05d8da14184873f6eb059e1a83d67600ef,182132
membership,32,667,b144cfb992c6a7cc2c6d94289252cba4dc38da8ca320ef8e5e1c94e5516dd096,182132
membership,32,668,ffa9ceba4e5712f185fbab24418de63753a3a1d9238059b8ff66fef3d74169ab,182132
membership,32,669,3d39949baedcfb0f9faf122c2add9bb5b32644610397944c715707000d1eef0f,182132
membership,32,670,43fa6f6af093a011b15d3f7f3645b3d836a5be4219bcf66e6b682f349d713f88,182132
membership,32,671,c96a0cdb7fd88e64446089322e85371974f1a7efba799475fe844fddaa319f6d,182132
membership,32,672,13deb73a7dcc039b36b03dc22ed1cc3d5729812face89c9019d75d4c481d62b9,182132
membership,32,673,d56c887058a7b4fafcdaf0b7e9da1b72f1ee21d145d6f5181de786a41605dd45,182132
membership,32,674,52dcc4f05099367a29c616c566feb883a767410fb009b1a4055e578db9965028,182132
membership,32,675,2256209fe8dd5c55cb78a9115c426921c171a11c36e25d98c0698e0e25aca55a,182132
membership,32,676,2bf9935e043f61d6daa35a0c6d6190f017ed759a4ed3eb300a8c692c6f6df184,182132
membership,32,677,dd0a32596672dde6ecbde3efe44b40f2a004db79e8b26a8d2a8d36dd83e296d5,182132
membership,32,678,d6fda2249f639cd2c22fe53800c69985b6523dd5e8e167ea71513035b510d1c4,182132
membership,32,679,77a7befed480225324a0486392af8e50f10c1357782ccace13b6df282729360f,182132
membership,32,680,4ec4b2a680f4ec4bc0053b4b3d762562aa6327537579a28954ab8d474f89ab7d,182132
membership,32,681,5a6c7dc75f3db8fa78b05919e4833d3fbbd05dedcbf0af1d1dfef41618af5954,182132
membership,32,682,d1394952dc1ff4a28ad43a3873f60c913579f4ecaaaa733d8386873f1a370c94,182132
membership,32,683,59f5a28f8fc6708180d061772aaf6a834872dacc50a79e2aa4a8bda979572206,182132
membership,32,684,ebbc1c364c69b130a72deb9e88b9ffaf0d9cdbac5799e97b756d007bb9fcceee,182132
membership,32,685,a1eae28659c015ba6669b81fef704ef426db4299533de59aabc76e9e06dc86e0,182132
membership,32,686,f469c02e54297183bd7ae0cd1f9b09d8dc7a6a576bbf486f0ea36ecff52f6591,182132
membership,32,687,0e91ec4be4c81c8168ac8dfa4cfb84b855e1b99056b248c08222009ee51cd82b,182132
membership,32,688,642b93c034d8fa16a1e5ebf91726fd88e2fd9ad2d1e6221b4707c06b7d6587fa,182132
membership,32,689,f85bedf4d35adfa5438831b517fddd2daba07cca2c0f079f3e76da8ec9110f29,182132
membership,32,690,b8e2ea031c39944fe47c465260a87d40d16bf6d1c33767bb6242d37fcf557d2a,182132
membership,32,691,0498e1a7175b26ccb5fd59f15ab9f84a947aaa8024d43c19c29e6d002da1e71d,182132
membership,32,692,89fa4f734978587ebbc20ece196d685c6d732466489b7dad0f1a88d7fd58223d,182132
membership,32,693,b9e1127d6ed7ea4532b7c668f31e027ddb107c29fe36c42ff4b7f542635940d3,182132
membership,32,694,95834b9b138ec398aba48bfa85fd2197c11a0ce6b41937c3b9b2e9f46b6a505f,182132
membership,32,695,46be51c6c0008ce9cf4a1f1bd593c5a8328b6340662195663b1aa146e1a62f03,182132
membership,32,696,fd615d27fd0e474bde24ca2a2c8a33407aeecec4f817cd2d0516e8b3afb4a691,182132
membership,32,697,1d88162a3d38a0fb74e09807b25d9bb7c1a75f124f99a94f180c649c1d543975,182132
membership,32,698,5c6b0463f52d129d66be326b474a00552501f9f1352b11cb509d5f9205a62b53,182132
membership,32,699,63d11edac8417e6d10df17263e119b88ac2f5b942d0456188081f021640f4723,182132
membership,32,700,d16c469d1494af2e6cdf1110364eaeea569fe11a89116be7d36c86414c97a206,182132
membership,32,701,874721e18cbbd63c16a08ecc03c5dd44d148ca13f3b3f45b8ef773064382abe6,182132
membership,32,702,12e1d567bdca605e85406c6a00eaed3e0fd5ba26923c65cda8eb32e07eec4cbb,182132
membership,32,703,7d9f5bf587a3026b066373bccda08d5b0bf964986da70159bf08ff3fdb052302,182132
membership,32,704,1b9b9a16fb96a540d28eee2d17074abd01908a2a63eb43b07fcdba35cacd02b5,182132
membership,32,705,b6e7e72949ee38b14f8ee855b83ae3e308b9496fe338c5b12c23d17f986df717,182132
membership,32,706,ba770929f43d3841966092408f947699acea960d30e4e09033e4114cd28201be,182132
membership,32,707,5d5136f0cde6ff0a4d05558637dce5d07e293c6bc2e8af77e4dbc53ca37f817e,182132
membership,32,708,5a986a3ac82f52fa8190a2caa975ac4a3a32ee017ef5935ca3a1452b704698af,182132
membership,32,709,e7860c4ddb05a453bec70e46a51b2d72fc5be8372e0a5e86bb28aecb07535367,182132
membership,32,710,a80c10162d564d7ad79a245aaea9937e8556a7929a55283b4fb0e5d889f3fc6d,182132
membership,32,711,06e99985b9766c4b51769bf87c2f4e3f5613d653abe29b71cad75b2f96af0518,182132
membership,32,712,f3f3c3eebce810e96354920a8146b6c3fdd39c8e086276ff5d32ed9039df0b2a,182132
membership,32,713,45c2c664e4b49d624f08a7e703f60a9d501dcad3162205ecd8adcce98f7b211b,182132
membership,32,714,b65e68f662c875ae337f7ac0cffe8bb82687e738e02103d7e06e67222c7f0ab3,182132
membership,32,715,a0bdc7cb7505e470b2482df0b23c6f41bb0c46c27b0a7e38552b36ae484f1683,182132
membership,32,716,82c9662713cd9d8b531db73d39637570434b913ba4bec1c0b754dd85375f6b7e,182132
membership,32,717,bf9f0b7fcdc2fc54c8170433b84e17694c76724b86c322a29c39c3031afe63f3,182132
membership,32,718,2d9c85ec2d991b2019478bcbbf97190193fb16e41a66d373d5a7e115bf619ecf,182132
membership,32,719,90cc5efa874ff277557eac814199025c154de60657128390548c24e48b45454b,182132
membership,32,720,af57f585d212e8d2e9556ff68adc765ad40358fa896cbc2ad5f31450fd450d3d,182132
membership,32,721,0f3356710ab2fc9909ff605c6dbf6e99d459fcb37c1a970e3922592f9616d6d0,182132
membership,32,722,612706e7e5469fefade98b5c90944c196dfcebf05ea0ff1b3f2d8205f82b1df2,182132
membership,32,723,6e91f18f833ebf2b32fcace2f374a6f3f0ad0113e9661c94f3599796acbbe3bc,182132
membership,32,724,80aa528014dfe9803ff1434df45d36164c1af917e360d3bf0ec3fdf312308750,182132
membership,32,725,486dfa164ba01881bea4dd85202888ee37bab3dcc8036106b9e2481fbb44c989,182132
membership,32,726,3357079b916c05641f7629614cfb00f4a28e260b15866d6cdfd58bf8527a7a6c,182132
membership,32,727,db2a88b04397135b4d8788650a483ff7e8bd0e4f89a623d9b37e42ee515302b8,182132
membership,32,728,ba5950e807a09c364b416bee2783c20e1baeb914597ef93365e19323d6e4c48e,182132
membership,32,729,30bf1dfa4193de1d08088c3482a3628d9ad9d7f00250fc2cc3efe7dae409f921,182132
membership,32,730,fe3a1956b234b8e7322841bb0ed33c286825e8b546b52e1304289969abe6da84,182132
membership,32,731,8eb9d9a59270e51e55385fe61f4d9b8cfec891df9780fe4869e94a22570db697,182132
membership,32,732,ca1078cf741bc0a5b4e3fd0502c7a994fb7219601e91260d99db6a2408df4567,182132
membership,32,733,7c5d8560815083630a1a8a03ffc580996c66e8ffee2b3b42298250bccd4e4c32,182132
membership,32,734,2d9336a8984a9c00add03ed0ed36744d813deae897f9b3fc1ad1621c3afbded2,182132
membership,32,735,592c7b12c938433cd262bb9a1fe8f53c62b895e86ed498848090f6d23b220cd7,182132
membership,32,736,26a4db3d99f61a35531d2754558f02b7b66f850449e722c09e81a0f8ffd5a03c,182132
membership,32,737,dc4876f3676cc72300aed205d2b13d2d131744b29bcf71f7e955487af1e6543e,182132
membership,32,738,86eb9dc6705c0743bf42a38da42bd2e461e008110dd48e3ce3b844d180532ea6,182132
membership,32,739,15a4201015360c9ac093e3a30402fbdb9e018565398a148144802d58e7e8f927,182132
membership,32,740,2162fd067304107d12d005ad43da27feab04a39ca1cf48a5e098d0fcb5974072,182132
membership,32,741,af764a06bfa70be67357ce996e10044c415644163436816570f730cba7024a2b,182132
membership,32,742,91c3a3271cd7c6a6bab18bb3347daf4b73647d74fb8857372e40edab8049e23a,182132
membership,32,743,7966b874554377b23ad9745171e1228ac938c15a67010d2acf9ac059c4b41b87,182132
membership,32,744,be28d668006e4319ebda1bc3217875f4d70d220879e01816910db22a1358f052,182132
membership,32,745,8d286c2d7211775ef2c0cfca15f600a85cf2a760a82b73afd7f1555d0e24fe9d,182132
membership,32,746,ffcfd6b1c3aad2fa7bfe78f39e78c864ccb49a0f2e6a890aac12294162c45bfe,182132
membership,32,747,bbd077aea52474a277cfab75846032c9a64e96eec34f64fdc306252cb7411d92,182132
membership,32,748,7b990a468cca2c97845448fe645e6347aaa45d55de26f5e98adc07b808623bac,182132
membership,32,749,6d9e115a3cc5f496305c1c1949166e947bd7f89942eec11ed2347e2886d93ea3,182132
membership,32,750,48f3a86205f159edadd3dd80c27fe6d948f9ecbfa9c4587eaba31306ebb4f3d6,182132
membership,32,751,f5dd3dc62dca90419b69565ca313f3e3fb454f5643e530ead277473f34d12ca3,182132
membership,32,752,e63d962a4213cb802ea0c70903ddea2f68566bcd2a9a51d2c7eb3a535d23be7c,182132
membership,32,753,6b51ec181b2658fb4d5d997d5ea46e2d534165dcf368ab935581dc4a4fa9ec86,182132
membership,32,754,9f7aea6ae3fee04209bcb2e6f75100e37dadb2fc3daf5f2c5c28083e34603e5f,182132
membership,32,755,58d3cae57c83ba344b498e9adc64c30234bf9f96b54774d7a637b689a9a9d861,182132
membership,32,756,9930cb1a5c3f21c2369c38d6c0cb4328be9261f44b9f1c096064307708355653,182132
membership,32,757,3871f1f8c079b6924323972d46d4e672086672c816fd86ca1827779ae2f895b0,182132
membership,32,758,a0b66bbda7bbb0dae1fff3f657a98e6f8c0cdb212433ea8c44a62f20c70b8a08,182132
membership,32,759,bb16bb641b703836babc4327fe03a5edef290b8159be9d9aec36e41a5fc4cd22,182132
membership,32,760,fa9921e97f4d4c45a223a1a9c444d61c0a265eb4f84b3ffd01dc1210a6d7f08f,182132
membership,32,761,a0da111ba50eaf0d25165239f0559fb5ca4d1c549a914ed1cf31ab5d996a3416,182132
membership,32,762,80e8406b10d813a2dc2874d91c16fe86dd07dafc9b42136800e8e8335c1f3446,182132
membership,32,763,b2611b1ebd400a3aaf9ec9828c6e8e7ad03d96c8f1980982455d77de9231d3d4,182132
membership,32,764,5e5be3a38159a9f587031415d2f996a7bc266a911a1f99df6fd57905e97dc3ae,182132
membership,32,765,999881fa457553c2ab997cde37094312ae306c6a36b31bc6e3bc62d125050557,182132
membership,32,766,3137130fecfffe14255550f534466f1122e475527ed02639cedff6f902a98342,182132
membership,32,767,0483c937042519a4bf7e0dd87b6058d2f4f34b5e095d9bc628c7feb34d653268,182132
nonmembership,32,0,d8af35834f7ee0ab4274a091e8c250fa92b5ee5b99f01f73ea5c281483e8fd6a,182132
nonmembership,32,1,3e9c956cfd0853816e4e95e2829ae4d4e8a5766ba163e711e67353f4937d925a,182132
nonmembership,32,2,8dfb18906c65daace5f1468ac65d7439faddfb7d5b783563ae049f387243144c,182132
nonmembership,32,3,b9f02cce17b0f482f2dab57d99f33c6a8ddcaaeb9a81c8a367bec84d4bcc9946,182132
nonmembership,32,4,4503a3f99ac6a147da62ebe6b4b09d22bcec974b2b2c7f571337e7aca80b6b03,182132
nonmembership,32,5,2c8449f4b26c700e64fc9d716cb354ffaab4f000794f6ba28642a44576209705,182132
nonmembership,32,6,e8081f3fe5a0ad28ce606b85f0b59374d33371bfa3391baf0f304a9382fc560e,182132
nonmembership,32,7,fec90319881e82c9418ccc708ed145f72ab2ed0af1ddb074f18c3a5d291b2d12,182132
nonmembership,32,8,6185607b9f7b82dbd66ca5b35cfd1fd1148ea25ff1e5c2f0b4c8a13e603ef398,182132
nonmembership,32,9,ff49e346ad49a51bf71dafa1baa98db8b1445116cbdc69ceaf738644ccef2c1c,182132
nonmembership,32,10,0d9e73563f79bcd71b3c97718d3a57dcc3f347deab58bffb637801c8b7a50688,182132
nonmembership,32,11,812c5d2de29b0afff65b0be79db7031c96b4a5b0be6168c7b22ad93871764a8a,182132
nonmembership,32,12,ddc56bb56d04e434e17d184b29d362847b8404a55cc5326e80735452664da977,182132
nonmembership,32,13,17ec53e7f8b7ec522970c746d87d3d45a019f310c1d75c7fea8a2cbca1ab3260,182132
nonmembership,32,14,50ba84365f5e063215e52b151f61a9577006e3f627e4a42a52b4af40028d1300,182132
nonmembership,32,15,cbc4da53e5fda14489b26330ebe13a683e99896639014725ee88381b3bc1f563,182132
nonmembership,32,16,49abbe95776577ebe47e94c1e5461e7925423d0c41a144f5cb419b23f43f9dea,182132
nonmembership,32,17,667c710fe8b0f7380e6dad29e8ffdf0831a70a6c1c4c8015e739e8416a17a5cc,182132
nonmembership,32,18,15f5169d3f4f82616f0153c2b6c5f00cca7c224f15b0a7ef580c8bc31418827f,182132
nonmembership,32,19,ba5fe09b60d61ac33735b1216ca7cdcfe574afa8dc28ed1a25e7ac95d2b9b8b0,182132
nonmembership,32,20,558b3878b750a070a5be197b2b9f29b5fb49bdb4076f61d273cfc8b7d0c31e00,182132
nonmembership,32,21,871f97b6595cde92664ee9a00510a978214fada0c4708a3e53b843ea277c13bd,182132
nonmembership,32,22,aa1e3cee55155c8527f9ce665120b7842e7f26fb3c92ac971369c2a66b53b7a8,182132
nonmembership,32,23,435d51a586edf9b6a4d1e1a647dde5d01fbac079b91ca60ac3fff108ca61773c,182132
nonmembership,32,24,ad4aa7b71ff156d5835629e15c70162afcd1d4d39ad56bde98f1f2aaf3df7934,182132
nonmembership,32,25,806c91a859151fa9a24127589fe2d1ba95145718badc579fa8803afc7d069fe9,182132
nonmembership,32,26,98d439a4470f3c30efc3f94d4c5c2d3cf28deca2b86d677a367c9b3b854d5947,182132
nonmembership,32,27,7c35fda539e6571e3f177ba2ace91387cb1db38477d65aee504942deb2a1c966,182132
nonmembership,32,28,4bb533cca288b12eeb607ed59c22f54e9ca30ca66c2a5b546f88ffaef4c9eaed,182132
nonmembership,32,29,899c2e76497e5f06aeeb32d211bd7acb2bdf383d8c43d8819c15a4f6a8e869d7,182132
nonmembership,32,30,afa0bf60fe32f6ab3e9fc0136feaaad0621a86ef18e79f7f1ca135e75af649dd,182132
nonmembership,32,31,a4e01e918e08d77dfadac74097060d51705df3f6fc758597ca0cfddb017aa9c6,182132
nonmembership,32,32,173d8933a2ca14b0aa3eaffb5f1e2bd46fc960af0505620baff0491bbf717ea8,182132
nonmembership,32,33,de49708f3806af1bf3f098dba17e2ea5c31dbc09201e4991cc4bfab5bbed5188,182132
nonmembership,32,34,539ed99dcbd0ff9a9a2c3d4905fa84c9e5a3e4b568918e1faf4ede3243a35839,182132
nonmembership,32,35,8973b690edb51c56e2a00d607c5d31e74059461d776d8baf625c8424b6915556,182132
nonmembership,32,36,58f232a8138801dea82961f5f9b5181c738413730853e52f09061ba532860f65,182132
nonmembership,32,37,d881673d93be6bd406e2636789472f30bc75ca94a7f8a23b8700405b72a8217c,182132
nonmembership,32,38,6d78b066bc7f70c1e6c1adb5fe5b9f5257c3cac6166724fa6c98439d22d3cfc5,182132
nonmembership,32,39,bb16692fcb4720f144e00096716d6920a4090b6bb7e4bbd4eba028665d00ef64,182132
nonmembership,32,40,a5d14ef34149b8a0950cfd05f458717ffb095351b4d70dbadb7d59f54ae633d0,182132
nonmembership,32,41,b7143187a09b2db641efe3539b1eb22a8e6d5556f6a1433e34fa403eac34329f,182132
nonmembership,32,42,656be6f56ebebeef16436db6efc78b1ba3446b08a8efabaf274255f49509c625,182132
nonmembership,32,43,24389cb5083104ef366547c1c0680df240dbafbbdc132966716e1601275f6532,182132
nonmembership,32,44,1462dfe581d129a2ef10c90d16052c423e107df5da2889931c0c015373304642,182132
nonmembership,32,45,a0f6bff7a6e75b64e02f30dfebea5f49086c20484f0eeb6423555318a350cb51,182132
nonmembership,32,46,d2f7e1c8ed79c7916b916dd2fbaaf92dbcade8104a3d3ce692934136e531096b,182132
nonmembership,32,47,56f2e94192d74b1bfe6cd17373d7ffd13e97088331d17b0ea044273a3cb37032,182132
nonmembership,32,48,cb043ca6d4e828978af872ad7b750c740316cb0bd53b53ac2c9b1209adbdf31f,182132
nonmembership,32,49,150bfc71eac57728f877f37b7914168862e2813726bf8781355fd8ed4ff20000,182132
nonmembership,32,50,a6139811e2e83066e00c3fbe3528f6f14422dea48e460decaef1d9ce957c77bd,182132
nonmembership,32,51,749db106b958963c8435c2e0f84858c599f69b5403661f0374b74caac2bc8db5,182132
nonmembership,32,52,697189ef81a50f8518ef89d1e03d3716295bae301ef8c89f70821242ef8ae2c4,182132
nonmembership,32,53,5de53a631d752c3e2425a46b73df009af39db0f7fdcb5f8f50c2c23d1e1a5ce8,182132
nonmembership,32,54,d0e6305ec28f24ab5823b07220392472a61176e27f1ec80169ca47f48216b1ab,182132
nonmembership,32,55,01f5f64f1bbeee017aee849c20b763ac7d6649d97232836fd7b57fd9fc83ab9a,182132
nonmembership,32,56,5087ba9c0db887ea174232925083c641b0eba51a1cb677a91ee6169413a1d870,182132
nonmembership,32,57,98b91ef1c3d947a95fd8d0f6afa3b2f950ea6c309fe6d301245b2766d4fdff11,182132
nonmembership,32,58,5447a4bc52d679872473b3688dd27e0a02054c6a9b2a7a408da0fdc269ca7431,182132
nonmembership,32,59,ddc04703006f41fcea7f8550ae3fa87854299999006fb4a93dd8eb9cf55a2cdc,182132
nonmembership,32,60,608c784b37c322418d2e47c3749034987cb69d922c15c45c6e8ef85b89d6da6c,182132
nonmembership,32,61,b2410e7a5758f575086ec86c3bd00f25b757bd814ac28409e3a505adb38a269e,182132
nonmembership,32,62,d63c31182a8a9292cf060faa6c9c3627a636948f81692b89b8d82b283828a8c3,182132
nonmembership,32,63,d35979e33befae16bd2f7e3040d4c9875c89d136f590ec0fcd496bda2f61b350,182132
nonmembership,32,64,a309c35a548ef77dedfa83e0c484dd2c9a487a8294609c5a2b212e5083423d2c,182132
nonmembership,32,65,1d40ae995fcdb49caa5786bf8d45a9557968598369bbc48fce8e6c5e41d993b2,182132
nonmembership,32,66,64c243a38ee06c6d7d1909c1c72e01af3d157f3b4b2c7d3fd764c800d5991b1c,182132
nonmembership,32,67,1db662f994177966f16ec59ae2d0bfacedb9bbb07f55e08ae4032aea9b037c94,182132
nonmembership,32,68,786784220fcae0dd114fb798f5668a5ddbeb1e9af57a72ad304a88ae69eaa679,182132
nonmembership,32,69,2199281b360209d68220fdc5fc48012db045fcd0c4d28c23835534f9a4fa83a0,182132
nonmembership,32,70,dd9c65b48abb896b1ce8e7f93537785f4e12b7a544eb25c22bd6240fbc61b718,182132
nonmembership,32,71,ec88dafe04179a177c51f611d9df31d151613e49b3f6f8f4d4cdcf9660271aa9,182132
nonmembership,32,72,0025d9e3e0077812295c008f22fe5d754cecc741ba45d110a7778b8e863606dd,182132
nonmembership,32,73,8ecfa77f1a422397044680328a9c934b43a1cbb20187cb768e718c8b496ec10b,182132
nonmembership,32,74,235043b56919a48202eb99f0dd7388fa47ea3b4487084da80e8cba8aef8c37ca,182132
nonmembership,32,75,92fd21c2161aaa32cca3fa0bd79100081465a0c31f392b3481f4c91759c781b8,182132
nonmembership,32,76,020178813a45e85fd7805ffd36c0616ffd3e88dd82ee7b20262a5c2bcba177c8,182132
nonmembership,32,77,4981157a23e7341c6d70294cac52d8274452716b949524bf624e18fd0a3218c4,182132
nonmembership,32,78,2f83861d8bb32020ebdf270c0331fb3160a38511da7b431fdce83d0a0aa5f477,182132
nonmembership,32,79,e8071161d8b2e143541a101d1af4af6127563d61002f45dffa942a3dcb49688e,182132
nonmembership,32,80,e6c3f9ab4d378ce3a7344837049e1c36cce9f884a0b778e3df810a6e8b599fc1,182132
nonmembership,32,81,d7b07d76168b86215373f0590c9565e2f977787286833cb934d601dfc19ab65c,182132
nonmembership,32,82,8f389edc8b870a6dcf82330fa3da6d16b8d6110093a7dc0ec4a77cb2ca1e57fc,182132
nonmembership,32,83,ee9313ff668be3134873934f2844ff3270d92555b3f4424b5e128ebf82c4f0b7,182132
nonmembership,32,84,57a8617460d8ce5d0aba9796a309c7287254babb68f59dfe4c749de7918a4c48,182132
nonmembership,32,85,18b4ac25b499860868a4f2494ec3ce691a91ce733ae2504184770a3f1d449035,182132
nonmembership,32,86,f76f4305cbdb10bb70437d6d47b183e1c99464563072742b4bb4517517607a62,182132
nonmembership,32,87,8428cef910805f631a14724ae5827332521796833aed14db099133975aefb290,182132
nonmembership,32,88,fdd50606ebae68381e380fb1459dff3db9050c070ce4eb4f2a3313bc62dfd2a6,182132
nonmembership,32,89,dc9df0d4b57a92258cfe2d215bf5f9d1085942ae584e6e5c5a2618a589d7c076,182132
nonmembership,32,90,444ac7efcc04f892a773c9091b453ff936161bded44475b313b5189ce48f6e0c,182132
nonmembership,32,91,988eaccd5cd6441520da6d9aedf75f9ab3fbbb365dc647c52b68a1d85041b521,182132
nonmembership,32,92,a6258ef9811851c8d70758842584e02f9134e245e856fed061f111d49c330f06,182132
nonmembership,32,93,be52a12a921db6ee93d27ef29c7f31ad0dc19406956964ad355bb1c8a4a80de7,182132
nonmembership,32,94,feee92116afa17910b312d06a2da93cd236925be9ba6d1c11c4fa4f1b9b60dd1,182132
nonmembership,32,95,f04f091c3c82758cf451c86a0943dc148dd1a0133737a096125e0df1d22ed4e5,182132
nonmembership,32,96,61f65a411e91ce8c757da84ca2cd8d357aea8f326a0284238ec6d93f460971d5,182132
nonmembership,32,97,2502f20fc000c8b4ed5bbcdd7d4b6045d65b90419fe983a7c51de7f92892c286,182132
nonmembership,32,98,6fb492523fb3b2353c4f6fa46a8b008c2503cf61a71218d67e69533c594d189d,182132
nonmembership,32,99,d2e29d4934cfa5fabc5adfe296b53e7b05ef28a9137bec004f462dbb8243d8b4,182132
nonmembership,32,100,5294b4455ea7443fd93268066d1824820fda7a72615aaa3271174acc08cc6182,182132
nonmembership,32,101,a94601596fedb5cb03484474e83c7183e0ba2bb6e8dad67ba18c2c868af34cb3,182132
nonmembership,32,102,a39972464c230fcfeb745661b5fe4a93d03e07ef10847296e31ef74cf9d30837,182132
nonmembership,32,103,6033ac3daecd815e41211c5119480f55962bb4c1e28f28488ea07486a1e80d09,182132
nonmembership,32,104,97ba0284c2d5362459a94506bee1efbd42d6ca1a38ab8d6d12c35dacc8116b70,182132
nonmembership,32,105,cd7a77491bedf5c25b68c746ecfff9b25e54ea77f4fb8445c8bf71c4b9e55755,182132
nonmembership,32,106,a7a9a79103828f4f6dbcac13eacbcce30bdeb328e18345e093971d8ca1ea666d,182132
nonmembership,32,107,d245363befd48635bfede87934c6a7dea4d4602461ff640ee373050c8c840bb8,182132
nonmembership,32,108,ad9ba4c544f8d25a9f9581ed9f6615d97748add8688581c72c03cf8e3c0aa7dd,182132
nonmembership,32,109,e57804e3e94401548c30b4dcf9556e4781324ab42cc6889d821c8e3915ed2394,182132
nonmembership,32,110,f176daac634bd47069975424616fb757788fa1db6b9f6e755e51e8b42e422fe9,182132
nonmembership,32,111,0c8d84d8cffe06932e16ebfdcdec835bd27e01261060d688af72fd7a9917ff0d,182132
nonmembership,32,112,5930d41f142beac228ed0cf2c5fcfa3292c07a503ed934fd1f6599f5e8c11174,182132
nonmembership,32,113,656a7d29f20e2fed0d147d5019cbdecbe61cf13ea76344ba3e759919c6c09b2d,182132
nonmembership,32,114,a31678bf3c3e9c7e7d3bf21fff3bee0d28b9ef00cc0dfdb1f6e307a2bdee4044,182132
nonmembership,32,115,a0c146a46907abd48da5a5b3c3da260d1055a80ade75b6ddef25c7683e250620,182132
nonmembership,32,116,171f25457e197adf9633c9973dc29843927cbdffb335de79228a56e1757f2908,182132
nonmembership,32,117,7f36dbc6820625e64b07bc3bb53a20311ae55479eb3139b62c18e422335a030e,182132
nonmembership,32,118,c117648019ce0146ba066799442029da278581ed161771b85a9b43b1ffbbf78d,182132
nonmembership,32,119,4cc17e6c0792e33842559caed45aa601b0cebe0864e477cd328d88ba8df8e113,182132
nonmembership,32,120,8ddd990de4cdeaa98ece74596f62300eb2620cf4e1fa3943ec2dfc115dde9d04,182132
nonmembership,32,121,b1e59d16ef11a5272fafa69433c0a926fb6765c92741d6b88272d97ffe236d12,182132
nonmembership,32,122,36b5849633a51fe6a6c57bdd5217b4c56e98836e47f60a60f6772ae686468126,182132
nonmembership,32,123,b2fbd6f924c046cd270429cf89eeaa0f64fd1be424865e90456649fbf9afbf44,182132
nonmembership,32,124,4608447127c3d4b6089ce93951bf7113e79193e85980144e00dd71aa85f961c1,182132
nonmembership,32,125,15861db23cbab52d01bbb249c837710c0af11c27492f58e37afb45d4d9a0b103,182132
nonmembership,32,126,5c547cbb17365f8c271db7ca9a12127e2f2eebb1e6a62480ee45ecfa593c70fa,182132
nonmembership,32,127,3645b139533657862927629fa8e3851c211035677056f4b476dd307d1138d8f1,182132
nonmembership,32,128,f097917aa5538667729faff866d2854055471429462f5b76be2e64d8019596b6,182132
nonmembership,32,129,3a8975d422807a4a78593644dce1dbe216958ec7784768436ba05029604785a0,182132
nonmembership,32,130,216acec22f5dc43ad5f4f78736e35ec8263bd0a9a44f6473b3b5322cf14955ee,182132
nonmembership,32,131,830cd8657d952d246b9ac31735bb19f771ed864d9302a74b5b0e3e8a4ad1536f,182132
nonmembership,32,132,e14fedd18457153473b6967491c80a4f3a7b5a28a14c5a52f21ae2c2dc890eb3,182132
nonmembership,32,133,b4044acf6e6b32e3d85c5af6b83ca8d453acf539b6302eb30dfe01d2ec995a00,182132
nonmembership,32,134,61f9a8e10848e68229b59d343703c90fabe3793f8bcf386e95348ef26f20d499,182132
nonmembership,32,135,4645bad003055f544e99ce2adbd4a530b62c65b98b711b85ddebc3042ca60eb1,182132
nonmembership,32,136,8194fbf19b25c4d1298be2dfb04f92eb5870be938cc7ecfd9846c9589bcefd7c,182132
nonmembership,32,137,7aaa60954d334deb30246f68f91e66c8431fc9530322727c4d77b8b3774c6d06,182132
nonmembership,32,138,e490dff050de58f023a46f928c9753e8d96d8ccb3a4ba84fea07e2fef52a2bc0,182132
nonmembership,32,139,06449d10973da9827daa4ac80fe122597beaaf127cef77ad2f9e071e4b2ee167,182132
nonmembership,32,140,aeb75d6fdcb7b3042d432cd348b65c790cca73827e9a9c5c787ce05e0e1a98cc,182132
nonmembership,32,141,404c3be80d3da6358bd605c0f2d5c5b76f7968cfbb27fac0cdc5ba0a44ccaa45,182132
nonmembership,32,142,8953b6b039fa66ef9dde4b0d9bca7a1e8ef44129939ab0496c8867a7dcc0bb21,182132
nonmembership,32,143,dbebfc2a80ea0da0f9cd91c90588c6fe9b21875ddf87f987debf8011261616c4,182132
nonmembership,32,144,4ddccc7c8e371e07e3478634d3e31066f14864f74d394c35b26ca36cc36d09ae,182132
nonmembership,32,145,c36d81f48c302d22a5e359217ed82460d2492ead91d5ca3ba22422bf877dce32,182132
nonmembership,32,146,62bcff1642d16b5d698fdf9738e6280532f4ad11dd978a0506b52c982a99b033,182132
nonmembership,32,147,25106efda61a9a57c804e0432dde54c5fb6aee8cffee8ff1d5c67825acd7b90b,182132
nonmembership,32,148,519f3118818d5491ee199b5a69f8edffbb5ef974f5d50a81801fa9ab74baa59f,182132
nonmembership,32,149,d15e30a574f7a6f33847fb98562e6a021e9ac21aa2c0cf774d77dc6e2d4b0d9d,182132
nonmembership,32,150,953e926870262d2d06d7dadc1cecb54aa61811096b63cf1990005dbe4b2cd259,182132
nonmembership,32,151,bc944b41a0c7136f2baf41191a374cfe489d51ae0aa9af103ffd840c305c8855,182132
nonmembership,32,152,b632415432426403a901266be7053548021d3ea20e4f46ad778b38d6a2bf6ba0,182132
nonmembership,32,153,4822f943f83061a203adef9ff2b411396b410fa277aa73cfe902cb7b72a3c702,182132
nonmembership,32,154,bd9d7b87676b15d55d41d6971e56014d4511c91c788c7aca0701729e10260851,182132
nonmembership,32,155,69e1a4578f71d202674b4c1aa88dd462642897ba7f53ac621c88d90b2d3908b6,182132
nonmembership,32,156,46d080dfd1a8c4b17ad17736242275afd0d8c6231b1a52d2509e4e435ab84cec,182132
nonmembership,32,157,a6e6ddebc3312fa165788e82f4d7616a1e882154912c169a9d97e6b29f540fd0,182132
nonmembership,32,158,843efc21870ead599b8b645d68fe6819d6bf001a0913a7f29e55bd39d636c421,182132
nonmembership,32,159,a2ab78911d151f02d4f582a7c545747b5dbeff4dcc0ee381a255f42c261a3713,182132
nonmembership,32,160,1690d0a8ba940f9dbdf696b734e5a62926ff470875c9f0d7dcea6c8266a02b8d,182132
nonmembership,32,161,903657c54988224bfb28361243aa4c760479e5f85847c41a0c82d7ab4e05c2ff,182132
nonmembership,32,162,566dbd33eefd8e742a3e74cc355edc82a3c2d45b56099af7bf31227794673e1f,182132
nonmembership,32,163,2206745911e0a6c51471655c92b7968238bfa021f7dd35449808f2814f8ddfc9,182132
nonmembership,32,164,4b59e6b1e9bddfef0d4242929ec1d1238743fabe9ec5a794c99d651bc120e97c,182132
nonmembership,32,165,d7e89e7669a12aead52e9713b9d7597140c8bcff951d8dcbe8a40c242f27a816,182132
nonmembership,32,166,1fa3f523634f271c75487d44996937b35f0d8cc9d7c7ccb231e7dfe66c77a817,182132
nonmembership,32,167,8ead5b681c95fd20a65ba2fa0f8b48139848571ed332307606f05461392ed5ae,182132
nonmembership,32,168,d0446e1144034320cb4e9708e18a68d123f666cbaecb780e8a02603e7bb47348,182132
nonmembership,32,169,604ab3e35acef4391a00ba807eff0d264d5b0409041e7345817e9f43bcbd1c30,182132
nonmembership,32,170,39973e3fe438c16442c1c6354f88ea87079200302773a35a0d7ad48a2d034ef9,182132
nonmembership,32,171,32e1c393f13ed66237e4953e2b7a46414079e51220a506631d72ee13af897e94,182132
nonmembership,32,172,d1b496b1270040da4754f4f578e43f0df31ddd47fa6f242d6d1cfaa27b762c4c,182132
nonmembership,32,173,bac445be80ea89adef2110a095d63ae0c2a39dfa6752b97332d294e1c9f377eb,182132
nonmembership,32,174,15008f259558642c4e4e1b2fab4a26d7cfbe016f8b1c08dc14bd20310f75e5e4,182132
nonmembership,32,175,141a35b233c90c447cf3b271398e6ff27dced3c1bf700d076a68fd8e04a3c39d,182132
nonmembership,32,176,b3d59d86c1fccb4c77c798868c8c6abd95becf292aa826a0523018e82994b4e7,182132
nonmembership,32,177,b6fe702f7a104daf7080ceee34f3cb32e45b46092cb9e627cb9ffbfa3e5d5c9a,182132
nonmembership,32,178,b364ad69aa0347138d132e6ed9c032ed7fa5b76836e611aef3060f67806639df,182132
nonmembership,32,179,6d6deac272b36f15bdd8e8552b7488c415dc589f7d7b00944865ad54b727da4a,182132
nonmembership,32,180,7f9f466b1d56504504b48111f7a63c48fe461d8ac0c15e2fb717974a0ce7dab8,182132
nonmembership,32,181,63a2d57d84fd4f530c3d5c5f6c50349e18337ace7b2568e0621ea43e4522ec36,182132
nonmembership,32,182,53fdb6fc4c8e88d3a57c6e454b359999b0c1a877a164dc771b7a406802b4aaca,182132
nonmembership,32,183,982fd731edfedb2722f25b37478a1a5dfa0e6f7d3c110ed90bf47f93dc027ccb,182132
nonmembership,32,184,c5bcb9ac6ab943ae3ccf99605ba237da4cb3d785bd5b0249aaef0711f4f1b272,182132
nonmembership,32,185,70969e0352a41ee925a6f61b46e93e27033c9ad9de3700b08a5c67869ecd6195,182132
nonmembership,32,186,fc79cda8f869c6d36f7522f2fb81ec2138f4c16a240ecac10248ac2445c46ffb,182132
nonmembership,32,187,93890f0af18ac52ae1e236385b1cb038a15f38dd8228e223927391563f0f3bcc,182132
nonmembership,32,188,4acf344ea4abd44c37a5a54ae1fea0aefb5fbe50340c698f7571e3f06b3ae261,182132
nonmembership,32,189,5ec07920f71a81054e7e8cca8c364592a0ab09dde095e92183c4256100b987c8,182132
nonmembership,32,190,b1958f249d70d32d56dfe1e0a0539caf03fc8767486dbfb89817b38feae66d33,182132
nonmembership,32,191,640c5f8c6b40c85b5e89609198d819789a12cbcee0e4a7d417324fff480dd0e5,182132
nonmembership,32,192,b24bb0dec49169b3b930af9091ac8d4015382c3e9b7836839509533b3c062c1c,182132
nonmembership,32,193,9a059928468a22fcecafcd4bea193b72987e5cb11258f85821eb3c04bf51f8df,182132
nonmembership,32,194,ae510e7074ef4544f19db21db3a405ebf8e58a063017df8fa994dc0de8f78544,182132
nonmembership,32,195,71ca992b69b6233e2f03125e4dd72b1095672e3cacde2322c191faa97c6a525b,182132
nonmembership,32,196,804146bb032d55caeb6d704211f7dc106699d5cbe289c00b673669bd45292220,182132
nonmembership,32,197,f92ed73aac6421a25d7651267521cf0ceb99a6bfc235718dd5ec2abdf874aadc,182132
nonmembership,32,198,de9135409e6f4443a8be2232512059c3064e26f4d63c9e806aa868b95de8cab8,182132
nonmembership,32,199,db98cfd8b4b61d6c9a978d74348ed9ba380e0597044e2d2c43451a82b79ff035,182132
nonmembership,32,200,15803ab84fc444754e6debb8ee260eb4e2a0a30162db1b8c824c40753598dbe4,182132
nonmembership,32,201,450ec3a45d9471dbdec022afbf23c72f68b323ea1e026bcbcbd88f4fa57c6bc1,182132
nonmembership,32,202,781055c4476bf3f732d19c910b2017be42a194412f2e08835b4651b28969aa3c,182132
nonmembership,32,203,0f57d10ff499fc5335fd872d229ab6fdb8daef82ac0a3400a4873da168dabf4a,182132
nonmembership,32,204,e1eb3dca3dbeb4655b0d76a1d5642ea6f7fdce40baca62a6e73bdf47fcae58af,182132
nonmembership,32,205,d4b4a6c34f30b012ff0e988c947ed9e75922088103df96de9ee8191b624a8801,182132
nonmembership,32,206,e0d68fed8934b133b7fa9dce70f7a7a1d1dc8747a5b59053ae230869df174696,182132
nonmembership,32,207,e0d8cf36ee9f6088ea3d0296cb240986b45e25aef3d42fafbc14bdf75368e5b0,182132
nonmembership,32,208,d4d08eb76a42ad199aefc9c899915181ce08b68ddc5811eb148c74e62b020977,182132
nonmembership,32,209,2e3c24237d1b8211c2e7c57646f8433f6184289777f0f7185b520c1ba9b777c6,182132
nonmembership,32,210,b402a3b6afe1df38b8d300969d5ea8cc7d4efe51c0e6c6aa3fffb28ed8040fce,182132
nonmembership,32,211,4254bb2ba81b9587571e849acf9c0ed30021ddb2b873ceaa7c07102fd75488c3,182132
nonmembership,32,212,6b63527af28f1e9c4ee37d32cfa44198c91767cef4e5668b8d962008b4c4356e,182132
nonmembership,32,213,3ad3630ff864713281bfb7d167af7fa63b801b3d8a48d77198cc86cbfa617d53,182132
nonmembership,32,214,4bfcd9b45bd6f3a6b32df1beecaf067002629b6bb8943b9d42e0e601766aa9c3,182132
nonmembership,32,215,28f214eadcab64622a21138bc329c14f1ccab9b9ad21fc4bd030985a9da0a3b1,182132
nonmembership,32,216,3599d8b9aa523c02b3fc227e5186284a604fca8babe4f4a8e322cfb2dd5f73d6,182132
nonmembership,32,217,fa6661bb12ca36e04baf25a350710f3faf44231d32656915754da181f429b6b5,182132
nonmembership,32,218,200ab5ccab5f593ddcafe5e4a93ccbff1b75322af72a9c65f5676cce3c74cbca,182132
nonmembership,32,219,9fa1c4f7122d8be0ee19714a3115bbee1ba506f27ea15b7c85de4514051cb2c1,182132
nonmembership,32,220,4885d39437aea785961df2041b2b14d9bbc9d57a2d1044ee1adcbf7966fc271d,182132
nonmembership,32,221,942e210ddc449f2fb25e6e9e174a43f5129c17cd190b1b41dbca54e74b3757a7,182132
nonmembership,32,222,c4a56b074318bd9f82ba12c66b01f7e5ca9ea8e10ec2edb274f508fbf01cfc7e,182132
nonmembership,32,223,e7f1f8724273ea3accfee5caad4b284175d6cb06665547383a611006a7480539,182132
nonmembership,32,224,d929d8fdded6735f710cb3fc6283073d970e3ac07b646eba704baacc8c6ec3e8,182132
nonmembership,32,225,08e596102c50e0980946c4399cfd5d5decccdc0a5de050bfc63892757293b5b2,182132
nonmembership,32,226,a3f17efb21a52c2d14d37d4e41bfaa945f7c9b89b0c192b1eb2f1fd1e063b45d,182132
nonmembership,32,227,95874a0f41f3b3ffbc305bf6b169ff122d4bf0ace399e4335b98a9fda7c8602d,182132
nonmembership,32,228,cd8064e9743aa7b7e765d053299b3c8c178d9e2e1766e79b66e51eb7e250fde4,182132
nonmembership,32,229,6933208000836edf230177a89095762bf6dca34a96bad77e322d32c6803a5ad6,182132
nonmembership,32,230,16a6e8bff777b02a388442a9690d1c1740090060e2b82e56e63cdbd7595d04cc,182132
nonmembership,32,231,86853350a0cf1f8f9ccc26d7de76285f5845905dc9862231969610698d05d921,182132
nonmembership,32,232,85dd6a8b4122f578411c52922a4cd8ec69c8c8c3f83bdb4f2636ec5377e2c5b7,182132
nonmembership,32,233,f4886952a3faf5c44822e9aadecff669281dcdae1229f3323138e784c3fda798,182132
nonmembership,32,234,cb10212bc1517419b02a7c5142e0fd7daf8a9d3b26aec0c0f41ccf708d61be87,182132
nonmembership,32,235,e348c58ff2cb3894cd35a91d5bad4be2488d616cc45f96dadae8a4b43856cbb3,182132
nonmembership,32,236,1ddc75721bf3a6b6c2fff063fd25d15269bec6838cdaf4d493664976d3fdb107,182132
nonmembership,32,237,b96baee311e72f4a16ce25dd3fc06f643c173ee8678b6db07f09a05709ae5a78,182132
nonmembership,32,238,c45ca18407acce8797632358cb812a490af8e9b935233b99bbbe3905cc38903e,182132
nonmembership,32,239,e1675163eb8781235e2c8f0c0ad58ce7a1ed833ca67af70148df77e5e4d0cd95,182132
nonmembership,32,240,ec52cffd8b5c7a3444231e982d95702a00c8d3bbea07fb1bdef29b2765832b6d,182132
nonmembership,32,241,9a856188081ce53c6446d5bccc9ee537854f951122aa16f8ab9dc753461fa26d,182132
nonmembership,32,242,893377819505abd404ddb367334f81ee80306150664344ce58804c628be4543c,182132
nonmembership,32,243,16a6c3827e3d4962a92e44e16958dee8cbb7b39019dba21feb7711a8f76f2a07,182132
nonmembership,32,244,d61ccaca91b84a551be3206c3722d98528417c0fb6081fd7fcf934c5e720f42a,182132
nonmembership,32,245,5e81057658d2345a09cb0297f23f6e115eff3810745ce1afa05d9b59d7c5b8f2,182132
nonmembership,32,246,e7f03388ba940efc2f020b335759789f2e68c8a2d90a8473f79b96eb7c017124,182132
nonmembership,32,247,202d1a0770ad7278627767263a0dc15df15cf7a32a55600ba146fc665eab3c1a,182132
nonmembership,32,248,47f11bbbb6b1decea0344a72319c0afad63beeab4424b8e253c2240616510bcd,182132
nonmembership,32,249,f931f3071635f9783fcd77f130f638d938910ddf8275a9e6190fbefdbcddf421,182132
nonmembership,32,250,d5619df47a84099e44fcb91364fb681a1e85eca14af8c2f3866bce3a39bce252,182132
nonmembership,32,251,ed62cd75715d506ac52e45e4ec1e56bd5c95a38b66dbeaa41c28949813f4def5,182132
nonmembership,32,252,90d7d73d2d729690cdb941f7a31631444be18f194159fd9b5eed802aab23bae6,182132
nonmembership,32,253,978be1ef188417300721d1e96a2c914efc8963ab5e0d898ec31a5d32eacaa860,182132
nonmembership,32,254,4dbf5d82f6a482e50909ef5a4d72b35ac90dfed147fd21a535b86434fb90c44e,182132
nonmembership,32,255,f9e80b9dd532d18f290d7e8e2504131db7cf83cc97380aa4646e12e110c566b4,182132
nonmembership,32,256,ff41023f9709e763afe3eec64baac17c35bf40194af8299f24f9b824a9cbdeea,182132
nonmembership,32,257,baabc9209eb2be6d3f44738d362cbd832d9d0fa577b6a6bdbc3abb0bec79ebeb,182132
nonmembership,32,258,58dce4ed87636a9515fe9e489d7a3663721ad4500bdb57c6b5ce64e05b254a07,182132
nonmembership,32,259,f4d9ed52705fc58e2b073b953027bdf626fb11efd73fc1ce7af80afce794fc59,182132
nonmembership,32,260,38e00a5baf4da7ee327daab69c93e8ca52a961cd77e0c18a114b41abed9dbf31,182132
nonmembership,32,261,61fe9f6b6ee1ba399c29179c0e4da53140aaf98ab391c8ad9fe12147fc6a8b89,182132
nonmembership,32,262,129e8b33deae089d731f82565ec74ecfa125c87746f82951991db0a9b5a44028,182132
nonmembership,32,263,108693a3636b3f62b234c1e48d743147fe25b2808332f3b4bed390bb04ec7ef1,182132
nonmembership,32,264,ac57905d58263240bf2aa206989d29304b75089beda7ce0bb90bc24453915c5d,182132
nonmembership,32,265,a8b4dd861bb26aef37bab22fca24ab5e0aa2419aea465ae61027911b3f0673ec,182132
nonmembership,32,266,c7edd0322c9fe6ea9a378caa5bf46d19c93ae961b5f88ad659dd5139a56719bc,182132
nonmembership,32,267,4d8b758974fbe272b33c2ae8fb859bd1e3e9fba95a11275336535a2c46b59af7,182132
nonmembership,32,268,b013cdf2dcee1f9550adde4ec9c215f26298a85e50416b3f447c28b1e562b976,182132
nonmembership,32,269,516cb1d4bea171eb24ee6a69d7687c4a58e83528829c2dd1ae4a26ecbfffa1e9,182132
nonmembership,32,270,3df51aa051f1230d6789f18ebacb8177569ebf2b8dabae1458fc652f037b616d,182132
nonmembership,32,271,65d51a92a005f43da94b56597de05ac74902460df8199f814382ecd72292fdf7,182132
nonmembership,32,272,930a4547dd9cf763c7fcd286d8f69785fef94799ffc165153a0003482134a64d,182132
nonmembership,32,273,3f80e45ec76930f6d58352ce0eddfbc509c2a770cb0074bca5fefe2e9f42a34a,182132
nonmembership,32,274,0a23d5c14838c2c035f36cf6f3a86a2528a9cbde6b9b1ab26d7b649b99e34ab1,182132
nonmembership,32,275,0da58f4e21630463eff84d73dc4fec5f518285528143d267eb00916d5be61922,182132
nonmembership,32,276,89a794ed1e31565b19f4d58e1fa17d88ba7fbdeea0d99341fefe702882a2635d,182132
nonmembership,32,277,b85fecfa5140a5442fec5e78008c69518671a5d98bd265660d4a5d2f11e4f94c,182132
nonmembership,32,278,7826f5a21c70616dcd21812077df311d8a98e80745644b66fce1caced4d785f6,182132
nonmembership,32,279,28cbc3ff44588b1848cef69fabeeeb7db0e4ec41505e8dfeee74b0a33e3a4b70,182132
nonmembership,32,280,c8e3f5f19facb9ad26b4f87fcdbfbd6a8ebe8bbac221f97c76cd41e20afab554,182132
nonmembership,32,281,900307378852b87cbdd1b9ba9c2548148dba2ff4faa66e9dcfe5f6f1ec41b3c8,182132
nonmembership,32,282,658bafcaf0fe4813597ce0e069cb943261e9d999913a9d09bab2d0df6f8d9add,182132
nonmembership,32,283,67098fa3cce7cec23b0d3613bb23a3c60d36b41d703ef4ec441e79a8b7a4b3b5,182132
nonmembership,32,284,1a7ed9ad7e0e4d5a10d1cc885b3c657fe636187ecef48fea926e8ca00db948bf,182132
nonmembership,32,285,4f2d44abd03628ceac12ae321ce6552bfdc08790040723f8b4eadb8b3c142f41,182132
nonmembership,32,286,d951e474140cb0e405fc2313589e5e8e3c6914c77f63e72aa8e70cb93e0b6126,182132
nonmembership,32,287,604f7e7b6f656912c3df5d1d918fc890d0c6575b1e446adacd8737c08ac1443a,182132
nonmembership,32,288,7d723e9712554754286450bf2f11febf9ba4b4ed08630299c42a7b03744d4fa0,182132
nonmembership,32,289,151c948837cf5117cff1b04d5eea54bf59f95c204b77fefc0abc7804e1b133eb,182132
nonmembership,32,290,c2d41e3b8ad1934c3ccdcf7eea2cf0f430cd9ef1b775c51cf8ed462b0bae5697,182132
nonmembership,32,291,e32dd1492352d35d5b0fff5f7421062e62deab01ef5f5307172e6b7c4dd06f83,182132
nonmembership,32,292,c9f8317f2a17a6a28c12a4a33ab4a1877b1eecb805e3543ac6c43618d593783f,182132
nonmembership,32,293,c4da7294078c9d0bc88d3a46a889032e900ef6af8b70837e2cfa5ef6af5f4587,182132
nonmembership,32,294,88278ec8e040c542079506594eceee49ddcd252a735e6defca7b2d865c8fe6ec,182132
nonmembership,32,295,08def51dd1118a995cec7e12a8a068b99d11e586ade1ca3255f2a7656b56802f,182132
nonmembership,32,296,717e5efb2a721c423f5fe693091f6040660c4aadbbb43172b0bdc3f35303cf06,182132
nonmembership,32,297,78d94c04a5e09b71578909c0c7446fe1b15715e09c8cff8807a16f7d723c685a,182132
nonmembership,32,298,24d82f8cc517f3250accb8e35b98bd44aeb2d10051d3f8615e9546ba4999c8d7,182132
nonmembership,32,299,4b2c86d01b61ae7e193ce43d1f9569fc43d58fe22cb713e9efd4dabe9d3d7cf9,182132
nonmembership,32,300,ed38f96ccf4b1013bbfa2edb2d9e6907a34bf93bc9225129d8de5b6ca286082d,182132
nonmembership,32,301,295754ef1ee522856783895f900d01535d7ab039e867248b8c448aadba768ecf,182132
nonmembership,32,302,5b8be1d28f01d959bc2706a28ea5cc2c4613a2a9703aadbc43766ee377c93543,182132
nonmembership,32,303,90c602ca4b99122a58ca62179ca61763cbbbe638b0c46f3306bca89fdbaa6c9d,182132
nonmembership,32,304,a6910b84bae68511d8b9b4d49bf0bd712c21ddad44fa62104350f9711cbaebff,182132
nonmembership,32,305,a47c24747fada6ee58451449e7da2e437725a04fd4f7562498d96aff7be8315c,182132
nonmembership,32,306,0335be22756feb39395a127d604eb092cd80bb53a0b31cf7a30854b956f55e49,182132
nonmembership,32,307,2199f6e76061b0067a6b94c33c319e397f0d554daf87fc702c4242c1946a2a6f,182132
nonmembership,32,308,67250cfe11a45df9026b4c728fa56be34fd92fda8f0ebc88c8b2b7b5a0fc47bf,182132
nonmembership,32,309,73389d2bea82f684075d1535347cfd99233b9839d1fdcb4bed3929c6f1799067,182132
nonmembership,32,310,a396a1f4f56b68bd648d6c766a686df18523b3af3898240b5ac6696083dc8375,182132
nonmembership,32,311,3157598237d559476e9651a4cce232c4ceda7e6d50ff8bf2187a7169f195fbe9,182132
nonmembership,32,312,c7b227a0c7b09e99f9889944114f839c7e77a63e0f3345d061c99ffb3debc19f,182132
nonmembership,32,313,bd460ae60b18a82f0a24d157cbdc58f04f13c2280762864b3401ebf0ac045db5,182132
nonmembership,32,314,f157638e132cae75161a1bcc89b59b0e2dd8b7e856ba59db72014bf733fef0c6,182132
nonmembership,32,315,c9a99dd54d4f539434fab99c09fc9172e71effd4f1f40af721e99503eac719b8,182132
nonmembership,32,316,b7259c504dc4181ccaaef94d4573bc70029f67d38d06f505b29038ebcce28477,182132
nonmembership,32,317,8abe272b67ec55305c950f0dc99a250d22ab1296a2f0f27b423d69201805a469,182132
nonmembership,32,318,b9830a4a489658160c7482b32abb2f6fba64c23b20d61bd0f1f2bb28d30e07be,182132
nonmembership,32,319,3c58616ccef24c92ba43e544de6713d59f219df1b3a1e6d13deeb4a44c5e8819,182132
nonmembership,32,320,10eab388709d61dc61f4aab44b15a1079028d68aa6b0597012be9a5f96bdbf9e,182132
nonmembership,32,321,e8f180bbc040eb1e3a7e9fb566b91355c6c22bb0fab40e880c8374d016b3607d,182132
nonmembership,32,322,d824c1902df1d248da7423c52d9dae246860d14dfb51c2daf4e55b2db2dd408c,182132
nonmembership,32,323,bcc219886f4dc509e00b914cc02795f08a920270a74b66906878d1755b3416ec,182132
nonmembership,32,324,abae493d1f6874f7dd7617a66bd4f47116c515f1da52894f5dd03276a47f10e6,182132
nonmembership,32,325,c11fe91d72fb72c74d69110f751a42a05f880907c7a851cc06c8312ea877cc86,182132
nonmembership,32,326,b6bfe98d937faf6793dcacc2348eefd7c7e4aa29ee707295ca5f3b79ea2981ea,182132
nonmembership,32,327,a131bc9bffdefe59967cb519ce2b6b14fbc2f9cf00b813bf8ca838d415b9663a,182132
nonmembership,32,328,0822c44bb151251e125a4342fcdbdcdbf0abebeab2929e78e6af640ede18ca70,182132
nonmembership,32,329,103f03a3221783ebecd9ca5ddf7b80638251f19b04ffe68232df4746acfe94df,182132
nonmembership,32,330,b5249b4a71e7431500e9ec63106d8b6ed81ba4e1b5caf043314bc27011440a19,182132
nonmembership,32,331,30004ba2ae1186ff2b83dfd70dd41d7d815c8f9fa167e986ceb1ab353826bdaf,182132
nonmembership,32,332,bfb035e7351c0465887945095e843c1c19ca8f92db4d9bd57177a58f97625730,182132
nonmembership,32,333,f1bb048859e5c190ceeb210c834c986512fc4ce3857d41efa97a6c1a2ce6b66e,182132
nonmembership,32,334,e25126a9bc20ffaadc39c61338f4e21fbe4fcdfa2699da85f163e3409710ca92,182132
nonmembership,32,335,d9425d74147d50753fe4be48914a5a70dcf33f66312196c64d633b0db4d94642,182132
nonmembership,32,336,4790b68eb740f1a5ab633026d75f53c5886270f606dd7c941f07cc222aa69004,182132
nonmembership,32,337,3dfdab32eb63b5d012eb3aa1a90405e2d09625e374d23ef702dbfdd0abd87447,182132
nonmembership,32,338,0b476ebb470492d1eab238c05bfb6a6d6a503cfedcc1d5c28bbfeb7a9bb97013,182132
nonmembership,32,339,fa70e3284b85c473da485c419e733674342ccf4779a57624b1439e9a10e82824,182132
nonmembership,32,340,2a54d007af3d0ad6d6d324faf4b2c1742926251f3056a97a739f6bdd49884101,182132
nonmembership,32,341,80a9b845d0f9756334b3d2825693093742c3fe732583dd771b4fad90829d3c90,182132
nonmembership,32,342,d7c4378196c955cf0c3261b4a9b8a56216fb1768dc558fffc38b403fa9fd51c4,182132
nonmembership,32,343,3eb60738c73ecf8e4478558815a3830e37a1a036c5efdd2bad53318a7675abee,182132
nonmembership,32,344,b2a0244057693bc6df5c4520d5ecec88da4a717e7de66611a809e31ca9deab81,182132
nonmembership,32,345,2cdb4e694454e7ceac79eab64766ced3cb616f7643214eaf7f3615c422832b4d,182132
nonmembership,32,346,b6e738ddb1d723920b108100885073d985b735da52f11fdc345ba97a1cae2845,182132
nonmembership,32,347,72eb7b6d3c86813fe598f3876e0ad3c244b1116dc74d1d7a8ad0b97a0ed6dcee,182132
nonmembership,32,348,83a745382ea0739c296b83bb31bee7a055a3ddb9a32728af0fa950bcbd3cf4b5,182132
nonmembership,32,349,2dc8e54fe740d494c51476f1924847ac99f24cbdae8bac0317b6e8da7ae34136,182132
nonmembership,32,350,c8c7d9e0f4ced78260abe43d7cb2452b3f6c59250eb2f95ec295c833256b0931,182132
nonmembership,32,351,361cb4a068933beeb126995b39b880c175ab3540ddf57f53a735eaa71b04419f,182132
nonmembership,32,352,83990d8f33bbea1962a1c05fbb20c5da0ca14c5a36f0a7e136e6a0f34690c79f,182132
nonmembership,32,353,a2073a3105af45a9aa1142291c63e19979e9362ca565e1d10f306703020e0ac3,182132
nonmembership,32,354,7ac7c8da25842dc63871c3364adc11eb1a2cb9299bd97d2bd856351b011d6b43,182132
nonmembership,32,355,44d03db1931523fab258e0ba9e80b6c4551e4cff4674633fc0f4c2dc66ee9d87,182132
nonmembership,32,356,ea88f949b803a973ad82e249f0f4bbf9d728ed2d9d8a01f10652cd89891610a2,182132
nonmembership,32,357,2f6429be83aca16dc279b0d10414f845984e70190062fff1b4b0c82f5b567c1f,182132
nonmembership,32,358,1a41331b284cd13436cf3d4c6ec7c1d561df74f67e4c53fbb37d6c50487de38e,182132
nonmembership,32,359,e18c0eb7f97b0cd49c51c5dbd4f513ff61d3cf0cb779fcc74f6c3acf5b89678a,182132
nonmembership,32,360,fa91e1036fdbe0d41290b2299e22e48a7b7d790ae1bd971ee7678c3fc76c526d,182132
nonmembership,32,361,0e293ab8778b2547f2505ffd70fa381fc59e94bf825eeeb240ab12b11b3bf8e4,182132
nonmembership,32,362,04d1f80600bf06ae713bb4568ab4b4c44556e6949bb395ea75629abb4ef4262d,182132
nonmembership,32,363,cb5a6967a58fb5ac1775abc93feb3a611366bee69fd2e6ab8d2a785e9beeb534,182132
nonmembership,32,364,1a5f0223b66d8960f7416f0a964ef611f950a7b84ffbe7c6b08a18ec6067f5b3,182132
nonmembership,32,365,f8a346017ae003c8d3bbd799f6d97c15ab586a685297a684f65e96a1ba8d358d,182132
nonmembership,32,366,24cad50f5477094ce89fa14a4d9da92f693b089b5e4f7e359c848d8f911be7ba,182132
nonmembership,32,367,7ccf4968d9cec9694d2a21aea9492d4d82f954975e4e3e0c11a16262852d2b41,182132
nonmembership,32,368,7f3631d2107696c930c4a0afef895ce5d8682f34d49e465147006f9e64416ee2,182132
nonmembership,32,369,28f97e619f2d3887ae4a426fcae872ef95617666219044a64c51eaec8dfa5cf4,182132
nonmembership,32,370,05bca1b21fea6de10f145d85d6d667279b0a9c92cccd452a7d1fe79859806f90,182132
nonmembership,32,371,384b204684bce7653f61a0f9731510b0d25b441eb026382445fe92fa00bcd977,182132
nonmembership,32,372,872d1bfb64acb3007433581b61cb625df337c89935639a0982beaf45c23cc400,182132
nonmembership,32,373,81efb322dfcb91e19d9c247d4edcd304f9c0d44c866d3a5cfeeffcb79e659f61,182132
nonmembership,32,374,8adb94632fcd10cfd0f456b92d4c718a7752c1f32390100af18e5d8820c67e6a,182132
nonmembership,32,375,1742f28e928ef06b77da8f813cbd1809d15416a63b7bfca47f14969001baf3da,182132
nonmembership,32,376,976c1461b8764292e3614671539ed0e039c794dd7e03b5e90de39b562d2fc845,182132
nonmembership,32,377,1fa3ee7e717c4df63a193e3892b722b10a20a13eff1950a1a9946095568297f7,182132
nonmembership,32,378,f94bd00c746cf45c283b2e2d423887d0ac6e83e34068d95ff32b9c067740cb19,182132
nonmembership,32,379,caef5f84d845d67c6c9acf1bc55a78f7ab6f9a87b5b22a7ca5242bb97dc635a5,182132
nonmembership,32,380,f973a5ed91f1409c61b2d7fa5492c530527ad395427d8400903ea079bda3fe6f,182132
nonmembership,32,381,322ba07a110245ecc2259336187632c7e79d9b7637b0934c8c1c57b57d0dfdfd,182132
nonmembership,32,382,e545e6c52b1948617a4735c01ccb3fc5deca2185c6d7b47e1fe06cbd645c6209,182132
nonmembership,32,383,bd94f9a8e43727c5b2ddc017b005766ed77fc47d4e395e293749ead63770a791,182132
nonmembership,32,384,9525e55b3a56cc42734138d9e5bd5b368c5cb6661a2b012266a205df84d88944,182132
nonmembership,32,385,401df004b7d31c6934208743318ac44566ec13421eff1f8d0b85350beb608a8f,182132
nonmembership,32,386,5e8a587eb368c7fd6b5f8ab7995f2b63fc3acf81a5320cb147b0fcad98cc2cd8,182132
nonmembership,32,387,e6ddb2c17d8b39d2758d8363ff60bc8a1b2ed0a7ab01051277c0da7d9f86bae2,182132
nonmembership,32,388,45a0a8657ff2a02761dea20c006c16b1199af95575eace056bb8077310e27d92,182132
nonmembership,32,389,0c023564184cc4245fcb4a0db8c73524360643c3cabed4ea000c3984cba49068,182132
nonmembership,32,390,30302fd7a57f2d6d592b1d9555bae31cc229e02ba51ea6573d157c63fdfa29c6,182132
nonmembership,32,391,7f5d659d719bc197729e5477700bce7beafdf4fbad71f462cfa7d6bfd61abebe,182132
nonmembership,32,392,b32501317b449ac2be3518bb87418b3d4b61de325e6f3ae415b93d73b369f109,182132
nonmembership,32,393,9595f781ea145a1c94ef5a202657829c052365964bf893c0f0fac4027b9da605,182132
nonmembership,32,394,51ba1f53cf97d86c16d8e51282951709e4ef4e92934797fb97cb7bdee8deac52,182132
nonmembership,32,395,9753be9c19904f4a2ee1f7fcbc91d750428a277651633ef196ea44c3dc7b0e0f,182132
nonmembership,32,396,22701c43b7b01dc19756e59c305da447a20467bc1654fd2e3adb5bb1bdfabc3c,182132
nonmembership,32,397,e20e4f61c1cbdecacbd862c272ba0ab507a5fdf5998b1616c675726df8912ace,182132
nonmembership,32,398,dd09ee2d68ca985d5522edc5828f265b7c7e4ce3d6a59908940dba6507483ff1,182132
nonmembership,32,399,bcfbf4fc7b12a0df76c93ee5f4a1cba638c02ddf02d2a18904460d9745f594ac,182132
nonmembership,32,400,ff4089cc4ed35018b04057e797a0e0401d38e99fabcb96d519c13f1a218690c2,182132
nonmembership,32,401,9f15dbbe6b25688d5c094ecdebe3e34814f88fb8e5a6ccc7566e747780aabfab,182132
nonmembership,32,402,9eaee38b31341ff33cade6e29bf948e04d570529d9bed964e1419d712ade7223,182132
nonmembership,32,403,090f19c1bc1f1bdf2252e5090d3803334a9bd4bb250fc8cad9212ff49d72e97a,182132
nonmembership,32,404,8f9cb8dbc9956bf475aa3da3db95ebe89407965b9d47c7d64f5f11dd1a7ff19e,182132
nonmembership,32,405,2e536f1692680c868dfb23fe7441502d5e1cd573f74b1152a13425d5f2af3296,182132
nonmembership,32,406,a9f7a2081e7d40c1519076922b0c1c2faacf5633b89694c2847cdb4540c890b6,182132
nonmembership,32,407,4c2db5d023795b5e1b8df7f559cd1391b21acd7776d5448a22dfdf3aba9bb0b4,182132
nonmembership,32,408,c8269e6d9b019558126b032b1785cf9f3114e7f9779b2e65fe95a853fc0a1c32,182132
nonmembership,32,409,17bbc97ff4b83cde1124f40f9ddd1a7ac0101a15c9ec208406121cf61a226cc7,182132
nonmembership,32,410,2769aca821ded88005ebd5bb1228d4f32a7d26769617e9c5e6c1e4463fdf9502,182132
nonmembership,32,411,6f72426c8fb8dd057d1466fdcb205620b8ef0edc9e6bd3a214ecaf38b9de5ab7,182132
nonmembership,32,412,edef9a659aaab8029909bd12ab8a2111a8d01ee6290de7a883d8b7a9690302d5,182132
nonmembership,32,413,c81ae74e5d420658008ba8f7ae2b2a5a7aae04bac62109aa75ff45feb1db7589,182132
nonmembership,32,414,372cd347cfefc04300c4a5eba52b13d3ee825fe5e8ab45db0be751efff83402a,182132
nonmembership,32,415,7943e72692b839db31ee335e3a86ffb818f4e8649ccf19c3d605442029d0d5eb,182132
nonmembership,32,416,8391dbc6590f2a3ebe79a79011799528e0d53b3d5892548f54f49d5e51cae547,182132
nonmembership,32,417,a8a63ceae51404be63a48586b838a7843616b8988207169d53f99e303c5cd800,182132
nonmembership,32,418,ded1ad5c27be4171baaf6198402b4edf69ad2ab41470ad8c7a4189423d7d31bb,182132
nonmembership,32,419,165ae4df545dd7011b03fabf128cfce719856ffff6f3a54e00d025c7f115f7ae,182132
nonmembership,32,420,cb2de2557cb637bd677a20f26d94e2b6aa9b848d5fb6c3bdbd7bb9fd004714e1,182132
nonmembership,32,421,bd8dfeb4cb35ca005565ad2eaa830ec6cc502ab009b8d6988b60a63daa9f9bc1,182132
nonmembership,32,422,7c16d24d640cfeab647c90ddf3376abf66904b9d7e9f67aa97c65db4c72e4f46,182132
nonmembership,32,423,32d71fc3f9604c49ddd0674d24891d4b3d60f9d64733844aa4fc19e8a8c2b62d,182132
nonmembership,32,424,6259c85c1d506618f2f5284c3de582b8c5ff1885ad08b97885b2e65f145fe874,182132
nonmembership,32,425,503dec6e572fbb37f1f962eee20fa7a2eebf01ef6d474507f004d5129b8db0f4,182132
nonmembership,32,426,3adea7971ff093008d9d2a70ec48d6d01f4839ca2b459f6b1456faab3d291940,182132
nonmembership,32,427,14401d7205d0f2ac8bad33fd01262ad4637dab175a1011e2e589a285c680251a,182132
nonmembership,32,428,972f6cd6debd069db77ec37fe6dda90c9e7400798ae67cc8a0ee76c0ad591483,182132
nonmembership,32,429,9554341d5ecc39a61e0d3b3d118a885dbbe0555aaa2f42a9ae6868a66e4f8c20,182132
nonmembership,32,430,77c062f11b59b719a819e12b9ccc7ad35c29da74feeeb244804cfe8e9ea4773e,182132
nonmembership,32,431,7e914276f6eba3c7d2d7e5fff759d6cdfb6c1df08110954fd912b0638cc0bc40,182132
nonmembership,32,432,2bc46f7e4e68b75813b8da72a8c037fa16a42c632cfe7d846a6e036e123da2c6,182132
nonmembership,32,433,36076c7b300da2931ce2cd85e1b13ee4d74a6b3409007997b5b9ae3ee77bbfca,182132
nonmembership,32,434,ac2ce236cd02daf13d6be6ee381ff9e03492a4e24929d45c1b6a44f90ac10ff1,182132
nonmembership,32,435,551c9f3449ddd83cd42fcb3853f5a0dc10b67d817493dba00e3cf326665858af,182132
nonmembership,32,436,e968518431627131f1c65394d2c234bdd2478578a5e12cb23d2fafe832d31ec8,182132
nonmembership,32,437,a7a28d23d9c7c52dd9e33a1c39af0affd941f6de8cc3a4faea1d385f71036505,182132
nonmembership,32,438,62a1c439effb2c1fbff001e1102216c476eaf4909b031481613502555ac13b9b,182132
nonmembership,32,439,c35fcf25cf3d3a6d33bf47e7ea3dd30df97631875d79cbc915a637ceecf2e13a,182132
nonmembership,32,440,59c6c8bf2b3c8638928f55478e9568e75655b9593397c0180164e7a4eb9d0791,182132
nonmembership,32,441,45897f3328495a12a4798b9ff00397e05ec305e657f368131b1cb35d18273008,182132
nonmembership,32,442,05a48c259c9af3351080d6ea9a089c8dada7251b19214a375648e541c535b3d2,182132
nonmembership,32,443,d2935ef222485c4a24c3652c323a023bc7e4f509bfa09ffc41dd6bbbca4dac5c,182132
nonmembership,32,444,0d0c6ffddb314ce14c86ab2335c11d84a1da1b7b7db3ece6f2509c356a8a5a76,182132
nonmembership,32,445,8881fd6b75cae1a501df276e9ddd85c3027ef3ad607340f3ea43bbf5e035abf6,182132
nonmembership,32,446,5b0f508ac1c16b9adb404225ebcf337053d227b3e20e91a3825b93b7a0166677,182132
nonmembership,32,447,4705fd4d784ccce0d292cd852cf96164953e6d5bfc027e9511eaea092c71450e,182132
nonmembership,32,448,1cf2ed4b332e8bce95c7ea1af73ca0ffda293f668a8a4bc755dc8c1c6198496a,182132
nonmembership,32,449,652cb8c38127c35fe22cbc18624c553ef4b88305e8189f4a4a0608a626842784,182132
nonmembership,32,450,6d6f1a4684fedfd74018029a24cc0840e54dafc96b2c04b12cba84ee5fc67554,182132
nonmembership,32,451,4b5ff908f632c87f3a35ccd6982daa362c63e50140e8cbd7a2b221baaf0fc39f,182132
nonmembership,32,452,828f5bb9c674289678c0dfdd303d7871e82d1c8e38d5aca8ac1193263812f9f1,182132
nonmembership,32,453,eced6b7f86599ff267e5b1decc52c4190d1242272910583e5c67c06f42d14842,182132
nonmembership,32,454,d929be9c572a6f4e85f344b1ea96a8b62e12dca5aa018fdf9fa6fd77e7d3b893,182132
nonmembership,32,455,d5f3450f1f2243a510ee7615a41e2803718811e13c8fcf465e46ece4a44c6ac1,182132
nonmembership,32,456,4ca5ec90055c19b0067969703fc806ed53abe2e3a954b51a52f664e9336217d4,182132
nonmembership,32,457,004d775fdc341941bd490629305bcbb28a0af5d8f1ef7929e70467a910f031af,182132
nonmembership,32,458,e377cb701ae8b694f46b28b6b43a1b5498e13c13d2def2a5823c1f8f21286f85,182132
nonmembership,32,459,87748517b6b318e16c84e4128bde989eaa87ab652ccbf36abbc908332d74ac47,182132
nonmembership,32,460,8e826b2294918ea831dc9d1e9b838e704dd1e3e1a8c56846aa2704c4a7bc6c8b,182132
nonmembership,32,461,afa6f83d726940e621a1e8b17e311e280fd0ea79906980e58c9eb82a32f3a6b7,182132
nonmembership,32,462,955cc51e77682610b9872104bb86685f1931a428e16811425983bb7c75f4bcf5,182132
nonmembership,32,463,d83e39210fa157ca3bb373990862491b36faa80ef10b2abf43cab5a049fc61a7,182132
nonmembership,32,464,22b52404d0d723641b7dc1183869e6249b2eeb79b13e614dc234e1fa898b741a,182132
nonmembership,32,465,c85b4afefaa13286ffe58bbe6fb5b008090b502e8f711f57b29ea3f89b978f58,182132
nonmembership,32,466,f7d532b29c40f6a3228108ebef88985808f93906ca454de74b2abf5df150e52b,182132
nonmembership,32,467,f60c71066ec34f390dc66278dff3de488a3ef0f1d595e8a8d329639868a2f7aa,182132
nonmembership,32,468,e98ef3b8694c043cc31257df052cc9aa9b0676dc58d7a74d8dd7cd8d4104cae1,182132
nonmembership,32,469,1f012e2c472115ad7e294781ed06bd37d3c1ac285ee139d234d70ca7de5dbeb5,182132
nonmembership,32,470,22c85c577a09cdbddaa11352e3b209fcdb1166d7c4f109d6381802fe27a8a5c7,182132
nonmembership,32,471,0b3e1ed36cbc5a804b51cfda7a4b000c819c10b94460ec8731dee9153cd78622,182132
nonmembership,32,472,66a3e1028d71be79b05c7efff901559c2dde270902ae7ca54cb58fb2a2132c48,182132
nonmembership,32,473,d78c96700840392508e512c69cfe4af5d1ad0b92c36adc36319dc7ee7ae2ee62,182132
nonmembership,32,474,c77137d5a311be79a1e4f86381bf78e5630f54f626294104407b3704a42f2311,182132
nonmembership,32,475,08eae5ef177f15b9fa3cf3124b225c766e5efde2c48cd060e45d23164639fc95,182132
nonmembership,32,476,eeb5ba06d5c72a2835c06ef6c04ab806518cd49454f4b2f58eacdc9952ac4332,182132
nonmembership,32,477,6274f23b72e859673fb832a5bf8d85db959c7dff1feb594be5c58975de252a96,182132
nonmembership,32,478,5587098cf66120d4c4af8fa239a36030c0daad19b8fb43903a28a11c32290d5a,182132
nonmembership,32,479,1ef9285f235edb4ef46b1417a477aa59c5165d44e7e3cd8afd6785b0498aeb5b,182132
nonmembership,32,480,a1516b323410b4c480c047320bedd30c753e82631c494469fdd9fa7f37a9345d,182132
nonmembership,32,481,a06c7b7bbce08b302dd71049f30355b0f47dfa8f7550ea7b1ff037edf79a9a9f,182132
nonmembership,32,482,6be3ac8c07f8a95c4df0d29a84021494ff7c08b92ba43d791f0a7a3c7d5e6aa9,182132
nonmembership,32,483,29915325cd845dce0757b026a8bf6563cb6046084de69590999045966f363e53,182132
nonmembership,32,484,e1154ae9601152954a6e33271f20172473e74b1cc55a37526402a410d9689bcb,182132
nonmembership,32,485,45c4664f1b00549fee3c73d6dd29e84c21db9bea70cf0d68c43f0fd73cd55bdf,182132
nonmembership,32,486,d8dc9411d1458511fa7992e598dcb779196650b4dac73483be98e93acb553165,182132
nonmembership,32,487,abe6eec2b5ff16841975917098d395f91f1e9938a541a771b6e9a4aae7ee65ef,182132
nonmembership,32,488,c5ad48fbfb676e730db59c953ab17e82d0f76cecfb1a135bb9078a6cbe8a3c5a,182132
nonmembership,32,489,28e7188dae26d00b21a06f9346c04678e1c005f3f06cee997023e4b3eade4952,182132
nonmembership,32,490,c848b69ccb51434d72df04e482a3153b97a92c4a8e03e1c4503ba627cffdacd0,182132
nonmembership,32,491,efc4839749ee7c177ef1911c05c028d1f73f9b5b5b8e3e2f6eff06c96d0a082e,182132
nonmembership,32,492,ef04212761426747bbc80d8ec2253ff8274af486a0347d24a00c5d5038c0030d,182132
nonmembership,32,493,9e1ef8df7f4fc55200519d33fa237d4e101d2e6465d6688d0269b84170ad2ebb,182132
nonmembership,32,494,ad13b97b0f20dd9b764db663c2735619cb0de0e15a7127a23cd1d1b2f916b76d,182132
nonmembership,32,495,c42421e7300630e5e6def80ba4b2f2eb8d4747de8335950d1a2d1ba051845425,182132
nonmembership,32,496,dcb8265a402aca90b3648a3b7cc39cec9c018ea7b58bbbe263a511441038cc51,182132
nonmembership,32,497,ca93cc5e184fc0ac262b76e809d705b1e769e1e2a60f4ae955c782be30dc7a04,182132
nonmembership,32,498,6e7d737bbf584e1dec3b474fff8715b624f25f7c6eb0b3c54d34cb1fc9419f0c,182132
nonmembership,32,499,c15abccd4cfa3350d088492d2bfa2d3214fd62e86a50648573a1a7a7f3fec8e8,182132
nonmembership,32,500,ab4d14ee1c088fba5564ef7990c71e371483ec21498b17dac3b0548a3ea9ebcf,182132
nonmembership,32,501,dfc6c0844c154c8321f14465ff1df5da5766d4ee6fb2141b75d25453cb622188,182132
nonmembership,32,502,733b9eeb677b408952be0eefddeaee1e3528ffecbadd5e954e96ede8f85a5e55,182132
nonmembership,32,503,f5a650b832675b0c377c1304986fb7d9be062298fa45f3ee674b2ddc048a7690,182132
nonmembership,32,504,2a876c8b17acc1c4dfc7dca84452f520418778539902b2816563375af0a1bc18,182132
nonmembership,32,505,b63c63e52d2bc8fbc305b26ba46ccfdf164f44b5cf7e8b8cd0ac42e4b78e90e9,182132
nonmembership,32,506,8ff871cd67f3003859fb27ed1c5f4c06b0afbc16b2da210ce752f195eb8e85bf,182132
nonmembership,32,507,9f4d12c37a3ffd96b7d4a0ac28a4dc76f237154a258e6f6e439a70efe105ffe4,182132
nonmembership,32,508,f4362cca58281553e94a95ccc091b34da7419294c5ef2b5da2c48c0a6d1ef94e,182132
nonmembership,32,509,c483b8f3e1ec4e564f51ea18d6315fd815fddeef9b5e8ebc122cc8270bb4f282,182132
nonmembership,32,510,afb0d3f188120b732969f530df117d5494135d4cdda8bd533d84c346f4bee739,182132
nonmembership,32,511,a1eb4898729e7332f820d19cf630e71eb17c1e8829826a30d2069c0e8a906008,182132
nonmembership,32,512,2bcfae03a9e0917b3c5cb47d62ed309a10b78cff7196aa13e5ae62ead4cb1af9,182132
nonmembership,32,513,ce9ba1cddfcb6419f75db4b7dab4dc884c8a9f6cf6444657fb162db8820324ca,182132
nonmembership,32,514,3f6f850999bc2eb3aa814162f473fbb8761c7ec7c0d4da677eba113a6cb0cd01,182132
nonmembership,32,515,2513945185c44d6b15c14d5b6c3adf4c0d407d50093000c89e0871e0e7de38ab,182132
nonmembership,32,516,eaa622de06b871dab409dc127db3587cd6e1f94d9c6f0d1d687294140b1192ba,182132
nonmembership,32,517,5012f7496696fd2b0002d930a6c923dc0fd5fe334db7b05a89ac2bdc845b53cd,182132
nonmembership,32,518,36b47f9ac5475f597feeb0b3c232dc7e3d07c74a1e9a21bb20016b218c689eaa,182132
nonmembership,32,519,51aa9ce668ef8d6e5d034c607a0c0ffafda945cc3fd74a8d54cc3727245a82da,182132
nonmembership,32,520,37065901ffe74632d33f65fe7914295a87ca414bce639a4c7df618ce2421e30d,182132
nonmembership,32,521,3355b88e86097052d3335380b9a3b6d37e0f8f9d788791606c955c9ef23aeca8,182132
nonmembership,32,522,2f0092a13e7ee3ad4c149ff798eb80147ca6db88325f0a3c817930b3bc016fbd,182132
nonmembership,32,523,f353fb1d4b1cd1866f87337309f5f19153f240c7cacf32d3a90fb6fff34f367b,182132
nonmembership,32,524,2ab9a9722546873dce06f586e4ac4e26918271369621906aee796e08961c0ddf,182132
nonmembership,32,525,a4d34c8f3f6fb76c21348f84c710dfa9813abf00bd63d8785865906f4d364599,182132
nonmembership,32,526,c573397e3a7a57f1568c05e475cff2af6a4733303ac62b5cb5cda6f7998e86f6,182132
nonmembership,32,527,1fd66fcfec6ebe8546388a785bce84ce1196daa82afbdf02c55779d0280056df,182132
nonmembership,32,528,81d1c4fde6686f67fa58122444618965f94de35588442a32d50f35ae606ba008,182132
nonmembership,32,529,8d6222224fdb1d9cf61ae0a07a93fca3814870cb965bc1f7bd4d174ae08e6137,182132
nonmembership,32,530,55778dce475e9e134e175409c2bc8702a96aacc85070bb0149eb885134c44d7e,182132
nonmembership,32,531,9348f257da590e56a431d8e36f0676d0da70862a8ab605fb4679bd2221f23c10,182132
nonmembership,32,532,282f2926c8368507d1a8be312299488fc1cc612dbc0e7820910cb3e508b79454,182132
nonmembership,32,533,299a30c300ab8c34943749f70ac718b302f6c2b5fc9a1940129a540c3471b286,182132
nonmembership,32,534,537669f2113c865c88402bb28dad6adee37e24d9b4f2105b3a2cb02e8b6bc199,182132
nonmembership,32,535,4d0fab5d50cea015cf5b88b954ae0b307c10e58f06274dfa56a34ac5a3d5860b,182132
nonmembership,32,536,3c9d6ade362baa73e0fe06d451c42203f0dd2fc4096582a77c9bc3f24c916992,182132
nonmembership,32,537,b144abfb865f24f0505760e9955e0a97089c14e19f306b05fd6f8bd53450dea3,182132
nonmembership,32,538,3f749e51e2f805de3714eed7393d08fe43f544ac707fa0cc6f5046088f7c47e2,182132
nonmembership,32,539,4e68578fbb5f5c9a6790e940e1a859c85f8ba2e1d49bad6c99a80d061e2e5c04,182132
nonmembership,32,540,c75d152fd6033427413d3ce2137fb57fbede1ac13727506f28b51ca0846ab4e8,182132
nonmembership,32,541,9c150886f81f4ff36fd71928e4170357f8abe342d4de463ea6c9ef3b945afd77,182132
nonmembership,32,542,b4006811f61a2e0f533869b7d6e8c064d88175b4ad0e516dda4250bf292caa05,182132
nonmembership,32,543,574f1f078733909111ea8206d05a123e5b2c86a59e024e059cf02ecaf3279128,182132
nonmembership,32,544,e657b1eb28a3055e94e11672a0de2064126f6ebea8f0be66a73a111b2958aee5,182132
nonmembership,32,545,0c23680c328a0c891963efd3f65af4d570b90cdd1607145fb0b99b56053b5890,182132
nonmembership,32,546,10f34354029b39164c8cf185e3fb13c832b40bf67554969ff015aedda10db691,182132
nonmembership,32,547,7e6b5e9d1df07747493631fa3afb93307a5474dc1aa8b54ffed0e490e81f639b,182132
nonmembership,32,548,0769feae53823110cd6ffc21a756325be735e6d29a5e178a9e0493f47eaccb62,182132
nonmembership,32,549,1e2546f69c04fa4f31fed7c0b6d91b2106d3cefbe1b5fd05d2f519690c2cedd9,182132
nonmembership,32,550,c4a8d3bc2a295927c87b0ca4d37b255b60b54d7c1add1f5737873eb78ffcd9d8,182132
nonmembership,32,551,29f659cada66da6600bca4ab7bb002fb2d8b88134625b7058dca1561f15906d5,182132
nonmembership,32,552,7a5cae6de4c742bc7cdcfbe0396770d8a50cc79eeaa1da60864f2fd0089e767d,182132
nonmembership,32,553,65f7850725ad1a9f9dd0a76e04185288df7d967332ba6b56a782b8bd137c758f,182132
nonmembership,32,554,241a6b101506398d6d4d8c793af708428f7489302985c81d7cbcb20f7805265f,182132
nonmembership,32,555,792f3034cd86b091a8eafe5b56c34f4d903c3746e782f6a8ca8bd77bdda9ffd0,182132
nonmembership,32,556,adbbdda807e91ccbfef326982d68109d24a8a1033fe0b5cfddc177192fc40033,182132
nonmembership,32,557,f2ce33cd4e352a82f1bc85719d956e0824b4909317f088b3c75270c5f3208e33,182132
nonmembership,32,558,9fa99077128342ef97596be2b8126720be23f99acc8dddabdfca936cf65e3c16,182132
nonmembership,32,559,cac5b3f5fb53ae2bed4d1f8c22cc56029b6eaed1db31867112c4422e7f1f79f8,182132
nonmembership,32,560,d5dd44712a078c61414c3c8abe36d2cfecbb1cc1077c9434792843a29cf825b3,182132
nonmembership,32,561,7f53d0851dbe60b466bf7973e071ec92872ecbf112fc53dbf3b9da1dfa95c27b,182132
nonmembership,32,562,0e0f1d0811e6f4e043a0cf5453e77b874375135ef24eea2743cbaf9ea82007cc,182132
nonmembership,32,563,a6eb84ae146d10b38a290d6a63ea832a8c5a3f611c77ed3b394089632be5549c,182132
nonmembership,32,564,7554dc1f29b57997a08cf33ebb3ddc08eb9632131547a78d6af48c96435658d7,182132
nonmembership,32,565,4b83fe079c441d7591e4319f3f92c985d69f046adc5d25a5192b25011f243790,182132
nonmembership,32,566,cd5c3e8a9294327362c0277e3eee43acff102a773125a0ee292f1a11467a1e9f,182132
nonmembership,32,567,16881bc02aa8c19b0d12ef8fafdbc056ae38c588656af5e03760056d956b8f3b,182132
nonmembership,32,568,91cbc843dcf7cf5b696cfa753986392c0ec6f6a1fb986d99c4e3e97c7e5d845e,182132
nonmembership,32,569,5a387c4d67ddcbe75843664e7c7095db384a6bd0f5e30b36c335176e9a2404ee,182132
nonmembership,32,570,8753f40345bdbcdb4a76556c3caf2de0ff3eaec573d459779f704e27a36de24d,182132
nonmembership,32,571,77cf88e4af12d64418d5980a79564b60833fff3104af12da092ad8a21b5704ec,182132
nonmembership,32,572,760d9a9b010eaa2e532a842704af78f787813c8853f809652790b2700bf45a65,182132
nonmembership,32,573,4414b87febecba93a4c9aa41a39595a220b99d7b9a92fb8070d0577a20083428,182132
nonmembership,32,574,da15bad1934c37142b372436ec40fbcb4a3f3b7ec435d002815c6bde991108fb,182132
nonmembership,32,575,5cb3395f0ace4e629a81c18ca26adb1127bfa5d8e7b8f987015aeff5367b82cb,182132
nonmembership,32,576,e34f82213413ce725ab760f471bbdd7c58fe43d3e2d9a6382b0ec393daee2e32,182132
nonmembership,32,577,418133daa0d9f59362b10bd2a99dac6cbba6455e3b1bc7433943fcfd3f725114,182132
nonmembership,32,578,b3095eba19cd6b1372c14ab6e6dacc0d572e4c24cbfcf3ded38d16de5b9fbadf,182132
nonmembership,32,579,a09f24a72b1faaf9835f9f474b8cddd21795925f9e705ea778ed41c66f88fb3e,182132
nonmembership,32,580,d9d5a2b0d36d668b10a2efab905d71608b170c97262102f7f033532504cddbda,182132
nonmembership,32,581,a3c730fea39b8fa1a5941bc11f4b18048cb92bbfc512680bf13d4705fafba1f5,182132
nonmembership,32,582,e236eacd78748cdb7d520897d4e125c0bcaca5027b0796029ec5d54a55b7e708,182132
nonmembership,32,583,30e6b94bdc82e67ea0f106fc64198315fe5795378f34a645b7f5b2c7094e8b13,182132
nonmembership,32,584,fadbb7df2b1dd7ce81d941df8b17daba10d840e4841f08e4f5b7483493a2666d,182132
nonmembership,32,585,fd5b7dd33be4c7dc1b55d9cd9305f8aaf8c6c92525ec611ef5109340eef12463,182132
nonmembership,32,586,348975706041f39cda290effb4b901395e59cb0efde8d24d0985ff29b99275ac,182132
nonmembership,32,587,634a234c14660aaeb0363f4744678e5ab9d4490609731e89c9a82133ae9274c7,182132
nonmembership,32,588,325d8849e75df85f55ac65a23fc9e712abac6275c279d3ff21dd35df78799994,182132
nonmembership,32,589,123e8dd9e2e4924e97e240656a0b34eed1e52cf6b4b673e6bbd822bae1f1d665,182132
nonmembership,32,590,bca2e9127cbdff256b89e02589415b328b04721524e8aabe90cc5db230ceb5b0,182132
nonmembership,32,591,b027f3ba7ffa3f98bb359f44a84abe84ded79b68d36351a6712946ce9880ee46,182132
nonmembership,32,592,ddce5f8de238c087a2e5253f062eaf06b91a4b83620b30adc9d479851fddf96e,182132
nonmembership,32,593,61a80fd98cf15294844065b1127bf2528c46e56d53917878784d84224a766b9a,182132
nonmembership,32,594,246bb827ae398d9f0cf32568e74e322e5c5ac5028dcb3f7a38d9d722a2dc53d5,182132
nonmembership,32,595,192ddef9a3ef728b440b0780f1ced3f0e9a71e3946984ac4cbbc8f26d5ea1ca7,182132
nonmembership,32,596,d91bc287715a2d63da4233319d7661c25af2095fa68140823023186a8daac078,182132
nonmembership,32,597,94943608ff2a8284484e2a51af7cde3be73f36d8aa740336729e492b88693452,182132
nonmembership,32,598,ca610566d4403f1e130027d6f19eed5bd0caf962d205b54996fa3d1dd6f253a6,182132
nonmembership,32,599,36eabce74679c119158a998ba1332c57eece6d5ac5ac1051b9027d17d73c5152,182132
nonmembership,32,600,4b88cdca2578925c12af8fa4d818fbfd80a9b313a22657de020c7c58ad42ce20,182132
nonmembership,32,601,8f9e84e402b2c14d780a25beba2ca49547e433b0fe765ddf0daad2512d548180,182132
nonmembership,32,602,223c87778a994245dc7793a3556bc16fa1baa2f5c56a934daccf69de2ca87cd2,182132
nonmembership,32,603,0c2d46ebf93db8f71dd7e37d77a23f76f6681cb1f2db2af902faf52227719cb1,182132
nonmembership,32,604,75176b24f0d50389b7c2e325d145a1b2d20f87f26de61c11983e5033cea0dbef,182132
nonmembership,32,605,44bdf19979a19cbc14da570f193dbc9d68aea1a2f9f8bf58cd2f9807f234891d,182132
nonmembership,32,606,d5a0d3153c01c58e3832c046d697b122f78270f65f65ce23f2840bf817107c85,182132
nonmembership,32,607,107ca78e550438f6e4aa5699f7bae224304187ffe281ee7c01a0c33379ffdc5d,182132
nonmembership,32,608,c150856eb624f53ff31ebf29933174796f27f669dbfbae13e66cc0d59916e725,182132
nonmembership,32,609,3af05cab4d42c1fc69d18bc23442d22fc9f57d5f9bc318dd21fe85fe97ca8c82,182132
nonmembership,32,610,e45602a618fb169fb3e4c7091d59a6522276a9d2e24cdca70bfbf9ac64aee298,182132
nonmembership,32,611,d191abfb44aa11561cfcad8379982f7337cab42b60678006b6d099282e4ada6b,182132
nonmembership,32,612,33faadb521ed958147ff1631222164436286257fa167c601be121536fc1195bf,182132
nonmembership,32,613,be08e66dd51ec1f4b9043b319fc133bba47dfdb98c77fab251259021bcbd1d5a,182132
nonmembership,32,614,d909843d8358013256aa8d184ef7e6c8eadecae165d5733b60e94291a21fa7df,182132
nonmembership,32,615,4eb52122247aeb1c29992cba91e346e935bccd7530a36f88f36134fe04371003,182132
nonmembership,32,616,2c173fe4460d040f010c56fa0ca842efc0faa7f8178fc0af165d853f6457c0a4,182132
nonmembership,32,617,a1012a255e649d561b30bf18b3619767a3588732112e259c7e4107534b5c2a0e,182132
nonmembership,32,618,86dc5d1ad0d6aeb73560c32f55c3124e301fec81d17fd2c97a270518dbbe7a79,182132
nonmembership,32,619,dcb62e15d9b3d6082d71964637df31f11c6b2202b57c365b36ec02fd1ed46d95,182132
nonmembership,32,620,da1b576acf15cc9dbac2ab775452e51140f878216b02b27867786cdac8f7d17d,182132
nonmembership,32,621,e89909d445dc752d0a175f81fe67fbe76baf13c458314a6dfc7dceb7c001845b,182132
nonmembership,32,622,ccc7c3cbd92da85454818d5afe701e47eca7bd5a962c520ae836112b96958acb,182132
nonmembership,32,623,e0f3a748b3c80507507b501be6e1a811cadff63b1ce1ac8d77956aa350b84d38,182132
nonmembership,32,624,71560107338a06950a6bae0408613b290e84dcf4601cfa3d9989577ab9455e42,182132
nonmembership,32,625,494fa4756c70ab1b0530e341422e73b41df816d52ca1a7ae85be0ab0cc8e58ce,182132
nonmembership,32,626,49966fb9fe021abb4a0d9073081d82a3f574c9181e9168308fd81fabdbf472f7,182132
nonmembership,32,627,9a85245cebc22854cc6aaedf9bcdf7ff6d62df4fae5db251e3efbec5d8c7b371,182132
nonmembership,32,628,ebb5a60d7bc864c5bb2d62e057347bd677cef465f76befd467b62ec7ca9eed39,182132
nonmembership,32,629,0e18d3ca8d732d6392f185c6328c280493b604cac52c67b380f79e90fb1b524b,182132
nonmembership,32,630,fe957d32c7d49b63b59a2cfbbfa0ee09e461b3e74f0f542994c2c6eae6edee22,182132
nonmembership,32,631,1450972550dd3d952fec1fa712ac7ae1a36f08749ac1e8b2f0231dbcd33af373,182132
nonmembership,32,632,aba468c76f6d10d914bbff46924e700e3f470ec1a05edd75705f3dce133b424a,182132
nonmembership,32,633,533aab128159484eb1862998682e0d92208b90f36f7b43af9e8462d93592c954,182132
nonmembership,32,634,8209c2b20117287d65f287d03fd440bc2870b740986aad34a3b7fbe15b9b89b0,182132
nonmembership,32,635,71d79b7c7da215ee5d16ed3aedf605c58af3156222b891e32635a584f2214b2a,182132
nonmembership,32,636,609c015eeb0596e99ed54d988e6ce46d0289d3770e4cfd81a50162d5d5e75364,182132
nonmembership,32,637,2311e85d1508bade2a6c15e34a1e68c309e76da37ab9939ba1a8fe5fc296b0c3,182132
nonmembership,32,638,eda6b7ac2ba8827baede35773eb5bf809d0ca57d028529ccf16d10a17bb983f1,182132
nonmembership,32,639,d9700a17b6c4ddf32ae37fe1eb514c433e37990ee4f132bb0b5dce1a7c2bd647,182132
nonmembership,32,640,562f214f599eb6fb7d938ba76ccc70a800d8218fe0140024b93f962a9a69fc86,182132
nonmembership,32,641,7bec72163565ee47ba476c74ad167e40471bc34ae2fbfd389bf698b63b816e38,182132
nonmembership,32,642,c91a870e560122234714b165be109f6703a3f82e2a0668b2715eb911d69ba25b,182132
nonmembership,32,643,653e9f6519b3122751558ce7458d7c45134f5467449ef4d0e8b3a675a6e22b81,182132
nonmembership,32,644,fc04d057139a586e3d850cfe3da4d948b57245e9ea9d8fb58176268fe03f9255,182132
nonmembership,32,645,912937bff8dda9896153d602baa3d4491248cd99611574c7cdd67dafec6a53d0,182132
nonmembership,32,646,f8a8b1a7d7ae393d42f3a301dbacb3249766c59d5119191113525a41f50e5712,182132
nonmembership,32,647,1f87925e59cd061e3513663dc7fe9f72e2678ec40973e5c1618fa6c1a162c865,182132
nonmembership,32,648,2a4cefaa608f1290115831b56167f0750e8ea6c0acab9dd2b0215c648731fec4,182132
nonmembership,32,649,8dc01c42aa77b5f4a9645a871238da9f16af319d27f47c23f8ef742e2b440d5f,182132
nonmembership,32,650,4515a832961aeaedd2d66609f0fe301c30950f4dedeff624f1dc323b85da32fd,182132
nonmembership,32,651,b3588dcdb8e601243bc8fdffac87af1629cc6b8d78566760cf1b68bdc8cd2a8e,182132
nonmembership,32,652,519f85b1ff5b807a9e946cb790cc5d5f36eaf0b3e599bd2415c4a3358d483a7c,182132
nonmembership,32,653,3d2987d04b8b35c9ffb8ce1939de54a3ef0991a285e2d66c825ab8ec40ebf382,182132
nonmembership,32,654,9cfb9b72380a05ea1d0051018980f4717003ffc2290cc7661f2cc2c6b9a1d3c5,182132
nonmembership,32,655,c05b3a2fdcda98ff9892e236d8591e45d3d0406ebfcebacd8db87e6e138f84d1,182132
nonmembership,32,656,83b0bd44cb734aeb944b1e2186241ff43495697345637e3a2b32cb4c9b01a137,182132
nonmembership,32,657,b72918856defd1f3233a12fcf84f92c236c043e58f17702baf2616dcdcc77e31,182132
nonmembership,32,658,465dc4634833df080097bbedf21bc06637c4d21224c07f1fe87cfbafaf02719a,182132
nonmembership,32,659,372a0e6b927f7caa9678ef6c60d7445a5cbbd44eae45bd17e922749881a19c26,182132
nonmembership,32,660,502eafc3f0b3d201ae4eb3c5a04bdbb375a34e756fd9f1d2625a55b79744bd71,182132
nonmembership,32,661,f4b308f54f915013c880b8eb82034ada9363226fed8bf36eef1d4d92054a85c1,182132
nonmembership,32,662,8909c54babbb836b302afce9f226306cda9e6344bb8fecf183b025c9b11970da,182132
nonmembership,32,663,d908e55f36c233dfa1fb51f5711e3abaaf5a5e067a686f165d5c70d9f12b00f1,182132
nonmembership,32,664,a26b18ec19a23a7148cdc7de96329cda883e6f190e0feedc4ba44bb7a9902df4,182132
nonmembership,32,665,1a4a2171a23017a65a63ff5517feaf95e50eecb92f13d085cc737e5e2bd01d41,182132
nonmembership,32,666,37ce709adaa45299cf7c1b5006c2d5f4342328d85dbd0e63f355e4909c8ecaac,182132
nonmembership,32,667,b9ad95d2fa8c3d649e434ddc22acc73ebd5b57c6d3402b4494faf605344ff183,182132
nonmembership,32,668,be7d88cd2e37a69a0d1ff29e570a73fe50149b66f36d911a6a063a897985e14a,182132
nonmembership,32,669,97ec4e2a31a2607881677c100c4ec24a90daf646c865ba6d7f195a7a0432f8cb,182132
nonmembership,32,670,6f79a5f974b33e2ffe3af9d08f0d37db6d59ce7568bbfe9d0fa08a2135394a72,182132
nonmembership,32,671,d3bc5e9f0ac360f9b674e646a744f8516be03b94829489a4520e07dc0b9abd1a,182132
nonmembership,32,672,dea4a390ab0500967176eb8573a589035cebfbf700e52ba1d9c1e1aad3a7caac,182132
nonmembership,32,673,2b044a7db38e7647de0330785215f2c04f9f2a6c64e430f28f00ab5017e343e2,182132
nonmembership,32,674,ef61bc78143f74f02556db2bb60c1ef79c882ff4c19c7a284556903c9f0d81d1,182132
nonmembership,32,675,c520691fbf2dcdfac886308a09a1bda6725fcb849d81b4da7081fed5f45b9f3f,182132
nonmembership,32,676,0e59cdce05936da1623117e53c3eeb0582c027aea5e3ce83bc19a6a00d71aef6,182132
nonmembership,32,677,fb24e4478a8c3c84d981bc8954fb7eb8637afab31a482347c4c66ab6dc324d6f,182132
nonmembership,32,678,125f796b34a75f76b5287eb95008b2c60116db5e1f82d79d19201fee17509acf,182132
nonmembership,32,679,28ef4ed4978c9917f84712e48f8d89f7235c5dc439f4ffcf06191172e2979feb,182132
nonmembership,32,680,af15f69efd156825e71aa2076a41bcdee7954ad895e24673e18762fbfeb3b812,182132
nonmembership,32,681,95a2970986d0d3bb5645ae6b5805e12b0c64e11c65dd5bf2cea9507fe0a8ba18,182132
nonmembership,32,682,d9963038d27285d153658c92b47dd24923d27342f396b328a0154700a04490a1,182132
nonmembership,32,683,fd2a9b7e8c6c8bd8c49dbba817b85daecd5a07fe654e9becf66dde6d0a84f90d,182132
nonmembership,32,684,c8e7bd89b341408c494ab3e719d0fcd0629dd1cedf0c4cf576f3400e3a7cc590,182132
nonmembership,32,685,680b3845dc316a6d776c549ee700a5cdb77ff6b3e9d10b6b8352fcd1c9266897,182132
nonmembership,32,686,5c8fd65851cc75f903f209f8a63d86dd9989ed580108b4d70928c16e797f36c0,182132
nonmembership,32,687,9898b0c00262abe201362f0c29889b0fbbdc6b3a8ac7b8bbe067df2688de419d,182132
nonmembership,32,688,f0a7ad6c589b5aca198e3deccf4e01bc97f611dc43fdb08b74da841786826353,182132
nonmembership,32,689,835dbe9cc89a392758afc9502c5810b5176e496c2e404aa0bc02401b62bc7673,182132
nonmembership,32,690,d73f22591802090d8e543170b94c453cd457c1216758e73cefc1eea53e039c65,182132
nonmembership,32,691,0136f2a7f35bd03d01075b6f57445529afff3d0d3fd806502ab837b9d8736a83,182132
nonmembership,32,692,55d2f2c7c7e319a0cf887e2d1a201e2709b11f8f449fd3ae84d4f946c5cbc64d,182132
nonmembership,32,693,339d3b99f297cb7fb099776569a3282785b4bd2ca9f006c58bcb2dd92b35273a,182132
nonmembership,32,694,a5d4fb8150f1486712ead636f7bccbdaf03e65a2360f1a03331219b5daac38a4,182132
nonmembership,32,695,d9a8e4da53de22bc84de8362dd8ae54364d98ed9014f9d90e7ab68a0d85c7d97,182132
nonmembership,32,696,3b8e489e0129f648be1e4ff824d46e76ae7cee75fddde5c03b3cd6ac78425f64,182132
nonmembership,32,697,715a17bfa3d5790ff780a93008278256b63ad1416156e6d166d9f8acb396ecd5,182132
nonmembership,32,698,8297ccda5fc8e8abecae871dc4e63f034280e6c335effdb6a6879bc34af45a51,182132
nonmembership,32,699,fa655384067834820a2f2f3c7b80fc3a41d7d74b8ad7228f67139dc4d3a03d6f,182132
nonmembership,32,700,0fa22a7ccf37721a5d2cbbc956f7b309118587c9d7fd804419ffa7b104a10c9f,182132
nonmembership,32,701,26a6586d567398c8f8ee6d6df08cac7f028379e545aeb8580feaa8dec152d31a,182132
nonmembership,32,702,6057d05e641f64b0f109b1c3fccaa8af039c83de69f47ff078d6db135f589a2c,182132
nonmembership,32,703,6c0e4f461d27041e1ff0824db82075220893ae6e402dfb45f818bdbd8882937d,182132
nonmembership,32,704,44057c9bf7ebbab0a83e6ac5a609d6c40aa1119c7465f88912ee0d0c77b3719e,182132
nonmembership,32,705,b3f7b47846c344da6706df6f24b409316c44a02580c4a4eb6fd5d6c3cebe358f,182132
nonmembership,32,706,af0575161f740e06198aec8ffefcd14f3dd3e9c74ea4a431d10c4c9703340838,182132
nonmembership,32,707,bab4d31c7ffb2364fc3fb07efc7055f916385190d7fc6fbf2c725beb6880106a,182132
nonmembership,32,708,faa95a1db721a77a41d0e4dd375aba38ac0b61e301dfea219c553ca8efa3fb2b,182132
nonmembership,32,709,dc94621b1d9dd04414c6a4738f39798aed9d07dbecfc4bc70ccb229c1942ea54,182132
nonmembership,32,710,77a9d2b55346e5117df1e3a3e8e4a74e0e9a50593da0c2de03970e316e6404b2,182132
nonmembership,32,711,14c626f092f861071b905706d5645071f39237b947943626d7a0f86e059134ae,182132
nonmembership,32,712,a9ebae4b9e6e4737cb37d2f621c2f6fa233b8e3445f8672eaa2d301914457587,182132
nonmembership,32,713,2167322106be30757a9ac18cf4055070750ec8fad9193f6e3002c668f50832b4,182132
nonmembership,32,714,ebced29919b8d67fe81bdad1d232858bea2f82ecc748a159cd2b7dfbacae1744,182132
nonmembership,32,715,f6676e9502cf6a36a91eb039b5ae83030df9454c1d1039300b74562113eb1623,182132
nonmembership,32,716,25c3c1a9214fe6ee109b5bc00f8466bb82ec997aa3701cabbd9165351c9fcfa6,182132
nonmembership,32,717,9c5deb3a0c47dc2fc7e9461b44e030720524445c10addb7f4608d7a17d88c9ff,182132
nonmembership,32,718,55b3ef761038e1b640eca1f0d8de4782f1a6391b5e589f1fd94c79a5516f471d,182132
nonmembership,32,719,d0ba6afb77e25c517a859c449e7b608f2242981aca3f90ff47eb246fa3bf383c,182132
nonmembership,32,720,c79b2a5ae763e772114d6145330ecfbe54924bf7264b0864ce93791b08b9a2ab,182132
nonmembership,32,721,73ea3a7cb9660333295f2375ca065a777d9d3f9bbebbeeeed3e7229716a12731,182132
nonmembership,32,722,c82361c511e488e25f5b8245cdb5a051d11d4d5a02000fb0f7f151871b24c0a8,182132
nonmembership,32,723,50e726231502e2dc543a46c2e9ab56bf2ea7d053d95b9f1cbfe68a5fd8599aa2,182132
nonmembership,32,724,512810f164182b1982fc2bbb4bdc346990d128a372b45ee0f3b2c42627058ac0,182132
nonmembership,32,725,016d0059aecc317250091656196725b53db9e584fabca306ec14c9912dba447f,182132
nonmembership,32,726,0b0226a32032f0bd86a907928916aa392e186562d01d7cb690841cc2a7b7d316,182132
nonmembership,32,727,1b5e5dd2112b3f9f7fdce2632641209c1090f09c38c65fc9bc8dafc3664a2885,182132
nonmembership,32,728,9fea90051eeb8b91d03556234db95cf39bfd0532b60cd82e4c2e1a89cf2f1b4b,182132
nonmembership,32,729,cc785093c2218b459ba53b5bbcdd8281130d959bbba8e5886d3fc493aca36088,182132
nonmembership,32,730,7e1ac0234c071ad612ed5dc644a18f5395ad13943fd82360d7f7786d4dc8bf4d,182132
nonmembership,32,731,ea7a5003e6f269f6efd5ccb212520b6712a641683958c7cf881575c21e7cc2d5,182132
nonmembership,32,732,5eabb71041e9f7c750578b646f9b2808c256dc8d6a8c10343c7827f397676427,182132
nonmembership,32,733,ea26e4bb3621ea5555b6ff4aef57da6fc5af0df1959a230e724f4e51e6f84278,182132
nonmembership,32,734,11eb03d18a852a502cbe2c055611914df1c164ec45b5d42dd6eca7fd1aa6cfc3,182132
nonmembership,32,735,b271fe03094d4b5f92d3a5ad76c99892942df8b66d018725af73b7bc0b742d07,182132
nonmembership,32,736,8ae27f89b973efe021f49ffaf7b7699d184bf80fbae93612c2e287eb8353c702,182132
nonmembership,32,737,79a62b22c22201edefca6542917a78e9faca09eba3021e5109d1743ec9d979f7,182132
nonmembership,32,738,6d986ae989c978ef0d7562bd78c5d7025a2e07e5fd84bb7a4eaf6e47ff396c0a,182132
nonmembership,32,739,5ec00cb496c927feb62a2c921e1bb16968aab3361a6f8a3c36162f25652aba6f,182132
nonmembership,32,740,c7686a479b6b79a11e70ca8e685fbf203caac9f3ce6d4f10c605aee970d9b6f1,182132
nonmembership,32,741,4fa4c0402d2f538d3ba22ea87e68ce867b52675fe59fe1dd07116006ded153b1,182132
nonmembership,32,742,57c2d72dc8f21623bc12b1b55e437aaada24bbb72335169672353ecc1c0ec16d,182132
nonmembership,32,743,df9fd7a04de93fb1fee7355d0983d7f447f887409deac26cdc98999e62e0a9cb,182132
nonmembership,32,744,58872551d5d2007d042da848cf1e71cea2c82a191f03da1b07b01302a12ff145,182132
nonmembership,32,745,6b06537905b1052f6c1620b744434500f8dd150b7a7b4d5eec3e2f8e9b6a83c6,182132
nonmembership,32,746,33a3d971693debe661c702d74403a330261f9fc9cf227d880f6b1e9869e6405c,182132
nonmembership,32,747,8a5aeb972c2ab5b164214d1ec7332019c84db7fe42445eb32537e14fde46b39b,182132
nonmembership,32,748,8ee17fbc7211ec89bac016356ba401bc89671f262ad1ce5a29a3b4f77fc866d5,182132
nonmembership,32,749,820f538ca4a13ca319a490f9da7b05241de61920546e3fabe1f8b3433209ff04,182132
nonmembership,32,750,941b6ed1eda9ef4b20d27bfe9004b3d6483e5fd7d2fc3fe58c076d3fd5505b27,182132
nonmembership,32,751,14697c1cf6670c1504a64941416508a1f15ee5f141e41c4f3981aafca75fd44c,182132
nonmembership,32,752,cde701f690d7d13938a583338b3b9f62f426a2c3a274e246dbc29ddd6500ece0,182132
nonmembership,32,753,d58ee3c5291d2c580d29e8ea6c25089610a34129c16a8473fa150f6ac623b2a9,182132
nonmembership,32,754,7fe82d7f3e8cd5d351dc39431d9dee9053e4491a606240c422cc1c941e2754d1,182132
nonmembership,32,755,2095b1a1b339fac720104ba9abf19da8f0349f652df30dfd6160c2dd48510d46,182132
nonmembership,32,756,ae90cd74fa00004d2ebba2b82cfb67a46e674830dd18c7b228e78fd0b860bbef,182132
nonmembership,32,757,a3c8dc62ee8919198179a98732ef24e35b3bb726dabdbc1a734d32209699dc9c,182132
nonmembership,32,758,0e362ddcb9c34ef8c969797c16c3d8c0f7a9be55eb8eb3bce44b382401d5c3f6,182132
nonmembership,32,759,054f89ee9279301bfe2082201e7de730a6968cf960a623460f4d998e253d610f,182132
nonmembership,32,760,9873fae6e4bd68bc2f95dcf5ec54682883b2bd6a0d64bf500fedbc8a7342b40f,182132
nonmembership,32,761,865e20eccb6ff5e2bbc9a68232d9bb599d32427a4a2ed06f6cdbbc656622b507,182132
nonmembership,32,762,f197db2845b4b7158bc8b707dfdde3f23d21b8da0f0e502f8d091ab7e337a2f6,182132
nonmembership,32,763,3c38479fbf34bc8c8509599e9043dddab4ec7a080d695506972fbc638c9f7077,182132
nonmembership,32,764,19fde3972608a4af791a36152333a911fa7320fdd78edc744173e0ad4a30385b,182132
nonmembership,32,765,15335152c1746b0fcbae2e672224471b9166b57a4d4a7fc8b40a552c31f2a52b,182132
nonmembership,32,766,c70df23830c704a9e0b9c05e6bb83ded549575195a0060a94ce375ea79a7c730,182132
nonmembership,32,767,5d77f5b6df5406d1dcba8bde030bcd390046445713947d53e0fdc8ca079fd8c3,182132
update,32,0,b680567110d6fc1b0f815275b32cb6578786b2318b89bf30c153941232cf5973,201086
update,32,1,70339fc6e8d4c9482247a4f8e56aacaaf5ff9fa86dfe4d81d95a77784361b8d6,201086
update,32,2,6c6520db84941d29e7341983651b6afebabd39364a887f4c1e4b1d1265572b87,201086
update,32,3,6ab7aaf09c6e695139c94e1dce2e0de27c730bf28f3eb6e306b6a79e6a75a78e,201086
update,32,4,7cfb2ad3358945cb0e9dd1aade62a0610480b4e1a95ceb71dd24c74968f37b9a,201086
update,32,5,0ec795bccb938b8b7a1f803df526d522a009400d9181b8500eb91c76f8ed0e24,201086
update,32,6,ed696f60f8f1c708beaa8b09cadae55b672f4e6078c18a0ff0326a1f2eb797b9,201086
update,32,7,3a2b52f5eebf2465d197448d22d9481f9954e9c801d2d50d3988a7efec4e7059,201086
update,32,8,4607e572b30ba0700633dc58c4e4e79174830fc5d9a4b80191ce90cf5533870e,201086
update,32,9,52d338514decee14723557eb0e0015c7bad6397712079de4d594fba3cd7b3afb,201086
update,32,10,367a675a99fc9d3222d7d52fc3c33893b97d96d71c0af18822d31611e2d4ea51,201086
update,32,11,fc40f628e5b6c63be4cf11752be4861a3330fa70a0e21033459fcfd25d3ca057,201086
update,32,12,314ff42ff71069f6220b2a6b6dc7b1318cea57d5fb657afcd8f44cb9fa084e94,201086
update,32,13,0256541edb454742012f397491f8fc468d5ee85f905f56b2fdb6db91277fbd55,201086
update,32,14,129af1986adfbab4f21cdf3e3cce31a472cfb875bc0710955d844f452729df31,201086
update,32,15,98e93d18f6a94a80274adad40b20585721b1a7529d8b643033051f9e1c19105d,201086
update,32,16,84f5d92ef7993077c823aadb5cd1695fe043a26c71d5bfe3eddb74664cc39ba1,201086
update,32,17,6a504f441f681b341d6d25599c619ac95b57ccda55102f74dd5342fe355cdb03,201086
update,32,18,f46c995327a3d36292b14fdf4d5e30ddec5615f06f55aa7ffeb87c65ec9541e4,201086
update,32,19,06c8255551dc84f948b74ddd854bfaea4326f86f308143731e6a764d1b31a193,201086
update,32,20,2f7cae62e5b28a1bc3217f84c860add5485898134655be2a967629ec735f0e68,201086
update,32,21,f06c4a2378b7a6ea02cf08fb427c1dea45fc52656ad9d123308cebfe3d89dd3c,201086
update,32,22,5e09f631370b0bfc46423f9be22bb135cb598914a64828aacb24f097f26ff111,201086
update,32,23,b88338c6e1057c0705dcb81c37da80dcea2cfe81e0e4faf9950fe7323eba5d8e,201086
update,32,24,8c3c2d6cdad57b5c74c104eecc6b0d372998178786a4b140c0eb4c064e973750,201086
update,32,25,da078cfb5be3ac3e36c5d04711dfecc33c58d554c43ac59da23ed3bffc18da02,201086
update,32,26,712661b8b3b058d3aee7d89506a5535cbc45f42619451241a1fa7edcb8735e34,201086
update,32,27,0d9f429176fa30b43c19cb2d5826c9b98d2e6f12605ca730b3f253e086c7a874,201086
update,32,28,fbeec356a5a4bb49fba27a38d676218fea0869d1e4cf75ea36b8cabf6b86776d,201086
update,32,29,e389446c298db2b5cdadb01d0c8523eb579aaf742260bf38278008f7208e1221,201086
update,32,30,a565fb1afa447841514e16aa362fb5d84e686c3cae42e41dab159aac59382ca3,201086
update,32,31,457939be3fe32b24d7bee055c256a697789abe58567c37b2a663d12237638be5,201086
update,32,32,0c61d6f7d01cc8a270a8cec3a12b7c7139fc7851274a97c77eaf3612f53341ce,201086
update,32,33,2822246a98678f4ce80d979d0242aaa6087890b86a51ee1a5933120ce8e25499,201086
update,32,34,54e61aadfcccac91a6244c065c62ada19965d74931fe4db26e979f6bb7de6446,201086
update,32,35,9faf3889f9ca80e117e0e789648a09991adccb47bf15b35fee903eca9eb41203,201086
update,32,36,adc6a551e9db1f74e56d8137b3726d195711fd93947cd713b37a5470f67e628d,201086
update,32,37,712d4a7b049cd0f05ee574390456a72a6ac5d934cbac4948efe9e06bbee629d2,201086
update,32,38,7bb18ad3b9b5cf56311be3ce14aa343f88e8c52d7bfe6493faca0be0e4e01044,201086
update,32,39,3ae06c46efe9741d5999066f9d69a65fecdfe51f0059b5d0b7610e900c453eaf,201086
update,32,40,8fc36de8ea6a87c046f19a5cbe6d6c666033663c4c1466846920d9257a4c7709,201086
update,32,41,9ebe2128a81966a1df4aa10b00b33ee0e592b4c788bd163a2caa77d46a9baa06,201086
update,32,42,1cd3ed7d270873cdfc54fb4ce14bc4567be731e0a2b44e65bb86e5317e91ac0b,201086
update,32,43,93693a2e72c1102ddb1c33d452cfd3aa4c7ad218b59861a68ac2bae9478ab27e,201086
update,32,44,209065188e9325ad3a240e4c1dedf196b9659242c7ceea7bdfa37494b1410f99,201086
update,32,45,089d19de926752b1c3b1ae078d2f948318e76ae93e6d1f153b8272c353ac3869,201086
update,32,46,4d97b159b286a10822355f7f8354b049f37e00a1859e685e31f2bcbaa21b4367,201086
update,32,47,97c2db84a828a4dea19958a4e871377b37edfb7073f11244439923aedb1c0bf1,201086
update,32,48,f3b3b8be64071be1faebda914aed13557609dc80f7c02e1a4e2a05a4321a22d7,201086
update,32,49,0b9b6a0e2228ac29c81c923d985df7ae26b8f86aa68b4d222c068ed86d5c7c30,201086
update,32,50,e46e8a6c53532ec9d49b48007d1f0b790b2f2c86d85443ad2d1b052014562719,201086
update,32,51,46359128b1caf7b0e074b31b6833b0bb925386937a7daba01a211c7a01d87c0e,201086
update,32,52,048eb977eb8a28ade2832c8d492cdc410df73f97b7be3647e70cdf91c788a468,201086
update,32,53,7bf10ec7faed22af887c415fe3cade4da8167db41e72c89aa290efa255a48b46,201086
update,32,54,e5c294f696bbff8adc9f41115f5fed29f8ac9b12d2ecfd2f8d666d5d6a6235eb,201086
update,32,55,a061d0336186c4077e5c04f1c5625d8db11cf5cbef8a5081ae2d97e19b178745,201086
update,32,56,71c76bf1cfa820433f703cf7d873bac0d8fd613d82c1e16ac501a247f66d4356,201086
update,32,57,6fed827a1cb74c97dde8ae9f2c73e82ec7415c5627fd6db8d58b6634daaf8e9a,201086
update,32,58,850cce867a921bb7396cd38bc20e5e0c2450f783d071e5dec75759cdf91d8fca,201086
update,32,59,4347f422a612a2cae549a815bd999911384b276a03ad14f1d4d9d609e4b44f84,201086
update,32,60,54423c28cd71a4c6bf96da73e0925d75a3525b69a08f5456191dfeda06d127e6,201086
update,32,61,2ca9a48b28fc8b4d467d897319f5545bcf91b91a11fee6e047a0d175bc86d253,201086
update,32,62,9190511fc553d26ab6f943006b2231684eeadd651ff6ef2ac8accabeacc8977a,201086
update,32,63,36aa2dded937f622d9a8c5bf19dc80af559eea28a2a3970cb57997340fefd4fa,201086
update,32,64,f2d2dc399ae35cbcb52a3b5b64747157434f0e6363f003be609a3b44c9f14807,201086
update,32,65,4483f775b7587fd71f02acd92c18cce9f3f9d77ce771c1c50367f1ad8e0fca81,201086
update,32,66,f6ae347015f90245b03060110b81fcba286787313f3c5ce02c2597b52a8ec69f,201086
update,32,67,b23c246e156345c98c7583aacf77f83c56053ff08f8a5fce2ac6617b4ef6be60,201086
update,32,68,02b39f81057c34f8dc14a29a8b635640702ed9f1785d87ec6712904c160be1e7,201086
update,32,69,6dc1d4af6015b5d0c41467c4d327c029a87cf2c28151565e86c3611bc7f3cdb7,201086
update,32,70,e9732776340a148e6a7d28f1745aeeddaee80d841d72927236d1e7d306570538,201086
update,32,71,04c496903840b43aa45bc264867dc6318e2428d1e44b1a2e35c048cb8e73c71c,201086
update,32,72,bc3455d536d357aa21949be2a74463440d2f1870aca51eb56156ffa695d12c18,201086
update,32,73,e1e1dd4043082123796932c69e2ec5d1834d1c6537f53b5d7d8244b02b263cf9,201086
update,32,74,c8f89cb44ef038d2a23c182c6dac1de1836f8c09ca5c9a11149dc48d8bda3d9f,201086
update,32,75,5380103ed9ba526585faedae7fb0cc204e3acf6fe0d4953853fc600a296ba509,201086
update,32,76,a232c9aa984a2f26477f8cbc50b43b6385ce2b6c61e71e9b8e9810ae0f7a55f8,201086
update,32,77,f9457fb7ac4cc9f40c7e6661aa0e9d086e3ae426765e8942ec5080c689ecc8b1,201086
update,32,78,f2ed7df06734304b2f78e492829f7518d886ea3aa28fe01273bc3ca5f75c3118,201086
update,32,79,c6f9b57928a100feb37bb2cdb7433f920dde382fe95381af6def0f1454c2dd0f,201086
update,32,80,ce30b00a8001c6ad466c66866042dbb47b5c6bd5099725385f6b84a164ed6e9a,201086
update,32,81,9e75d1918a6d8b054bd5d53f5b1815371dc17e709e99d1ef6ee0ba2c7d8142d4,201086
update,32,82,a1a9167824de51a056c4e23f7068d107b46d3bb50fa307d543e5530bac6a08ff,201086
update,32,83,03d58524c05fc0cb2fc97a53c436156fa6648b37eabe85d607c7912a1292bf68,201086
update,32,84,73de938a7145ecc65b4eb9644c17f22bd5e57d9dd9f526f2689e78c0c87cca00,201086
update,32,85,a68008775864906c0924d9209444914910f42846645ad61f26fa4e906b5c7a1f,201086
update,32,86,9349b23423822436575e66401f6560cd30e17be15ac6f613ab4af043a248869e,201086
update,32,87,333da372bc672892ee5250fb4c7b0ab694460708d76849c59b0a551e65610b72,201086
update,32,88,a8288468f23d9d2bae0681e224bf38193455dd033225eb479313597c06203d35,201086
update,32,89,2a2a6e3d540a3fc6db98603d6c7050cfa1b1f8c3966fd47589759937b7b9d7df,201086
update,32,90,da09aa16cab2b40ad55dbf40b55ca5de7737f6f8d9c90ffdeb680dc79005f22a,201086
update,32,91,ca6b993e3125c3c1cb98508971531178d2f545fed14ac36e52431fa4237b8ffb,201086
update,32,92,dd7fc391f74e72f925f9eb0537c6d4f0d754a803118b5d375bcc1336e2f7ff55,201086
update,32,93,3f71a4f7f64ddcaac35b408bbdb6da0ebd7b55eb07de5cf9e7e88d2a94d87d55,201086
update,32,94,69a127ea0287a72e627f990c065f741d3043fdd2edc64b11b3bfe0714c2526ec,201086
update,32,95,f0ea66c52af56095b1f4cea868c3835c015784cb3932270670877db8a652d962,201086
update,32,96,8e20828b6c9f5f65377f943b7dcdce2cdf9bc9bafd85e4732cb977abf0446da3,201086
update,32,97,ddce47ba17daa7cee8b938e1da3fd43508a722f811c760e3ae10f25c084f0376,201086
update,32,98,3f32337af7dd5159b9fd7da588a5c1d546d0a7bfb66ee2c2eacef08f571e869f,201086
update,32,99,7fb584ff2bcd3758f31a8aa1b8168d0229dd313acf435c0fe8643c8693a5a4d9,201086
update,32,100,59495c3653aa5bc69d4b5558f57ce623179e4d32a11f8a41a52dbb88fff52f91,201086
update,32,101,fe60ba43428fb263cae1d781e8a27a6a748bab5611585e84dfb96cb7151e98e8,201086
update,32,102,941f62ec41cbb5cbdea47f7ef1dc8ce04799e8b3b2b07dd8f65671927a54ab1d,201086
update,32,103,6807935d87b2a2a4252e84503b118f019c1fccd0721bc146927a6b2671480d26,201086
update,32,104,675513e007d6d50d06393056304969abe2c8778b058ff99488b8d917564b602d,201086
update,32,105,b248c364aa09114c1bf59a4e4d47df3d2f53dd4de80cdf9100c8a374f8f227fd,201086
update,32,106,a41758e21474d8e0f99feddfae8e13e57f9d56eb66abdbb6cb1ca1d972711e3e,201086
update,32,107,c8a790c84d15bb6e2035e86df048f3ed48ad1c53fde2ab1860851b093fc50302,201086
update,32,108,b0591dcb1b688b3b5a1c3e4131cc23154d50f98e5e83f6f85a029a92de498fb3,201086
update,32,109,c70273f240861c6cccfc43fa163bf09a0f596db15b3d1a42f3e7bd6917095fd0,201086
update,32,110,a4800a958ac066ecf73bb07ef3c00e8d0ad858fc0676ba595c9656589f37be7a,201086
update,32,111,39158e3cde754412ad1bbd86c396915508edf387f4b19c649e5dee671b5fa6f9,201086
update,32,112,2aeb7c95be5c225412aa6df04b9e035ddcf0d927d439a8406602f86330ac2413,201086
update,32,113,e9421fe035dffd7083a1dca167a99c0f794c0a1f9c5021a92df48ed59d53d393,201086
update,32,114,1ed72137dc3b3cce6fbdd9db5115aa2c842563b41034b39380ae33aba57fe193,201086
update,32,115,36045ef3bdcaa07ae5fc97b82dc686a3bdab9b553df235fe7982c96465966867,201086
update,32,116,4910cd3f85eddf5ae8760f8dd661c6eb70dd291e31208c29a26993e3790ab3b2,201086
update,32,117,1594165643d1612f790473f9f196d3d06ea8ed798d9fc9aec2ce90f68426e72a,201086
update,32,118,583d7f6cbf53b59c842d47c639d38891ac0851adb9a5a0ee8b250fee29e22538,201086
update,32,119,ddd4716af6013f4f81b94fd0c032c3154ad5490f2fab240332ae3252a82aa6b0,201086
update,32,120,5a515288042f124b3130f2962adfb9e42641653fb5e2dfcab3780309f698cffe,201086
update,32,121,a603049d7ccf963a8f96a46c27566a6ec63bc4659fba97c8dbcb9cccc03d2028,201086
update,32,122,c83b6aa0234f76685f53221e920e5305ac533da0965a35a2e96a3055fdb2543e,201086
update,32,123,3cbebf41d7f38c68bbe3c453380b69eacdcb7cd112752c7e64e76cc0d0508712,201086
update,32,124,eadd27aa4d8c1b309ca2bd57a9f47480b07ac82cbae3cce503269444c704396c,201086
update,32,125,487d4c4059c79e1ce8ec1bcdd699dd916f1458c093a7fa18025182c52b354c9b,201086
update,32,126,f3d4e394a0eafc7608ab9fb6422d647ba3d767302683db09e166fd4bf5fb8f04,201086
update,32,127,f466b72e098b1d12684bf562382257e40fb6699e6a2526f420332c27e1017437,201086
update,32,128,fd63df9d46c97813cf364f946e34052b43791c5d6fae83e6bd1886cf1a99471e,201086
update,32,129,4f6188a033331eae47bb9496a40d4678d0aa7d5a6c14aaafc0eca41f47671f97,201086
update,32,130,133efd10c3597e14222cac6b9ff40a1a1ee23e97712846ffda244cd14842a51d,201086
update,32,131,ac4f0200a98779635104a0747e1d1121ca84280f274b6574f2ece89e08b67762,201086
update,32,132,a6c4a4739526125e021fb24bbe4de288156b9a418e426acb325a612ae2f123cd,201086
update,32,133,644159a72bc56909f5b35747e62e9d03a66508bc86bc4e58abbd4f7445b5dc22,201086
update,32,134,b5649faa05da382f8b69f8425f990b3dd093ee0510c7c74785b454e593bf6b6a,201086
update,32,135,6bf4f3f858f949090fb1f197f0ec38f25747cb72fe12bb70a24a40426580983e,201086
update,32,136,5e60ae323cd26bb6e9543399fbd0a2cf359f9a16c162544b773cdd07e106d252,201086
update,32,137,ab1a4878def0613b44ab55e65accfbdd5c942929baa87adfb63ea0ce938b79e5,201086
update,32,138,43dd6b8e16bd0fbd3e5827c6c03de572ae573e07300a1d36ac51d5d3b4ea3920,201086
update,32,139,1f75100117864a36f7fc6e1e2c0ba18e21910be53a3563fac062ad0145aadc34,201086
update,32,140,e73c70622c453e2b12855d61cd157e033293d4f48a36cb81268ff129da02d86c,201086
update,32,141,fc7d68c0363e141ae1874b17c2b6f0acabaaf8ee9125a047f60773a4a007f569,201086
update,32,142,2a09ad5eed29c64c05e1061c1d9e762849fa338192bb519c8d703671fffd98f7,201086
update,32,143,a0fa2a770b499bfda49faccb8653b24c5e2ec1f6716bcd77ae3de418f24de0ae,201086
update,32,144,025043e5f2984ff2358b22b94628321a2834efb5fc1474a65ff2ea57ee85fe97,201086
update,32,145,e953dcf438ed05c4b4ac30c9e305505e7ab5aa80bffc44bd928fb9bd1c3734a3,201086
update,32,146,fb9deddeede12d6fbc1c1c9ed4fc37224b3be7d63ff657a74d6103727770d115,201086
update,32,147,0730577eca51cae91934dda1ba6cb345be1ef1fa8dafb1b35474c01db9642661,201086
update,32,148,6d4fa340ca8718f6b05f6bd83867cd3ca76e9b353046f95e691a862530f2c765,201086
update,32,149,12cb864ab2e5cddecc5d3d504c36958c93497d27e10ecde2deb191d4830d5b86,201086
update,32,150,2b18c1034b2166f5e37a50e2eff0ffb5e759a8507e43cfe5617f1cce418a7525,201086
update,32,151,c8c0e312583bc3f13785931ba0f1fbfcbf2ceddb30ef395a7e8f38ba8681c311,201086
update,32,152,43d23768ca765490bcce8538d537abc4b37b96cccd0cb151959ace2f58ad17fc,201086
update,32,153,0eeaecfe7b1f0776de61a3ab6852d76921abcc74f9b8b444ecca92edaa42efd6,201086
update,32,154,12925bfc031267805ddcf01aaeab2efa58d80a0329855c7fadd863c8efc25c7b,201086
update,32,155,024edd02c256d938f54d871e3f246ce1e3701db6d1b0c226fd32ba5a8c4ce2ed,201086
update,32,156,7a36ff89dac3faffd01477be435e125a877a5e6b7bb971f29fb17eb1d3548c2a,201086
update,32,157,78d21ac4cc61b9db250a4977eaa80d5f4b01abe99c0f88d8779810954ca57a15,201086
update,32,158,965e01925462bf0082f83ce6aad56b4b18511c5dc0eb07edbf4d521f9470524d,201086
update,32,159,d30dc6be8765175b7f6dd8ed263a00d0f4335a5de3404f4ccb73132035cca3f3,201086
update,32,160,ea9adfe6c425cb86d062f7a600a3dbf802eced4758e0b5d414b702e614e420c1,201086
update,32,161,ee5db34d007eb0992ed097f7ff0f106786d9a80d380fd8896dfe983bcf22ab35,201086
update,32,162,dad7c3eb233748c0d4fabab8621a426c260e31c17e522ad5047f5132a8929699,201086
update,32,163,f11717494a6249ef0462952ceb9310fa8da0bd1bf3290bbfabdec757369deb69,201086
update,32,164,620e070950a737d21dd5b4400d6164f8d2e5b47fd6f112a2fce2314241d71aa7,201086
update,32,165,d507a19c977dc16bc66af025d7f23a45e5c75023aa65a6d6d061b7e3158aacbc,201086
update,32,166,7af25d2341d4adf9c2ac1413f89d817de79a2679a2ba5e023eed0ee22a4d997c,201086
update,32,167,dbcd43ab53846bfb9bc42c93ba9a877f8d957ca9663ae7c83b644433a67b12de,201086
update,32,168,1baf53182879cb13728964048b5fa6108a3a4d38a6acff14a21dd563027f53b9,201086
update,32,169,ed294b0fe8ad09c598dfce97ffe72f0b894efb0b48a181a876a8e780a8ee1d7a,201086
update,32,170,ae25029d2924cb002106ab020d75124420056329dc9998b90d31419ae039ea13,201086
update,32,171,30706b2db92a050390861abb7bf8f2d7ed9fdb8911a681ab451b6f443a7ccb50,201086
update,32,172,def23fdb97c0d5dd0c4b6bb3bc834c6bbeb5dd334d95f2d4280fef976e0eb4aa,201086
update,32,173,1e395c05ecfb8f57d14559a892045456ff2d4ebb1c5c2ae46dbe777b6ef1b98e,201086
update,32,174,fd1935f35fa14e9e1fbd5bfe32883fd800b1b652a8b077af0705668f676c0140,201086
update,32,175,c18df7ada485c658406b68724a8ff65f4c2f67e71e5ce172170113066a44a4f6,201086
update,32,176,5b221207ac8388dab3ff2849dac27251edad2d146489183eb023d654eee70158,201086
update,32,177,4171edd4739bd4654458d03ccfd87b79fd1bf97d558070d5e3b26c8156533735,201086
update,32,178,535bb318be3d0293dd1a3b5b47528ed3d1f7247ef7fcb93a58330a8d6c1d42dd,201086
update,32,179,a6a1680aac58cb61e6bc411618669861161553cd164556b2fc8b1c5f0481af4e,201086
update,32,180,db4d5aa6744d51d8c2d7a2b472a432b915388556b099ef2fcba3e294d09f37c3,201086
update,32,181,888933d874db78fb68d0733dd26f59562d0834280249d001b855253ef2f55224,201086
update,32,182,13d39f54c317b3aa4396a75c583fc39ad2fe489673293b8a8285a0b2d275dada,201086
update,32,183,4d24bdac39af366268a0508f91bf38fdbeab0857ea7ec0047162ab0972e040bc,201086
update,32,184,612f19e2049964eee7777f7a6350a2a25c073e7e5ad37dcc15fee7c8f2e44ca8,201086
update,32,185,6a58fccb366c9a18abd51f25ba335a2ced574164ff515918d173cf31d668d260,201086
update,32,186,b61de44151f075c590d0f4d01d4fa759e67cbbbcd9b6479d968be6bf6c09bfa3,201086
update,32,187,d25ef34a0bf71818ebf5d70606ec011501656e520e6181c406f250ffec02fa58,201086
update,32,188,43d43a7002afe0abf037fb963a363b71546d4bfcff74f22ad91d335bb26e3a7e,201086
update,32,189,0ffc424fbcfdb371a0e825c7f81d112cb25835caddae05e8109b70b061777b24,201086
update,32,190,490e75a51cd6baaf7f50f31798a2eeec8a90435c138d2c57678e32a225fb10e2,201086
update,32,191,2257faade3c6969e38946e491b9d936568e6812004b22fa1bb289441d26a0947,201086
update,32,192,206bfe0ac036699f006d10560e32bdc660093038a22745521ff5ce456b1f7f0e,201086
update,32,193,c8817414b4620e3beb81bcdef83276170a380e9ac8d91e3a0fc4ea95c509d229,201086
update,32,194,c5c30e124f0faec22b9e2dae2e00c798087d0ea8177ad62054e66bf16a519bf3,201086
update,32,195,32eaea2852a2be6c095c27fcfb93c2a86b488a6f9b47e35a8e679f571a8854fa,201086
update,32,196,69dbfb87acf6ae95da2ebdec1302571ee20c41adbc7c91295a916c168b664462,201086
update,32,197,de7131750276367bb078b56c8b1dcb2c676572617f78a01936541cab6f7dd679,201086
update,32,198,4d684ef1afe3fdaf00c6af2c3e2e7156f1efbd2347ced46d919145a03d2cc5c7,201086
update,32,199,d9fbc388532ccdbb9e0c78a1f146fb522eec31595301a812b3e82b583cbd0de0,201086
update,32,200,783e3c2b57692851a39a8657ae7004dbe061db75153c30e44fd8aea29d7c46eb,201086
update,32,201,15c9e387ec1a21ccb6111aa216a0ca61ac0902a161292aefa053c9d9ba549e46,201086
update,32,202,3183b90a6b9c9665da1a64e79d93ca7aff8aae728c949137d63d413ffbd78395,201086
update,32,203,bc4e8273c5b30556b0dc399107a390bd0488a47d440598247ec311075f62cd9a,201086
update,32,204,7d34431a9dd590836ea38d2455132306c61ebb4fb5a2bfc1cb9f1099dfe180b2,201086
update,32,205,d78b9bd48f359ab5e99b6ed07b04698b95198a1009ac61b912b5a79768eebbd1,201086
update,32,206,2456ac11a44f462c4f1a936c3730a31f4389be6951405e44b5d66dee6148728a,201086
update,32,207,00132288c4a12079fe555360ed6721cf0bc687ab7101e4e8ae94427d02274c0d,201086
update,32,208,0e3b158c3725bcb9fb02175c4de9159e8b16d5751a5f709b0a9573b714a070bf,201086
update,32,209,2e071a4b95b2f3a1d23aafd568d37442bcdf5639661772cf5464ea0b1426786b,201086
update,32,210,0d64125f8089ad2705438e0cf125997fa7d73657c6caa14c190a3ba206b1a90a,201086
update,32,211,4822cb7aea49064dfdfae5fce2bb9e7cdab4c4a39d13e9cf530cc97f6af65697,201086
update,32,212,192a7bfb1a0f34ec732f50a76ea614a56ca93f172832ecedae5f0725394a4faf,201086
update,32,213,baa4924a53493da78448baf7d6780f62f1724eeaab5bf90cd1014ea8b95e8595,201086
update,32,214,22135e2d1157ddb4167222a3d10b88f28fa475f3291648ba1f63c4d592879674,201086
update,32,215,0b18d0dca1013c4aa9d04e74b2b19cbef940284b8c0f1d38d0458dd5b453ce37,201086
update,32,216,61676af1445936fa5bcfa9d45521e8e0cddcd3292139ccdfca33fd5d8999bb15,201086
update,32,217,376b825483261e8f788f8c1ef548d6e92a833b24783b197bcc0cef2696485a23,201086
update,32,218,3440b547676f59fb4ac6ecac057f2e094ebeaa53eefe6a839f1581586d1808f7,201086
update,32,219,ae9225ac3a457ab717687cfcfc847f2e28674b0638f061e29ae2ecb141d761cc,201086
update,32,220,120ffbdf458323c27f3069d94007072e7ce347e95a8f7652b2c0ae2777c5aa81,201086
update,32,221,620fd6e42329f6d3bbd09dccdc2386dfe33ef0c76731fd31efa965ca630ec621,201086
update,32,222,1ad64b29908867933c5dcf2816968deecdbc58ffb75e22c5a9c33c58517df036,201086
update,32,223,8e85719bc98198e3c8f681bae144b109f05ddec053f7098175f545dfdb444d24,201086
update,32,224,251a87e0dc318a9830542051ff67421a55a56936bbaeb9568f62f405f1e843c5,201086
update,32,225,b61f5eceddb826dcc2ea40f0ce25fd1cf51fd9dfae78461be607331689a905ca,201086
update,32,226,a76e7bd0f05180af43888543fe3b4df1b6e5fc51a640f282ecf8419b49e2980a,201086
update,32,227,be0a43f379f95a7958c89ef0246822f616a2a95c8b6effadf02294b86f656e6e,201086
update,32,228,7b3b2d1b469c3e016b241475baabd710928a44bc0b777fa516050c51c722f427,201086
update,32,229,99477f80b1db7412ea5e1ce02f84a00fff8cf530791157ed6794589c5c29c7fd,201086
update,32,230,eadad5198991744038601a41d22c37dc4bca3e2603032fe5e363ff0bd3c93f96,201086
update,32,231,f8bdfc32c2c6bc451190ed2df5289ac718afd0bb251575a1dbe0a13065791b81,201086
update,32,232,dc85c74a2d9d9c754636608634ae07d2edf1176734e241df5af628a56362de9a,201086
update,32,233,0037a1414791f4f95666d247869fe796a865cb6b22790c1c47cce0b072680995,201086
update,32,234,57c82d58e1c51197702eeac6125ed054452c73adbcaa47e228e1e11b42fd66bb,201086
update,32,235,7bf4d55d114a45400007861ea071694ffa66d44228e413a0b18830a9bdc49cf4,201086
update,32,236,d07ae10a7925c9d92e6ae601a4632e0de5be4b4815e50e094e1f6c0fe5c270c3,201086
update,32,237,b235f19f7cfa4c921c8826484fdbbec20331c66a89fe4ee97bcdae3c516070e7,201086
update,32,238,939e8c0bfdc7261c03ff0b037e2bb93d1a1b43966870eaff2f7d2493d1dc6af6,201086
update,32,239,28b8b3b66f07d32d485af24bb2ac1b4c56d1ce16a2184235ab2687ecce196288,201086
update,32,240,12bd11de9eec200d48fed414a64f9bbb81cd3d93ee41ef2cc492e788de6015ee,201086
update,32,241,a31d164513b54566c330b5cc75e783fe711263c8bf006af53baee0e1a618a44a,201086
update,32,242,7c65354d8191223c06b4b3c94b6a98f3ae044c021fc879f3c4e70ff440278b6a,201086
update,32,243,e071b566493a6ed4f76b802d5535ea74c7980fa7432a58035fbb82f0c796c2d3,201086
update,32,244,4294ba11d667210e383e88b5a29077cb75d40a27e29749decf572ce8df00d2f4,201086
update,32,245,154603f4966cb6d1e65a42b5b090f18885313e9bc42c71ed0e51b2a9e25e8c0f,201086
update,32,246,13070d6ee32eb444b921e22bbd53abe6ae2745c5a02525a4ebd6458dfaff7dbd,201086
update,32,247,5b6c9eebbf6febd297abd41889f96bd7ccf7bf3d6b518c541b7a48fa4a107074,201086
update,32,248,0549d479ebf6ed83cf2c16c9f315078c6386b975e7f8a5264b37aafe25e58983,201086
update,32,249,00e89487a3e569c3a77e1df3a9d27543431e41735bd34452b1675094f5360ae1,201086
update,32,250,42a00968916c100da70386f281573e762dd7e132a09d42e469b8ac2202eb46b8,201086
update,32,251,8479f0944928e365125f1cb80b7866d97a6d3e2529b6c3eded684a0262407c71,201086
update,32,252,7dbc62257be5c73458e519ae59e87647ab41efa9169d555529d60a77f0830bd8,201086
update,32,253,8769bfdd61143b4c2260e6ff7b8046e388595620eed3753a9e9181059b7891ce,201086
update,32,254,b7bbe8615cac1a9b79704fa42e6f49c2501907ce5fb960e2ca2314abb9e822a2,201086
update,32,255,0999ad4be3159ae563c2aebef401ba61139653059183aaf89184ba708cc2d6f7,201086
update,32,256,bcf939d6c06b0ef522ef93aab708e62310777879590aa0717c60780cd1495550,201086
update,32,257,306a870c0fc850662c8f1720a9806aa6c284e20b89aa37cbdd7e7b0c3a38db7d,201086
update,32,258,bb22e2087cbed12390adc8c201b2ce8ee0144fbd09e856fa67a9592e355266aa,201086
update,32,259,faac18ccf2748a5b10fa81c7675b657061020ac4007f880e5be50cbfb3f3963a,201086
update,32,260,edf1d3812dfd425e04b94f85fad0df81314840886d72c49a401972fc2cc4bb0e,201086
update,32,261,eb08ba741c440caae387229f92e068cc5240edb1c110ddd3835369b14f0bd74e,201086
update,32,262,58a0ac73087f0f1025fb4ad845b77ee327455a8bf7b1004ced3a2ba6123ddab0,201086
update,32,263,974273595eab37945de5a415da52c876a42924f43293804b3f204efadd0d9f65,201086
update,32,264,8bf5c9c37deec102be36a20dff0dadcf99641254055122b7c6cb7dbb7fc9efa7,201086
update,32,265,858add4d859b92f33ca2fab3cc00fccbdeb5402f72bea47366dbe5abe94d7012,201086
update,32,266,4e59aba2d98977d78eb779908a4fa697fcbf446afb0de43b862c912cc985a6f6,201086
update,32,267,4e950984503d693a4ba6263c1aa93ce413aa73c7ba9e8c5dc38bc5e691605fa9,201086
update,32,268,d7c0ae80809314b925174846c3ee2ad8feac70353f5dc5eed2232b2e01b156b3,201086
update,32,269,562c2a7ab6e9630b9d47f30f4dd974511cb48d90718e976fac8c271ed8c85985,201086
update,32,270,12ef6b82898bdabc7df187c5e8080b2fedc6aff328bcf4e716445bed38bf8b42,201086
update,32,271,87b6e469e2a560accdf99cf9e6115f649834e9afd2a71155ad2c7ad167096d82,201086
update,32,272,ab98f346f30f727e69eda62f6d1ce2fa45ea1608c5b584b45375d3ede0cd55e2,201086
update,32,273,b67f147dad69c452bfdd1c59d064fea9751d3e47b6511a5cc6a10960e4d1c364,201086
update,32,274,0c8eed571c54926aca227c7a55acd4091fa08b115d61c0752407f1133b354b16,201086
update,32,275,4599ed492a71b7afeec6d6331b47318e919c7f3e47ed5e609caf7e056290b4bc,201086
update,32,276,0620297abb2dcae0a6e3906fad4f78ca016ac654097c319ea6acf3583f07ba37,201086
update,32,277,80ae50cff6beb55443a21f58d4a074b258b7d1b38c897c9b9e2fdb5effc4a8ce,201086
update,32,278,3add110ee363c91d41e9037d90e385b2104aa3b6c748767ce7180d5383edbfd1,201086
update,32,279,b01cbdbe8ed67b63e3c462a03be799f1d1f2157d9688e59348f5cc40018c5f4d,201086
update,32,280,16d62a13e710c1ce753254adf35f599ddf6ab7a1fbf3494951af00da857309b3,201086
update,32,281,abc4ed139c38d659f43edd0fe6c7c678cdd029831c3e3a223f260a1a5a2fdd09,201086
update,32,282,c2f3b2b02932403e9fa70ac0ca4771bb2ec567553404a6a036a70a1500fb436c,201086
update,32,283,df0279cd6d1a9a6af2a4a165b5691748f2b30f320c52710275d78394672d5145,201086
update,32,284,5a52dc3d90a0ff2fca38cd7d4c77ea4130e0919939a813bd6af710811efc7e2b,201086
update,32,285,42c747821e5633a8c9cee2c444d7372e908d062d84f9ff20006c3489c60abfbc,201086
update,32,286,ab04fca675592fb86449358101d25ad4124b31d2b1973b1378f99f03b37e5352,201086
update,32,287,4cd5666b69ed60115de69020a10c34eaf9af466f6e86fb88121dd4b77cc8d455,201086
update,32,288,606c7709a5b17859fefc6debe81381b07e212ced15fa781dab397aebaffb5129,201086
update,32,289,847a7127398cfd9ace9ff9c8f29fe7f5e727e49d80afac68f2134cf54e6fcf8d,201086
update,32,290,a2f142a8896ee4ca6f1efe429099cfeae7bd1c2368659c7e58d0abec747a4a8b,201086
update,32,291,0cf584a6522966f6639e9ef5b7439ad338c69247bef75b72adef3db2c87e98ad,201086
update,32,292,50fd1138866bfc1b1cacfd961acb1a87582bbab0d7b90db69cda60b273fb592f,201086
update,32,293,2bf20dada6353ce241863a4e93a24cad42ce6b6504a00ceadb1f7ecf578f8427,201086
update,32,294,c24b50d2cf809ce3b75258177f143aeb3789b8e39116230482c4b9d08aa051d8,201086
update,32,295,0db4625f35e2d0a48ed323abfefd2324bcc58a372ca3e56c3b6f2a052fb84e00,201086
update,32,296,33f2eb0a5cd10812741466dd9f1128510b4615768527ed87a9ef20c1bf060201,201086
update,32,297,ff7cbeef84a85021f33fc4b53b1b3fb4a69a8e08930235e0e3bab29d7c9d86c8,201086
update,32,298,d6f61ab63219b78ca7208a6425354047e7ddf58c7ef1af9a3b03c1780f08ecdc,201086
update,32,299,12444f09dd867c735e02241878919e85317f1840f7b322b74871767f704c9aad,201086
update,32,300,6cb3250060b5c53440e8b9f4a39dc1d522bc8b1beaee547a9ea020a54c7a3d1a,201086
update,32,301,1f2f3cda84e3f14a7fcee5245e0d215379f0f0cd5cd331a7f752cf6c570c4a83,201086
update,32,302,3c0b2674693ddc46c37a1857c78c2a4623ab39da8525c6e364b846504d22dfde,201086
update,32,303,44287e4f9f4b8ea241b29cb10cbcca5f6f062dc70cf19bdb3a7fe3ecb888388d,201086
update,32,304,6a1bcfea4b5337d1d9c412b87cb6a0ea66540d9c2076a83b42514e10013331db,201086
update,32,305,cad18488562859b13c48c0df3c81379eb3f319defe4dfb2bce42a379b997ee20,201086
update,32,306,8deb94505ce18682b605dc313afc8598f512d7c9e2a59b3c2e349cde8237f75e,201086
update,32,307,d401abbc3bad41c07b525764c5cdb0848e3117a969997c3e6e773608e341feb1,201086
update,32,308,be25954c27c49217f3ac5e037da3d6f8e1314d3a082bb259be444bfe7e2b0318,201086
update,32,309,2166ac79a8a413b9f432e819c6737a02cce32a26200941ae4308afc706f12915,201086
update,32,310,3335768fb89e069114b6fc26a74756725aed9136e3b6b1a6ae4bd6a1f4d9978c,201086
update,32,311,c273e8cd9f4457c2cb2226987412f528e7548a7e4404e1397618715edf31f10a,201086
update,32,312,89fe0aed14c0ced85c2934cb78a47f0d27bfff31ed4096c825c927a0ad25a967,201086
update,32,313,b6ec8a1825b5f8c1142d64077c19b90771b3d70075119414fe51c55707814a3c,201086
update,32,314,9472fb8c874e7787d411a2a3633c7e07e37b9f015a58b6f54e82abcec92fb4db,201086
update,32,315,eab192919b389682171dd7b11d1497904c5657edda7ce96deb5721bfd2fee277,201086
update,32,316,235ab15accfbe8e5678fca3556e3aadbf428a74d041694c07f3c7404b9cc5076,201086
update,32,317,54a20f07f47dc482fa75522c6951349c7073db0faa4a26a485d1118ba0969aad,201086
update,32,318,1ec3e8a4059e9faab338e44262640407138eb18c04e3101d585645fc7f382698,201086
update,32,319,aae8c216a55ac652006248bc05ea014bfab0f1172cf9457d992b01e2e2c32f13,201086
update,32,320,27fda8a48f508b27b090a6f009d5136cfd08b1eacfb8067081a15b818ac1d7c8,201086
update,32,321,ab4c8ae380b4c3671f6f82a57b8e990a0b7640f663aaef6d99fd37e38ebf73f7,201086
update,32,322,92f2b68d0013891d5a97ce60f38692420d420626af68f02c74a9dca560be5b78,201086
update,32,323,a6c1ca2df4e59b674d2fcc911f9e9ea59edce00793d722eb7ff00c2311be7c66,201086
update,32,324,534ef7fe3747bad6c1409142306b878e1ae96f1185498b0064fb5f7a648414c0,201086
update,32,325,d1bbdac0abdb61194a9e9505912fe41be7973b15464840be6fe56527d7e47f45,201086
update,32,326,dd0ce8fdea533e6a91ecf4d40ff684e4725cee1d807cce0a8231701136941959,201086
update,32,327,a012c0df4d6d82668665e6f7701a7400ab2775f28c4828f341b4eb4f176c1d56,201086
update,32,328,42634f588bde7b9f7119e6284389994bdc63e8a33dd5546d033a65b3aad0bc1a,201086
update,32,329,461dc58ff58f94fb35d3efe89067b20822cbdf6c0a84bc2d388f685ef5de4dc4,201086
update,32,330,eaeda9c085dc9f779817f859fa84afea62ec2fd2ff2551b6e0381e9aa604d6bf,201086
update,32,331,53b4b97a70493933152cb5bc04574a14bf57500f8e8b0395e231ab40d72a5e2c,201086
update,32,332,5459d451f2dae489afb4df500b5a37281a83fe5dc566cbf76ae6e33a7a46de55,201086
update,32,333,2cbb4def09adb8da60a8524040bdbc69ee86a9c850adedea26e7bc2a7e3daca4,201086
update,32,334,658a6d716915dc33d61402c445e3f060f5e1bbd31dd7aabea3b1175d7e090339,201086
update,32,335,53139b03e4818c36262e61ba3d242943bfd4acda16d762de84a0ddc622b7b244,201086
update,32,336,0837ffc67f5893800cdc86ab96e6fc287456f8e28b49d18fee36819e27d79a39,201086
update,32,337,5d4715924523da4ab1ba851b9e3b8e6a7bab3e6875225fcb7d735ee9440c4421,201086
update,32,338,686563cbb0af47c34e68c1ffa30b02cee6ce57564ef948206b45871496faaa20,201086
update,32,339,492812adbf991ee3c07584fccc3f7a250e5d0f19b4be0868f2786e5802c3dda6,201086
update,32,340,3257c48c56e1c11dfd0bdf1977441728100c785449f9fcde592ff709cb1a055f,201086
update,32,341,31c82008d3c018f2520056e6ac851f16ad04e6f335423512caae9f878fc0317d,201086
update,32,342,65781a678c63be7b5d17402955504b87aa05866d447a0faf5cfee74c7603c348,201086
update,32,343,b0b347defd78b85bb699e5abbd98ccbd931211ef054f1ee5f1c540add8e4314f,201086
update,32,344,fd522b9586cf0883aafce5cb12ffaaa55ff41113815a11727b1680048f71ac55,201086
update,32,345,8ccb679d2abecaa064d0ce6703e3c4811b5e381c4ca87a799bce3aeca5b6b6ea,201086
update,32,346,a1b2e52b45dfd2e0a33d2ec29f1ebc48896f70ab17ef1bfb0192b21c1f340ecf,201086
update,32,347,853a9eea7f5ddbcb322ddcfafdb472ee00335ccf89ef720b19bae10f96cb352f,201086
update,32,348,1b789456372836e1d8fb61649ae7e95aa0a5dfc4fadf4939f074eb3e97b17dbb,201086
update,32,349,d8d7b4462876050409be1e9d69f560ff33431a05f763548e254f03a3903259b7,201086
update,32,350,13b98790343f06d6d2c14d22fdfaeaeb6abeb3a7d445ae3bbd82a43b0c0adc52,201086
update,32,351,429e8a5393f9981668e19563e7def6f5b8bb2fa97405113a4d029251a94ac0ca,201086
update,32,352,dd848948ad42d5d20076a9ec6f324a461abe32e1c1553a39b04f25b69d869f61,201086
update,32,353,6eb8b4802fcc20ef32e97b69a99033d9a695eb59a6d4afed4cac65706b4a605f,201086
update,32,354,8ec6a7b570eb28610e44491ae55f8940d3d753d43ccd7930f4743a37f8587dd4,201086
update,32,355,95ffcf0d70b566c29b64787426efe86c3bc5b3420d726b7618d409ef578bca88,201086
update,32,356,3dbef6a51767dd3390eb874d39c7cfeaae9a90d8f78c665be73c68089135e254,201086
update,32,357,a8a2185906dc12f667a76c0ee8e9a16d8c712c43d0c0cbe7cf3bebed50b6ac11,201086
update,32,358,0a71edab1b63cfc452255aec1b5853691d90a8c2c29967a784699871bf4477c6,201086
update,32,359,9b6759fa376bb47590eb10c4a470c4f883a540a00e7fa655e3517755e40a3e80,201086
update,32,360,e3a2891759a8b2c7297bff04fd5831465e5c3c498b6a37263f6f5b3cd14d2f81,201086
update,32,361,7fbdadb2e2716c31ac371ca59e1a35ec8d7cdbda825d5e9c71c799067badd054,201086
update,32,362,434c4c6d72232911a98f5f906bf3d549a70244741a034248bf9aa65093f7576d,201086
update,32,363,feff25d2eefc82371e5b18f6b79f523a84b2dd6c45e4fc6ad9503fb712298b6e,201086
update,32,364,7e14eb673cb401fc8f96ba1012438506cf7bd32c69f4fc53690d45270b3d8382,201086
update,32,365,0d7153c6b0acf69f02f9d161dce8dd3c60315dd59345e4296e844dfd6094f2cf,201086
update,32,366,68a6eefc69700705e0c8c5e5b2496bfea64ad31a652dccb81328b6af76f0ce7a,201086
update,32,367,248ce9d4f452e5faa66e1cc5f68e8f7316d40ac1551a9e1d2d844946d70873f4,201086
update,32,368,d70de49779f33af2f48927c75fb9eada9cb3285d81bbc23ac2094ef76b3076d9,201086
update,32,369,06b203f5acf7e08cdbd9e653cb32519e7585156be408b40b4905195e46a59794,201086
update,32,370,32c3176e31e511868a4a89ec5fa143c4c1a6cb90fd85b71cda591e4590344eb0,201086
update,32,371,e76f01f37fba28e52eccdeacc65f9e3298175ad989d4eabb9cb0b1ae261c1e22,201086
update,32,372,2c9519a037a1db56cd6fa2701d3c95da6e6a6d794eeee833579d05475a97923e,201086
update,32,373,472e7b9a82ee7fa204ab920bb4edca7975791b1e4ba9a32028b7ccca49e24ef4,201086
update,32,374,c4ff20884d43ea851e1a29b3624b5332d0f48af2c4ba15d8a70304914efb22d6,201086
update,32,375,d345dae74c97b03d20d45182d3dbebf10539f310573efca3aa02227aa39affeb,201086
update,32,376,c3798405fedafbfc36492e47e66674a3fc22c78675c4a2f78e60d43c4e1c63a1,201086
update,32,377,ab9b732fe979dcedac9dd0efd55b47ea00a81706b6a8de06134e580ac21c6ef2,201086
update,32,378,654b759ec9e2dfe6fead6408b5da1c4ec7135b41e49dcd6739a577b818049c51,201086
update,32,379,1c16f12e47ef50727a346affce650a70c145a724469dc0a86ff15154a1917975,201086
update,32,380,6ed44abfc258ead5639925fcf8d2b2a32fc9dac98826deaafca6a6aa79a7f996,201086
update,32,381,21a73f7b6b04ddff2271edcb536eebd25f1bfc341a80c91213c1a8d53b0a60f0,201086
update,32,382,8a1e8e4f66fee620e3a7b92d837aa6473bd072693910869a92d172f09a3c10b7,201086
update,32,383,9d3ad9e2617d6ad3ca67a48fd9ed122be3c7a0acf4c49c12959a74be954a8c40,201086
update,32,384,70b3a8a14886386f5a20eb7bb3da8d8e93d67d87a0a60530e472b69b2e3155d4,201086
update,32,385,f7eec01f3605162ee7353b1b18ed5502edc3e30bcd22dccd7df83bd5d3013b90,201086
update,32,386,19eff16b636b2d8ad1ac8c982f6d8ecd4c8babbd51dad00053b798f422aa9af7,201086
update,32,387,2d5c7f1ec92c9efe0883389ac158b2e15e848ded4505fa0b068e36761b4d9851,201086
update,32,388,60a43cb599fc7a369c30dabb4f2473d053dbdf27977dd7259f0965d265466b7c,201086
update,32,389,5db02a5a8cc4a520ebaea7ed3d4501ac3579696bd4aebc51ee677420dbe00fc1,201086
update,32,390,664db6d2b00acf3db835d9ded3b6190c74dcae1954ab8708418212cabb90ec3b,201086
update,32,391,9f4ae2b00b9b64df7ba427b59a2f841411bfbcb3899dcbd537d528d751673a7c,201086
update,32,392,26321b78640fd2f69ff5f6250dc74d042bb799db2bb623c8f7191c1ddbf6c72b,201086
update,32,393,8c154baf16afcbebc9b7a47f771e8e7509b06e15e6e5e23dc986f24b02c44873,201086
update,32,394,1ff1b199a909d6704c3a08529de85baa9f61e02d962ee1961ac0a6351b37db67,201086
update,32,395,45ebfee5172277b31213dc7f30c26faf1cb85c2f94eba8795b0fba237afa3086,201086
update,32,396,81642bcdc0cf5389358d83585144fdd6ed33c72574e1ff080cb1c75afcb71fbe,201086
update,32,397,ee58117e59bbcb272555024366ced5565f6cd68f52a56dd050485626aff316ee,201086
update,32,398,e6c9612d7e0a8168a0f28e2aa999dd722c3a4ceb3c2264ed912d2dd12347ab68,201086
update,32,399,dc003391c73a83e51a8b7d6d39ab260076cf01add4bebac25f9ed88cd6a84b42,201086
update,32,400,9bb59b3f6c022ad9bf97ce345bbd90fe594aab437deb5d9ca375c802a67158a4,201086
update,32,401,988ed2601984c016f6e301dcf2d1e555bc2e261744d784a5a41b8118c97e10ac,201086
update,32,402,faacecc6ffbbaded51cbbd021b6f665d1204abcda5c172b2fab4d9fdd49289c4,201086
update,32,403,71db66902c36fd179c4165fb588175270d074e2b42d5661a113191aa8a31c967,201086
update,32,404,869205e50dc70de21cc6e9201eb32405a2a59bc9f6a23051c12bd6aee1762b52,201086
update,32,405,a8fe63678e83b39560d792807b9f0e9eea8fcad5456dbc34f61ef6718708845c,201086
update,32,406,fb0c298bfd41d480a9bf85e66716b338e41d11af975673693ebd689289be8b51,201086
update,32,407,64582d52aec03db6d2cd665dc834ced3f3fd65931258730697cca3b4f43f5ed0,201086
update,32,408,ed7d736e68065a68450ce74edc4860575bca467b1a1ae9f1679f51353553cd49,201086
update,32,409,4221a4f87c37b315a8f63d577e7ce5c1e7e413b17def00672392174514e32d62,201086
update,32,410,5703085be50c4e1530c10d8e956489355bc3d748eafeedd738f898ce1f2815d4,201086
update,32,411,2c0132474c7a97cd4f9e3316ac702c515986e8582beb7658da6eb6ddcfa3c903,201086
update,32,412,34843313ae27ad080f17617606ddd8574edd8303f781e80cbe4cf6b6f20c7a8d,201086
update,32,413,931fb69c59074029a658c9c0660dbc4eed70a4d9803e946c1ca8b9c3eb574958,201086
update,32,414,929ba46f36a12ed26afd54059956e2cbd73c647bf6d0fc1ccf75588d7dfbc294,201086
update,32,415,f5c6651db3fa4c679df25743aca48160270087ec34f4783d385af9a568167715,201086
update,32,416,29d145b3a0d73553eeb9c8f5d6599a8a48ea8086d43cf3517c713196617338e6,201086
update,32,417,ed77883efcefea947bcebca1303601b7d50a4a95f69653a1781d578d22d887dd,201086
update,32,418,94d78945c65a3011b7787c6cf38c4988e8ae0ea5d60f4af9f0abb2b800f38825,201086
update,32,419,f5f8038523bfea472da18c6122bdd697a922457f3d7fc02be78276eb9dca3924,201086
update,32,420,7821c643d858d74f5982337de5f118da7df1a6a5068f6369bd04f109fb61f314,201086
update,32,421,d8528d3521e828bd04e363801f4b860adc17d01e484dbcede8b70870049e1955,201086
update,32,422,eb8f010d9f7b3ae2973da7f3be0f2297094a5e4b21bf3333e7768dd2140a6152,201086
update,32,423,220ac7f11a3b6ecf34044f0ccb78dae47512ad9469dd15aa0ec810aa0121bb4a,201086
update,32,424,e4bf6c8ece7bc5e1de0a1fda433375c5638b30b541d6afc65a573f8eefcfa5ff,201086
update,32,425,d21783450dba0b32e92c874ebfceac20cba4029bf85d12ef560b11c2630b88f4,201086
update,32,426,8de06735b261e26cc8f1f5b177321b0b7b4101056e536d8012e8cc42919fd16f,201086
update,32,427,59b801015b727ac4418eabb02925cf921106e674ff866d62650a369edd93f252,201086
update,32,428,3fcebe043865d2d21244ffb1f1e98292fbba897d9c7a16eb1193de4740ba3c71,201086
update,32,429,03c2f880a5e89c32dfc6bf03e437b4a6279ac3674d87199ea61d21f0c62a0ec1,201086
update,32,430,07b05f8629cc371adc42fd1e9d3cc73c3784e661c6de4b83e0ca14b967d3a188,201086
update,32,431,b62d41881e36ece0e0c632d879ada91243ff8aa257965389f402850637f223b1,201086
update,32,432,e13f80816cfe3c1891e3ceebec481dedc6a4836a8b78014a9c77031d667a8078,201086
update,32,433,8431ec544845be88c4822b49114190614ee0880e5b24c1e5b954b89bcb51af1e,201086
update,32,434,d55b58f9ab404815e135b08bc9f4db489d2430296b93170c44754464166a973c,201086
update,32,435,da0f7002c75a022897dcd690c1f9cbef310555329c22d5f65b6ed510d35bd6c3,201086
update,32,436,0239a8d62a3fb70f8ff83079e097417b3391ea3492cf3e9e1704a974b8570928,201086
update,32,437,852a38da8057bb1b52e997cf719b48c97ff8c19061686b512c14a397133ef631,201086
update,32,438,86d72a8e8fa8bbff2335303134fae28aa550774fcc16f68e948f275a9adcd81c,201086
update,32,439,1f6e301da2d021ac30c8049f98511ff7333c2950965e0159d70ece8d0ba116e3,201086
update,32,440,a584be7feee3041a43f9d22c17c5373e51b47414f31d0880e8c756e943824feb,201086
update,32,441,34b27c1246d249d07ac5b7d6c388a16a6156f965dc8591719a5155f18858270b,201086
update,32,442,c382826062430fd03e55fe612c8932ccd5ac2a321eb95dac9b045a35bb9fb63c,201086
update,32,443,f84c1561fde3afcee5ba58421fc02d4bad472c6c4ce2311190a36ecb8129e82a,201086
update,32,444,8c8eb776e65a7e3c395b2c19615d3a406e759fed423240f5ae1de8e4529b3010,201086
update,32,445,d86cfcd8f97507cf8363d82eba2eb84a9b9629dda0680d8a9b929f40c0f2cf35,201086
update,32,446,42b72d0c98ee0eac6ed088a8755136fe3ec175b03f2cde880f995b872e2a15ab,201086
update,32,447,7c33f58a68bb171b0a23c24bac9f12f67e82b63f49875d5016e12d8807d0baac,201086
update,32,448,6e0e226976c614bac489baecfcfdbc829db881c9414b6b172295c3eaf790e5e7,201086
update,32,449,960d866c2c1adee6cee06045a86c0a1a0b07a355023cc93e357b00ed7c2c070d,201086
update,32,450,3b116d556e643461823daecead3884246ecae8f9e56c9a4cc6a576612ad23fe6,201086
update,32,451,796e5e0f6d092192c014da0c3d4cfaab4cb3c85767d30097a4d843b35ac26020,201086
update,32,452,dd8349473a577fe4af32101ed7774694e22208a93ff46200e3376f7c5a9fffbf,201086
update,32,453,a1e6aa12ebc1a50cb7ca00b29a4d1c4a98ea871dd994602065751781e7755f61,201086
update,32,454,5374f7a72b2b5218f6ae0cb9c06e2732aa39e71d464624394c560f38bf171857,201086
update,32,455,3fa5af2e4c48b66f1ec83b74292c6f1e40601dbbeb91c4a61e98f38d65c06c8d,201086
update,32,456,40ba815732ef8c3eb074b2897da7fd2b2a1f91ddf387003326e9de71c64c60d9,201086
update,32,457,c4ed5168c2983bcceee07a13c90dc78c2c7d8970a19b9b4ec782fca43fa26284,201086
update,32,458,9c74cbf93d046d3d306ddfb66b2fa0977ab1a67ab6a0f4b5b57c3e03d0f40396,201086
update,32,459,da491f794af79b326fa4466bf49c4dd95e25f3c98cd6a464e08a03fa88b76651,201086
update,32,460,463be52e2c9ace4748fa8504dd7fa070750d2d64ad547278fdaf6cc29ab99835,201086
update,32,461,0b5b34f411d0dc83f48474a8dcb1e359678f109358308f672d27ff136256ab19,201086
update,32,462,3178125292c951b5d0628290f67bb8f9476ca7f80a84c36f241954bedf6fa216,201086
update,32,463,d43a44829c648bf8b119b7dafe9f9623e97b1e9a2058b19ebc9da88190b1ab41,201086
update,32,464,e426469199ba8b4028962ff725a41d846dbf73ce587f5783775e4ddda73c0092,201086
update,32,465,db795d2cf89cdf79275460183d89c8ef1cb5642329bcb0ab300d26a3a488d17c,201086
update,32,466,450f370e8535a034bbb5b2876368d4bd7d78ca5ee905242c92e8000d73c72770,201086
update,32,467,36b21986519f58a5f7f37d2b69f66e9195fcf18d9993be661c6c224365c9cfca,201086
update,32,468,4a95f8dd26d3068cd5140cdeb4ab1ded5607a766ca977d72fcbd0a72c89165f0,201086
update,32,469,5e27d49abaa47fc77c8a4e44d6490e744152013a0915a5c2c63c876b8268ffbc,201086
update,32,470,a1a49dd4d41103e07f94abf3a554fe60047a8b5c8d577c1cbb3119a28102a826,201086
update,32,471,d2e3b1901f75346728e41c7e7caa216fc674b092da55e9624ba36f6fea4be8fa,201086
update,32,472,e70b05e26ceefc718595d21271f76786e5b52e8178112b9c2f3bf4d15ed60fa3,201086
update,32,473,023db8f7c4ad094f0ac688d454e467880358890caa0a11379b8a9d1132645d40,201086
update,32,474,adb29b0fbe24bf4b9522975e980b7d21884df1c12b51068a3a7f5f52ceb89359,201086
update,32,475,7de5ab98f602d8efc9b73fe5653704a563022e135d204cb33117b3771b55ca6f,201086
update,32,476,7c51911c2a29d97459c343bf256590355289eeb5f0037835d4e451117f087fb8,201086
update,32,477,e47c58831d95975624d8ae0db60a3c3542448c6ffc99cf54c0d04c29283879a9,201086
update,32,478,561f4f5e1726dae16cdd63a67bef3e1269fb8159f47a552a3eac30723f8f4d40,201086
update,32,479,bb954ce08d701fd9e8fb656007b7a37890d2987facb58e6668ae2b78b59e4fd6,201086
update,32,480,46bcb4ad641abe1b9f9af5f3006063e2c4b670a73f55ddcb40e8e5c0fc1b295c,201086
update,32,481,471f4b6ea11c13c48ae43d51f8646201a0ad8255d4c8feb732cdfd4ced576fe7,201086
update,32,482,92a64f2af1ebbd87205dd126f4e6fa88e0de28f430e18e98b37faba45df05dc1,201086
update,32,483,33e6a9999c72c0887cb9215cd5f1ff4c0b4e879334a71ecbc294d9b9a5e9477f,201086
update,32,484,8226fd773fd9340acb9fef603c1f71ce9fcca293588247706cf7954524ac8649,201086
update,32,485,c1df567ad6e11d7d20d1d7b0433ec571fe851920153f945151520f3fc1661b90,201086
update,32,486,1b2261b4b63ce21ee32d965f9d5752303c6c9c25c18e9ba8da6cf6481f3aa1c4,201086
update,32,487,c9a2e2aead60b98ae1cc525040b28862d4fbdac459c97f23ed515dc0b9eaebdc,201086
update,32,488,9a5bc06934aa4e35cc7b780a90bf31d25e0a3849fe6a2aaab6bc8598b1fe9258,201086
update,32,489,94bec8e3dcd9722a461569019fcdc9b41e7bf3ed1380a4bb18f7ea9d2871aebf,201086
update,32,490,bd9a2a2a9a372fab90ef046f3272301f25130110958bccaff3cd4bb7d5c9378f,201086
update,32,491,c6a95c847f363cd4e43cf2a0c3a4adce4072db66570694f712f6b4fede93aa13,201086
update,32,492,05f94b612fb3c28ab016e0ca63e1bd5fb2c00bcfda368e83d717b4017859bfc5,201086
update,32,493,2ded6a47a99308148453608c778a4b6497e955dafb31b92d84eab91c1d112d0a,201086
update,32,494,750c3aeaf26d656f17aba4215c54358cc43306366033fdeb18c7f1cb3389a661,201086
update,32,495,82d33c346ba6406aecde88dcb26856f6b55c8fe37d4efd6f002e1a3c7a08e000,201086
update,32,496,3bab41ad509de3f05ea55fc37e8cdbac27dd2dc21b7025a0e2e723148fb3f27c,201086
update,32,497,d26391dc7f6e1dead257c2aeb17a8071c8106727306f32029b79a78ea211f522,201086
update,32,498,c834a0ab9a04dd8dca78eb46f21aec3766654a848b403026646e481102bb334b,201086
update,32,499,bfece5879ac98fa8be436a59493e1f487a1d91bcd66308ac2250457b250fb9d0,201086
update,32,500,9d9aa55b63453378916671e249dd343748cab97425f65a09b27414272a05f149,201086
update,32,501,bc645458a92b07b272c70e9221cf221a07b42a345c61b88692166acc62e9a0a2,201086
update,32,502,fe82b50a57414db03069105edb9a97d32d6158fa393c2ea403a209639f1aa022,201086
update,32,503,053b4cd830a30d153c227372ab65dc6cc965d37d30854af6d7b1d99537207142,201086
update,32,504,644535ec5e85b1b24b68743d2d0d5f189c24dd79403e36c68bc5ed090e8e8c6d,201086
update,32,505,849bbff1dc5c4d673f653095d0497d8f2e311c5af1a90fb6411d82183fd1d7dd,201086
update,32,506,96f1e662434ae52b27c47da27433aaaf31e8559a761184a285156d6ce948a16e,201086
update,32,507,2488de37cadbb71633d2d906f19704b18455ad747934583566d63c2e69627283,201086
update,32,508,4d7d34239e5d6dc62db0979a078b66d605e21c2c5cb75663b99380b02806934f,201086
update,32,509,e14566235a857de4cb7d8898ef0def026c40d9cd13e06a84bdf07fdc5e8b99e9,201086
update,32,510,e0584d74260fa7831cc0b3a4b2828625658870d17ddb0c4a82fba12164b6646c,201086
update,32,511,cafdbe1199f6a28c9dec4cdf6cb23941e0a0ce14c27930aedfe4ded1c5c6083c,201086
update,32,512,0f0a26ff29efe86b015e4c54756454e765938aec5b7715c15406ded679b0b7b1,201086
update,32,513,3772b8096fefa879cb31b167647a17f4dae4bae68bdc4e9d342e90b50a2a128f,201086
update,32,514,d9d0fe221a916767a7f8ccea52c3169d62381fdd5c8a83b61b39e7f2f582cb4a,201086
update,32,515,499e912fae878ce28b5b2b1596c0c5206879183f862fbbc992b06bd6fa352115,201086
update,32,516,c65b9dc8210d4954d5d1b7a93944b9026247f58399973c6eb33f902d5c027c8d,201086
update,32,517,92715bfb9b71a1473c1f5ecef4fde49c2c4a8598814a8cb562bd292b6761d80b,201086
update,32,518,a5ab631dd05359f28d858d7f3d067ee9ffb86c8df81daf5cf31759d9f3c7ff08,201086
update,32,519,06fbed0fc26a247a42e0bc9e827061353ed0682971fd67550a85211062bc0e19,201086
update,32,520,a1261c192b30347c6784bbd81b9adf3c5dac20cb0d2e3839c5c3c076337db519,201086
update,32,521,bee885953bf2ba24cd98d0e041883600ae00381c186dc193dd3fe94992406a93,201086
update,32,522,afb541c38bd1f871eddc916b966f378f623f0313cb988301d6effe27395c4b01,201086
update,32,523,6171026eb981bb33f3e7a1db593bac3456e3642e66d9b8f11d5b6685ca2732ec,201086
update,32,524,163bc46629f94791fec5721af1c5acce2e9c0f95e368ad3585d9ddd2707f6a11,201086
update,32,525,9fd674d83ed3d844da72d0410d03642802963812ad5df79861242d70523267c0,201086
update,32,526,6aa882df5c6cf778ee7bf505d8cd8873d8413849e90c8160309cde1d8427478b,201086
update,32,527,dc6f16e19ddccc01f52b160e17f284002901c8ca9fbca0d40f888d7590e1d01a,201086
update,32,528,e9cf56097d58dac88368c6616c3ae0e1604f5dd28cf050cb6aa603256f7f2cfd,201086
update,32,529,6996862f6e1661235191002461d0506144a25b3b8912ffd3bbdeb9095b98731f,201086
update,32,530,5f45af9c9f86b5f23c04d2a00abd335a9035083fd31238cc7d5959567a311dbc,201086
update,32,531,f44e2ec8aba49a736588103672fa9a2b0490fc40ed630d644da052557b416a1f,201086
update,32,532,eed16e9c69703ae52789c8ca4093a067c3125150ab2c47450a521cc43003a862,201086
update,32,533,afa1d2c36106d72e43bad29c98b4e2608213db8528e038c5b4dbe810c46294eb,201086
update,32,534,776aa658a95d7cb9444c2f18260559122d76e355d93642552b34db53005e9517,201086
update,32,535,73597e632f5496ab301ac1b13bcbcd471b326b60fc03b7206ee377bd306e23a5,201086
update,32,536,be4039b096473ffc4d550cf54bf5f464a8d1b2dad73d14de0370d3c3fde9d6df,201086
update,32,537,1c46645d4857ff9884fd4d388bcf5c0c4f403e4a6626c7f0d5d727fea9765ce3,201086
update,32,538,1af9f061057be7e42d7462cf712a4f572e869727734da160b3c6c0114c64ecdc,201086
update,32,539,f1da8a99bc9addee529a2295af0b135ca8311b31b7f401b1ab05f720770ff9c2,201086
update,32,540,daf96312181ddb5b818380c8b35e0ee5ffe67c14c1563a0ba7ccc12f5991f113,201086
update,32,541,aa2575f6de2be93abd17cc5c25ceda3b7a97b708f7f0eb457c3dee7d244c9ae4,201086
update,32,542,66868ba7eac225dba752e919bfb07967fa23594e4af6c4bfeed71f7532d8b3e1,201086
update,32,543,8fce48cf005cb18bd59242560d91e5634b98cefa521ccd49ce3e42ffb6640103,201086
update,32,544,3ec58bf0f2f3b9f3c7a539acef314ed5563b4b6a7b3539fcdb7b13e193fa80fa,201086
update,32,545,c3e426c21add573d1ec5af1379a79f1c8ef54aa689762e4020fdb37e71eca14d,201086
update,32,546,ff2b81762771dbeb2e1825fbeb8bc3d32c2f71b55bc796af483a182d66a7a3b2,201086
update,32,547,d1e96f7c6c6ea446dd3d10711b8e5001e31a1c86c066f9708dce22fd757240c6,201086
update,32,548,62cc5d7125e39fe6f116d58ed8f7c8a50d9cc2e2297875c55b97fb4f42cd8777,201086
update,32,549,0372faf8552f384c2544bdb309beb1b8298c3421eb9a20bdb39cc03ea243d9b9,201086
update,32,550,cd3fcb042073e377c306204b79ebf4682739fd8092e6bce4fca7b351a0561811,201086
update,32,551,e3a161746c9fe052577341357e9145d0b6d01841eb6656f3873a73e95ce3e5b0,201086
update,32,552,bfd915bd1f9f147832685cee3a34f71d09a1ef043efbef7b6cbb4ff7f3448a72,201086
update,32,553,d4a373f8be5cf387926e95a9488ef518a43bc8cbda0f66d58f3122dc0e909cfd,201086
update,32,554,e1442e5f4a4e7d2080cdc9d9431d7891054a74db224e95230d600777717fff0f,201086
update,32,555,428c18fb0da37087c8ae492892861313a51f57c4a3fb298c62654d8ffa1cbaca,201086
update,32,556,620f91510ecbcc279e76a7f6562819261b13e9bec9d092f0429681a5b3a14b80,201086
update,32,557,077dbe5d4aced9c3c1d489e7f852e2985ff6822a3c3fa9ca67aa1e0dcb431d74,201086
update,32,558,b50815ef5396e9099e9470e8c257178cdbd84cdbeb99306d292d4cc7ca4ba037,201086
update,32,559,3f395848928b67db6736181c04072913669c3de44c18837d76442597c358840f,201086
update,32,560,0a0d52d0fcdcd32fb6c337a5ad6d31b504b1901c295112cc67a29e6347b3e977,201086
update,32,561,690e129690e24988acfa7a26b13eb4cce6dc6d3eb1fb3c989e869f219867501c,201086
update,32,562,f9fc26c51805f91ebd50b520abfa7a577f7d7ce5ee492b9aa374013530042275,201086
update,32,563,d4b50886aaa83d9fa91992d1c4961316d08c488ee00843fc1e62377478b5aba9,201086
update,32,564,74d0f8059dedf5e844024c5378fe43e3fe7dd9389d34ce341e865207257cbf60,201086
update,32,565,bf9b5cbcf747744d01fe545a9449ec78e2cd87602c75500caec2550d853493f9,201086
update,32,566,d52c898bd76077ad0bd0ecadcb6f026c1c220c00fab77e8b1184b295041f3d22,201086
update,32,567,f762b6b7bd228749788c27e96b5e66ad164eea0c1e7609f6a00b76dc134c51fd,201086
update,32,568,34a83c68f8d51bf4db633046f8568c7e83286a122c08cd3ddc1d676462ce303d,201086
update,32,569,6a1fa194b9091e907353be78ccc06e7effcb6d9c5bd586375dd01adfd77bd2a9,201086
update,32,570,e53eeddc604d3ce803797d27c0674c7f46c08a675ae4e60a1d6d547598ef60f5,201086
update,32,571,c5c397d6f9d02dd6bfda8702fab099421fe5f7b9e9ac4c2bcf7d1ea4a11ef4b1,201086
update,32,572,dcd1e4dbfec5456724add2279dbae1e0585ed29beb73acc43d42ec5b934e3ab4,201086
update,32,573,4eafba8db1185e0e6ab4703fc802328c493ff5a2a84cec0f86c787eccf07e040,201086
update,32,574,67a15b708e1663b909c0448bdbb9e6aba16fe0d8d4e2c67194e82fe2d9d70a24,201086
update,32,575,4205fb6c3369d2f903e4ebd07a67e3389fc82c2e626bf2e216aa8bfd62558d87,201086
update,32,576,a4d57393aad4a0bd3b49ad8927d5d81664c12f2634ff073357f4d06ff217046b,201086
update,32,577,5bf58eed7c47b6607115f2d523290255e986864e7e4c705ac3401fc0b4097113,201086
update,32,578,4d8cea0eed03a208d7ab4f4a847d6124ba2bc07d3db4a53d0e6626ad3d7afd51,201086
update,32,579,20e5e3d1aaa886c2b56cfad13c20d0d57125aff74be4b4da3aa2aab5d947dfba,201086
update,32,580,ac5bd4cc88a68d1fb0c29c6b0b323f4f1d56d4e9affa843823d6562bc24d262f,201086
update,32,581,3c18dfb898a26d7195b41db758a7c71e5b92b9e62e10d33f13d59a0af895fdf1,201086
update,32,582,877feb8a8d9eadf6a52f841631113599ae55c9995db82b8faff892c781beaa1f,201086
update,32,583,949eeb642e82bc0d37dc0d4ece849477b8b04d465dcde34c467a8972f036f42e,201086
update,32,584,e9a1b3fbc0fb87eec11ec9b36b1931dadc3a1f12f0a9d1a28cecb7dd01349136,201086
update,32,585,cb0d55fec0c73c2be84ae871410bc5bf2132cbedfacbe23f590fff52cf0d754a,201086
update,32,586,1a7d74c79f63956189a854a7a62b5fec083c089c0b64ccc4a5a4541d4ef5854a,201086
update,32,587,956f9c97d248952661702a94c742a3f3b5745fdddff27ac81b95396f1c6c2639,201086
update,32,588,971c13aca47844d59de3c959bd06b9c3da88670652fcc4428c761f7a38c0e56e,201086
update,32,589,d90824de782d697e349e3ed69de8dcd57bd86d683e400a6d980ede89ae978f35,201086
update,32,590,bc4f9053f80adbf461cbd3e6d2432edea32c7686fe7def65d2cffb606b065f53,201086
update,32,591,ebe3e889723095ab3c7036e9dd5987d3fe0e23c02fbcb62deb7e31485dca64de,201086
update,32,592,02e1e96b71a4db8715192ce1071aef45d81b87662020e76f186bd841a50725ea,201086
update,32,593,665186feefb6606c83259ad36b93a7ca4c7013e3ca7e7ac9c3afcb5317051d68,201086
update,32,594,3f801860fc523dbf27f69402306ffd824f0d28a6438396ec00b00baece20a8de,201086
update,32,595,46b4c8f72e1a19f11977968d39c8309b823720b9b88fdd7d2de24efb60be87ec,201086
update,32,596,979e174ffa7dbf7ed14f2e30202b915ec4d4fdc69fe79bc090ef37059a1f3474,201086
update,32,597,44fd834f0472d43f31ef62672be83db6e6ac68b35b3738eed665ed45ffc99efb,201086
update,32,598,ca34ea27fa120c5961eeb8a883886ddfb9ca46ba37b260f8d03a40f517c4ab0c,201086
update,32,599,5a52ad62287f10cad68274e6117b855a2af23af99a6480737f57c4a885d44d51,201086
update,32,600,87c1a2b770d282ec1d16b6e022f74127f76f865345c0707c475fb58e45dcedf8,201086
update,32,601,83fd208220916570b5446ac6ee64691a5f4fa21c484de1a4905dbaf623a2ad46,201086
update,32,602,89c09d631f857103c9b61117e38660069b94ec970d17c4d6619bac20b633bd84,201086
update,32,603,c37eb3e40bbe1b2a287a6fcccecec608dfc7e89349098bef514942a762627b1a,201086
update,32,604,a49236c4e606dce9e480cdbef16c6dc66fa0bd45d44f9139072d99dc98d2c654,201086
update,32,605,31078627367c7b1d1c98e80b6b24044b156b3a354f2e462129dc4207392d992d,201086
update,32,606,7b621ae6445c05a72e29dea790b12bc87cd40704941505f55672f00e44090b7b,201086
update,32,607,88c0a2fc438b066cde52b21e1658dee4697d1bc4f884783bde96f3e2dac611be,201086
update,32,608,bbecdb8dfd021528614ab89bc8e84fbf800e26b97282dd473f4c951b17d7ca6b,201086
update,32,609,57a2e2fc37e2cab26359836dc9dc70eabb9839e4107da22efb928806a45652aa,201086
update,32,610,34838c5de1ee70dbf214138f3be9ec81fd32fee8c806455402fc5ff4ceacc832,201086
update,32,611,86030afdd61c0532109219057629e66c2c8e822d8eeed3fbf931fc5baadd2dda,201086
update,32,612,b82076a9bc49b4c736a4b4d7b692c909aee70db9b5f82d59e95a9e668c8a8169,201086
update,32,613,59e77709c38008b9cfe33366ba66465ed45bf935378722c0799416a22afdde96,201086
update,32,614,56da9bca4c1123fa3b4f78576669fcb4d5436cecbfad3d06593f897fb2ceac03,201086
update,32,615,bee4c68d287a5e28c8bb86d5f53abfeda78bdf589a3521c799016ac175f30dbd,201086
update,32,616,b79938b98f84e598cac0a8368315ee2697c01335a8ca96995a23837341c62dd0,201086
update,32,617,fddcc6f5d1edd0f1da3cf1e104e65f1d7a0f7c732d9dcf1731d94b90c9ae9ecf,201086
update,32,618,d996d11a187993564d38811f417b5d896d4901c0de5d5e4d58575402976fe44e,201086
update,32,619,9cb9cca327e8ccb0e9f8e8daebf86c6b26afa4170bf9272b81717464b3843ab4,201086
update,32,620,a5eaba17556d9f824f50dd174bcf0b52085864f15097046f5e9e601fd636f3ef,201086
update,32,621,a56d4c194a2fb07084e8095ed9e1dc3ec7e6fbbadb4fdd22771203c7b2a0c7be,201086
update,32,622,a86a2bf62a4677cdb09b2d9dc21ad4488390d644550087eaf0fa61a39bee788f,201086
update,32,623,1edd2f56e6e00c686c58f52e7048077d0d24fabb23070c7e90352d262a225396,201086
update,32,624,e88dcf7b9a98327e33bea5aa9e760241f3eb807e6a5b057b1783300494b8729b,201086
update,32,625,9858d694af19a578f91d3d51fb3ec34b430e979b81c356f68b5ab463edd24951,201086
update,32,626,f780778388209696f245aa87a99052f457412351e9a0836b265d8a9ca0f353b8,201086
update,32,627,a5d524d77b5196f23a24db7dab2d0269de6bfb9096ebb074e93b1edcad8c2ca4,201086
update,32,628,5b5ce24649db59a2d34a4fd33128f80d7fcf246cb4beddde19b64976d144b87e,201086
update,32,629,93afce542e0ea1b62e8f1c13b6b74260ad02618d0241f67d207bece8b7de8a56,201086
update,32,630,cdd473c21ef7e1b0c8aaaa740e7b9fb2815531ca3ffa9a6a840816f0e28f209b,201086
update,32,631,07893f01d908aaf1d8ad0ec63d39ee3a713adb37baf4a41e0457d2cc30142b34,201086
update,32,632,905b0b4edfd6b6ef58bb25e1fad7278bb7aaab43fafeb25840a115cae47d57dc,201086
update,32,633,e1f49b7f6ef461ffb1a9d5627c88c8a73e205e9363155ca0e062f62d5bc68c19,201086
update,32,634,c78be2b4a05104519859298ae12f07a0e58ab2dc86d62a633e7f78da87cc2d72,201086
update,32,635,0bbdeb907881d8895a841928fc5bc4980f7f48978c064f40824380d1b55c51d0,201086
update,32,636,a68b31d6f5d122e10817642b67d91b794039f75452787cb13a5f4c5e398dd84b,201086
update,32,637,758120c7d3b286ef63473477f81e0d2de487d83a88dd3bbb71a3a923379b569a,201086
update,32,638,b73c0f8990a342750ca462e252ed5b4e436363aeca81cc2d6d33a3efe3f07b23,201086
update,32,639,6b2573fc6c97cbc7444b5a8a8ea8eed5d7c4d9c97a414894798544233cb42668,201086
update,32,640,ff0ac449c602254a8e6af10bd1b152d608e49e0446cfc6f72df3c9b8e70ec218,201086
update,32,641,7f0ca120397ffcd6ac3baac0efec615b59fbb6383f66937fac13e732ae8018d5,201086
update,32,642,ecd16f3abc7277a86ba45badb759e2dc8b86d2d60fb37352bb5b8c77c06b96f0,201086
update,32,643,4f53cd8c4a30cca92c2f732467457a3892647772bc0ce3c847432d222b578e0b,201086
update,32,644,b8ce7518eee6d3236dda0fa338b59542426af226ce84cf08c7830b41fc601f76,201086
update,32,645,baa6982ac040924a81a27d0976ff3a392e6aa022b5f7c829bfe8c45b979833e7,201086
update,32,646,990f613c9d77322a01c946bca9721d0395c485d7c3bef82f1c6894980746b9f6,201086
update,32,647,5785b1b5eefe93c14797d87b972453d240a1eb0c7cc2832e0018c801623a8b54,201086
update,32,648,3a15ae087f2f816d4030a40e76963e92595515d27ac06af7e4b164901a1327e9,201086
update,32,649,c42051f138a1cbf054f5d5b548713e567e7446036268d3eb2e321fb84266eace,201086
update,32,650,e8feda83166ae67d13ccc36735581323df3866f7e83b4ac1e613730749493b51,201086
update,32,651,968026297d42467678d43fa43498b6eec8ab804185f89dbcaf750bd8f491b7a6,201086
update,32,652,7a8759afc3d4231ad9654fa5da301eda847e2486e51b0552c27017ca31344498,201086
update,32,653,2bb910dc1cf7050584736dccf19147c90a56510a75a7148c8d10a4d61ca99812,201086
update,32,654,ab4a5fec06d5f8c283173d1ab34048656228f9e28d68d84890e9b039827b197f,201086
update,32,655,b216623be6d61b24762d166c7f3fd67bd8ab22b95073b781ea0909875ad6cf71,201086
update,32,656,16934c0971d3cc03f09fbc09b5f87c3a334c9804a1128c7ba7864dfd839dc7db,201086
update,32,657,abfc9eda14c9b82b395d50723d343abdf06d7e595e54fd868b49780d06b104ee,201086
update,32,658,ae0d8bc4db6139ee1acc84569b89d331e042e7dd14aa40c88057789896ebfa11,201086
update,32,659,ef525249ff533808d307457bbf91ee51c15387526120caf0644f742f7e7ae834,201086
update,32,660,c2931d3c066336f3bfccb163d9465b3947262b6811662fdff7b2266bd6862d67,201086
update,32,661,51b0d0e039611ae1546b2aa23ce10ce05927f52dc6d3128619f24c15f4ac7ca0,201086
update,32,662,3dfa478b5e08afd84ef26529330438f37987b2516e9b19edc84fa6ff8d27d0b4,201086
update,32,663,8c676432f50428afe9349243d865cb25235d8af3a2d869c8f4ec85ca3ad7e3c6,201086
update,32,664,d239663f7a3475ad7e97498b0b81826a6c6f33607d5320b380d2ccf77baf6e37,201086
update,32,665,ab28f5bc5be234c4228e53bd253980d785ee9ce34e83e019cebfe0d3c366970b,201086
update,32,666,f8a57e8831341747343910971722a9a4eb14ba2b3bdae954443e7a0b4c9258e7,201086
update,32,667,0bcf26490b1aa8dfaf892731784abe08de79e88e8f72036da0f14686cef3eae0,201086
update,32,668,50d87218e3a6d46cbdd8ecae9f8b93a1af376c792607bd88999065f040408c23,201086
update,32,669,65c6a5a943591e09cd4fb0febdc6074cbfa3d474d6b59be1c86d5c57e60aa8db,201086
update,32,670,f7869f89ca1c8cb7619a7a7fdd37b3e5ae554100ca567851f7d11bd6f7bf022e,201086
update,32,671,39febdd998d71fbd3e4972795298a588c8d900a53a96ddc538538d8ca32d6c63,201086
update,32,672,3a8e4f7fc5d6253ca590687e87cfefe9844e789fdd95678274a87a9f2980df5d,201086
update,32,673,03f3b7958c77b72c6fa5664170b007d27aa073d5dac00cddc7d94865fb40e474,201086
update,32,674,283d223a0546c65805bc8798c94014da534c2f51ad4b25f48b98a6278efa1bd8,201086
update,32,675,ba6036ce40bcbc84158480c97c9c71acf020cb85dea61f434e50ee83cafdc7e8,201086
update,32,676,1c4fcd89e48977512c23f25773dfab7b109e985d7d0cc6e45c7c518bc08b370a,201086
update,32,677,20d2a33e5337de031ab8acd6b6e28b7297479f19a91fce085ba74cf52f062ded,201086
update,32,678,4487ffa737c8be1fc74bd7dfa5b0edcd4f02094e0d05b45a8dd0f6f9ee5c2474,201086
update,32,679,d5cd0b7f76e3f3b66ae28e53fdc10e01f0f157540ee15f442401284707ba8cf0,201086
update,32,680,70235a575bfc42dd230adf442ae92213f55f157d93795c43194ed66de8173329,201086
update,32,681,e29f23d1a557a3f5e2ca11f1b628ca47e40aaad62898df3b2925e503009d2a45,201086
update,32,682,64e7f84ee967ec4355a7dfce6d20aa85f6fb00d821839f9b69ac0e7673b31f24,201086
update,32,683,ff11dabdea5b1ecaecddb6fd3d188b79927b050157179469279cad1cde9ef774,201086
update,32,684,9c52f7efe98df797ba7158fcaedbb794d2b33ae9860e75567b927ca3e0ea729a,201086
update,32,685,c5cb12810a67c116631cf49afaadb2cc00ae76e0a99b79348ee325b302f1f5ed,201086
update,32,686,b25a3e2fa6d48da4d69e08bfd432cd76f6d007c14195074583682d19284e26e2,201086
update,32,687,c7324138ac7c4c097b7d42f868234204979096ba8f13c6966f35f6999df5899f,201086
update,32,688,2e4e964274b15d1c3f8617f824a49a4e4b8fd3179fa2903292017b99853c1312,201086
update,32,689,c059d4c3e5e76d16a4dda44289c5c48c200da1713eb1acdd7e26c1de3675d626,201086
update,32,690,8fe6248b8c4d9fd9690d1fd29ca29ec5ee3d50dd72e465cfb9e225263e76e84c,201086
update,32,691,31f5baba242200433bd61e490ecc3bd2f68537531ae0e01c71961f98cf4a1435,201086
update,32,692,cfc4c1189562b248af194c8b1e01731cf15b85eec637550dbf124f2391d2bd40,201086
update,32,693,b44d5208d02d70ae213c1945120bfe2d1bc0386131792cd6a1a06e5d1d555d53,201086
update,32,694,8e660da1603164b5a669a57908cdd840f4629f066aed668d5aac967db3cab528,201086
update,32,695,456ea2477631dc289ce8a6fe9f41ebaab95ee2d2039ab58a5898df8339af0318,201086
update,32,696,31a421ee94d27c4506a069f41858334211c1e5e3097cfa0d34f3a99ae5199873,201086
update,32,697,c290450512e30d0c2ce0d1dba639758606d794b65c76a14d2e1598aa1ee80b79,201086
update,32,698,c07a1adba4b726144eda217ad9ccf938eb17d24853596151daec18112472c59b,201086
update,32,699,58d1764fa8370d1ae5fd2316abbb6a65b456e49675d85c6200ee97e8348cd5ab,201086
update,32,700,b7bc967016596ede794b4055eea8951ee7e300ae500a5aa4bd3b9d8f8b79ecd8,201086
update,32,701,fa4d1a0a60bcc6324e097e4840d8927517578ddf42af762256cfcc6f90996e68,201086
update,32,702,de595a1e5b9f8c102cfcdffe6419fb53ac1714f1ffa64ff8e7a809e7e04f2949,201086
update,32,703,782e1915e6f343588092f6309a5f53a7361ca8987233d09fa484ebd835bfd4b0,201086
update,32,704,89a5ff5b9e301dd8de4f7d7c3dbb1768daf0f9d223c427d6b2672c322ea0790a,201086
update,32,705,8e703dca963c5f15cc1ff09bcfa8cbc62d20eba84458edf7b9ceb3907855af7f,201086
update,32,706,bd8979f47c890b6e5f67629fc083d52381dea904b336b2110c154896c8a79777,201086
update,32,707,0b0dc930c4a4dc17838c03e961954559207faf6a343e357de07795607d45ebd1,201086
update,32,708,78539263e10fbbf9432ef7a53a414ef2fb3c352c9c58e74e73bb8e7732cb3ff0,201086
update,32,709,de7d1e0ff3d7badad45f07ccab43bc66ecfbf9f50acf14f612900d277bb987f0,201086
update,32,710,da0cc39090af96a9f76662e06a2d8cc0c8b3a97fc03d3cf45a31afba7b1046b4,201086
update,32,711,095de5c88adaf4ee0d1d6298f5aeeae728292d78da1949b3ab8851c8d037b08e,201086
update,32,712,f152959935b83a43b31713062e77650227374f39fe094aee1ce3c6e1712280b4,201086
update,32,713,e91ac023a92dacf130746b26b80531b0fd83a536ec1d4336fb8b27ad4cb9196b,201086
update,32,714,385acbc74ef37a63c153615b07f1dcdb935d657b1e6b6e03435aa24a216b99dc,201086
update,32,715,3436c5d96cd5c3d83d36811527a39b13d50326a5ad6b7146f5e7c05933ff7964,201086
update,32,716,d407a6dcb92df1f8e216116977a4b40dc25a7160962196b2a85fea52c752d0d3,201086
update,32,717,6fea4cc9113eeed366a52f72e8760e79943361d34e3502e8549e1e107517aa06,201086
update,32,718,309afd8b1ba0492efed769876aa2626ef50808da87c381d363674fa170178c90,201086
update,32,719,bdc726f34795cf567acca21d3f8532303e998bc8e7afe175d84650ba9d6a570e,201086
update,32,720,6943b30bd56cafbc408359bc8dc2b744958356693f7057fb5ed4037158788b4a,201086
update,32,721,4b4c6e937ee8d966df49d6b1f4522548e20a7a1e419ebd047ea9bf4eeb65d1e7,201086
update,32,722,9c669dd13710fc7d3f6be405b986609b82cba466ad81d412f1529174cf991a0f,201086
update,32,723,35dd6aab0db4f1a6fe4dfabcf1ecb15696f1e3448708a5acdfe639b710d153e7,201086
update,32,724,2673139b2e9f0a9aa9404645c22107a849adeea2a27bfb1e4dc801f903d58a72,201086
update,32,725,793f7ba483ee8aea5d72116c3adfeb8bf3c38e2b0922954f9d6c5184083e6211,201086
update,32,726,9cb28b6f3c63a5042af814bb78e0a55b702452566c8dbde5c3195719fd890810,201086
update,32,727,d2e7b5e30c6b941b238ede09d52964a958b34f972f75bdb269d1dd9bbe9d1bee,201086
update,32,728,39d924c6fb4fd786087942238b4fc9288687280c3a62448ecfda1ea5a51feb2c,201086
update,32,729,c320c7f68ff5ec5592e950f5c508c6a2881608673ffd9f73afde3a05205bf938,201086
update,32,730,f4efacef9ac681501e028725d7c20945b31d317c18a7a1fcf7ecc8357f6f8bd5,201086
update,32,731,fdc18436dced7cd8d9239b4ab7274dfff1d80722dac6ba37d817f303d416a802,201086
update,32,732,e46748279b4cc4345cc768a2b0495fce27f28044a334ada877edc465fa66ad19,201086
update,32,733,889543d68d6d76bbec6f648554a9e38ce9e9bc5e4981230ace100b74b20e54cd,201086
update,32,734,9b6ad34d1c5133a41e303db6c91ee6d675f9a626fef269e43d16b7d6fa6d8a83,201086
update,32,735,c0c226e58c326a5f7cafcfe9ffd131a9fd81a8522714af14ff753524b394c9b7,201086
update,32,736,b59a8418e62d102fe8e4a5ca33ee389b297ac3f9dea00cc526218ee2076161b6,201086
update,32,737,b7ddaa61da1cad0a2c0acb6507a79f1bc764ef366f5f8bad52d8feefdb4227be,201086
update,32,738,c406a4afa689e1388b9afb0d235fcb46cac33b1529fa6b3ff499b833d780061d,201086
update,32,739,d455417cbeecb272a0aba3b96a46d6264cadc2c2fe2ff958891646b7baca1f56,201086
update,32,740,63624c51fe4bb8437743d88b250fe31b490cc2da788b2d087ae70b8e1757149c,201086
update,32,741,f3b68c57ce9ecc56dcd815b75feb07ddd1664a5797845e4b2b79164a08645bd7,201086
update,32,742,b368c5e2018973c600cd889dbe4045a4ac38ba1ecd359638cbd23526db356b9a,201086
update,32,743,38c4f95f26f99fa069889bb6d4d7b7cccfcfaafd7bf5f9836b715a6b0d298df6,201086
update,32,744,f0641ba864614088d2a4b5e7e1d841d291f3a02056b0d4a36ad871d1a45300dc,201086
update,32,745,92bf92aab0bef0d2c875e3f04a28fc8b9ee26a7c6222c44ac483b7cddae81520,201086
update,32,746,ad184d00e68911973b5d2774a6f0dc89bfaa031a0d907e65476201ac1caa6f20,201086
update,32,747,f56652faba68cecaee0ad504cf32fb6b7667acf4437647e1143332da617e11f7,201086
update,32,748,6dac7a17839173afb6e3c6cc983ef77c072c46bed27fd684ae230d2d0dddc6bd,201086
update,32,749,808ec1cd8b7ddd69f0196632a45352aa031b857c2404df4600d7600b5433e6ac,201086
update,32,750,5d5d64ca85513d53927990b51fc37a19cd51bcb52780750d5275b5cd08e1a988,201086
update,32,751,e7e35238e0364f6200e55eaacec2ea7b0b7f099e0c5072160c6a1d88564656c9,201086
update,32,752,70d30575ff9cef0cbcc72d6f6cf532d479253b79b4f7a6e0e24863bbf414e494,201086
update,32,753,fa020b23c01f1ccea5ebccf1ac194655fe929dbb23cdba1d1a3ae55634ac78f5,201086
update,32,754,f8f4ae994f878e87b1dce6666c573d8c0d396294b7eee96a6d2dcfb65f619dd2,201086
update,32,755,467c3697f87a39dbbbcfd9ca0132af4b16e053b6004c742f961137bae2ed4311,201086
update,32,756,4176b04dd6db990670ce2829d953f4ccc1e04a7acac4e980a9c07390d41fbf74,201086
update,32,757,5b351ce7479bccd8e20f1324f09aa557766c52a261c3151d5bdbadc0c31b59e1,201086
update,32,758,15bb09a941b6c690c096d9bfa9e67bb3a665179a6acf9896c7e478716267eec7,201086
update,32,759,68c77a397a48831114a718620144bb032109d42424d9cb0b15e5dea3b5ce93c5,201086
update,32,760,a706b832f71da97fce070275fe842f0283f6be376329d56f759390dcceee4de6,201086
update,32,761,4d69ba0bea20f0e6db1c740d9af5338f34de8c7bcc93e9b2555feabf9022a0fa,201086
update,32,762,108121966d536de933f4087ff245495f36dad40ec98d99df446732db0d9f8c12,201086
update,32,763,94f7717d5c1cf16aea34cbc69e18035e0d7ee848d7a3497f40ae97a8ae89bfa1,201086
update,32,764,76e9ce25a1ba19db6231bbcbee82554f4e8051a03b498c431dbbc32dbb4d1722,201086
update,32,765,affa254360bb2d214fb2eece665a517c0d7826cba70a63412cd6c09b0f069ad1,201086
update,32,766,ddb89a28c0bc61c69b59cf4baa05a1fe255da0f717579a7bca9d512cfe12362c,201086
update,32,767,af93aebcba691f68fc878d24b81f83ab66e17edb365891fca27eb1ba2dbf1e99,201086
