cell_id,sample_index,elapsed_ns
0,0,19340
0,1,19421
0,2,19360
0,3,19360
0,4,19370
0,5,19380
0,6,19400
0,7,19360
0,8,19361
0,9,19360
0,10,19400
0,11,19390
0,12,19390
0,13,19360
0,14,19400
0,15,19360
0,16,19371
0,17,19380
0,18,19380
0,19,19370
0,20,19400
0,21,19430
0,22,19420
0,23,19350
0,24,19361
0,25,19380
0,26,19380
0,27,19370
0,28,19370
0,29,19370
0,30,19370
0,31,19371
0,32,19370
0,33,19370
0,34,19390
0,35,19360
0,36,19380
0,37,19370
0,38,19400
0,39,19351
0,40,19400
0,41,19380
0,42,19360
0,43,19380
0,44,19400
0,45,19370
0,46,19370
0,47,20121
0,48,19410
0,49,19390
0,50,19370
0,51,19390
0,52,19380
0,53,19370
0,54,19381
0,55,19350
0,56,19390
0,57,19360
0,58,19370
0,59,19400
0,60,19360
0,61,19360
0,62,19381
0,63,19370
0,64,19370
0,65,19370
0,66,19410
0,67,19380
0,68,19360
0,69,19360
0,70,19391
0,71,19370
0,72,19360
0,73,19350
0,74,19370
0,75,19370
0,76,19360
0,77,19381
0,78,19330
0,79,19350
0,80,19410
0,81,19410
0,82,19380
0,83,19390
0,84,19350
0,85,19371
0,86,19340
0,87,19370
0,88,19350
0,89,19370
0,90,19330
0,91,19380
0,92,19401
0,93,19380
0,94,19360
0,95,19360
0,96,19360
0,97,19380
0,98,21950
0,99,19370
0,100,19381
0,101,19390
0,102,19360
0,103,19360
0,104,19390
0,105,19380
0,106,19360
0,107,19370
0,108,19381
0,109,19360
0,110,19360
0,111,19380
0,112,19350
0,113,19380
0,114,19380
0,115,19360
0,116,19351
0,117,19390
0,118,19350
0,119,19340
0,120,19380
0,121,19370
0,122,19360
0,123,19340
0,124,19341
0,125,19380
0,126,19360
0,127,19400
0,128,19350
0,129,19360
0,130,19360
0,131,19381
0,132,19370
0,133,19360
0,134,19350
0,135,19370
0,136,19390
0,137,19390
0,138,19370
0,139,19361
0,140,19340
0,141,19380
0,142,19370
0,143,19380
0,144,19390
0,145,19360
0,146,19340
0,147,19371
0,148,22400
0,149,19380
0,150,19390
0,151,19360
0,152,19360
0,153,19360
0,154,19390
0,155,19381
0,156,19410
0,157,19370
0,158,19350
0,159,19360
0,160,19390
0,161,19360
0,162,19371
0,163,19360
0,164,19370
0,165,19400
0,166,19340
0,167,19350
0,168,19360
0,169,19380
0,170,19341
0,171,19360
0,172,19350
0,173,19380
0,174,19380
0,175,19380
0,176,19380
0,177,19400
0,178,19351
0,179,19380
0,180,19380
0,181,19380
0,182,19360
0,183,19370
0,184,19360
0,185,19371
0,186,19430
0,187,19350
0,188,19350
0,189,19360
0,190,19390
0,191,19350
0,192,19350
0,193,19381
0,194,19390
0,195,19350
0,196,19360
0,197,19380
0,198,19360
0,199,21990
0,200,19391
0,201,19350
0,202,19370
0,203,19370
0,204,19380
0,205,19370
0,206,19380
0,207,19350
0,208,19341
0,209,19390
0,210,19370
0,211,19360
0,212,19340
0,213,19400
0,214,19370
0,215,19380
0,216,19361
0,217,19380
0,218,19370
0,219,19360
0,220,19400
0,221,19370
0,222,19380
0,223,19361
0,224,19390
0,225,19350
0,226,19390
0,227,19360
0,228,19360
0,229,19370
0,230,19400
0,231,19371
0,232,19360
0,233,19370
0,234,19370
0,235,19360
0,236,19380
0,237,19350
0,238,19380
0,239,19351
0,240,19370
0,241,19350
0,242,19370
0,243,19350
0,244,19380
0,245,19380
0,246,19371
0,247,19340
0,248,19360
0,249,22520
0,250,19380
0,251,19400
0,252,19410
0,253,19350
0,254,19371
0,255,19370
0,256,19390
0,257,19380
0,258,19380
0,259,19380
0,260,19390
0,261,19370
0,262,19371
0,263,19360
0,264,19380
0,265,19370
0,266,19370
0,267,19370
0,268,19400
0,269,19351
0,270,19350
0,271,19370
0,272,19380
0,273,19360
0,274,19370
0,275,19380
0,276,19360
0,277,19361
0,278,19370
0,279,19340
0,280,19380
0,281,19370
0,282,19370
0,283,19360
0,284,19360
0,285,19351
0,286,19390
0,287,19370
0,288,19360
0,289,19360
0,290,19380
0,291,19370
0,292,19371
0,293,19370
0,294,19400
0,295,19350
0,296,19340
0,297,19370
0,298,19390
0,299,19380
0,300,21571
0,301,19410
0,302,19360
0,303,19390
0,304,19400
0,305,19400
0,306,19400
0,307,19420
0,308,19361
0,309,19370
0,310,19360
0,311,19390
0,312,19360
0,313,19400
0,314,19390
0,315,19411
0,316,19350
0,317,19390
0,318,19400
0,319,19370
0,320,19380
0,321,19370
0,322,19370
0,323,19401
0,324,19380
0,325,19390
0,326,19370
0,327,19380
0,328,19370
0,329,19370
0,330,19380
0,331,19381
0,332,19380
0,333,19380
0,334,19400
0,335,19380
0,336,19380
0,337,19360
0,338,19390
0,339,19391
0,340,19420
0,341,19380
0,342,19360
0,343,19380
0,344,19350
0,345,19370
0,346,19360
0,347,19381
0,348,19340
0,349,19370
0,350,20120
0,351,19380
0,352,19370
0,353,19410
0,354,19391
0,355,19400
0,356,19390
0,357,19390
0,358,19390
0,359,19370
0,360,19400
0,361,19380
0,362,19391
0,363,19360
0,364,19430
0,365,19410
0,366,19400
0,367,19410
0,368,19390
0,369,19380
0,370,19371
0,371,19360
0,372,19370
0,373,19400
0,374,19370
0,375,19390
0,376,19380
0,377,19381
0,378,19370
0,379,19380
0,380,19410
0,381,19420
0,382,19400
0,383,19400
0,384,19400
0,385,19411
0,386,19400
0,387,19380
0,388,19400
0,389,19390
0,390,19400
0,391,19370
0,392,19400
0,393,19411
0,394,19360
0,395,19400
0,396,19370
0,397,19390
0,398,19380
0,399,19380
0,400,19361
0,401,27760
0,402,19400
0,403,19400
0,404,19370
0,405,19370
0,406,19380
0,407,19420
0,408,19421
0,409,19400
0,410,19410
0,411,19400
0,412,19390
0,413,19400
0,414,19390
0,415,19421
0,416,19370
0,417,19390
0,418,19390
0,419,19400
0,420,19420
0,421,19420
0,422,19410
0,423,19411
0,424,19410
0,425,19400
0,426,19380
0,427,19430
0,428,19390
0,429,19370
0,430,19370
0,431,19391
0,432,19400
0,433,19380
0,434,19420
0,435,19370
0,436,19390
0,437,19380
0,438,19371
0,439,19420
0,440,19400
0,441,19390
0,442,19390
0,443,19380
0,444,19400
0,445,19370
0,446,19391
0,447,19390
0,448,19390
0,449,19390
0,450,19410
0,451,20230
0,452,19390
0,453,19380
0,454,19411
0,455,19400
0,456,19390
0,457,19410
0,458,19390
0,459,19370
0,460,19370
0,461,19361
0,462,19350
0,463,19370
0,464,19390
0,465,19410
0,466,19400
0,467,19390
0,468,19400
0,469,19391
0,470,19400
0,471,19390
0,472,19380
0,473,19410
0,474,19360
0,475,19380
0,476,19390
0,477,19381
0,478,19360
0,479,19370
0,480,19440
0,481,19400
0,482,19390
0,483,19420
0,484,19381
0,485,19360
0,486,19380
0,487,19380
0,488,19380
0,489,19390
0,490,19380
0,491,19380
0,492,19391
0,493,19370
0,494,19370
0,495,19370
0,496,19390
0,497,19410
0,498,19390
0,499,19410
0,500,19411
0,501,20170
0,502,19390
0,503,19410
0,504,19360
0,505,19370
0,506,19380
0,507,19361
0,508,19380
0,509,19390
0,510,19390
0,511,19360
0,512,19420
0,513,19410
0,514,19400
0,515,19401
0,516,19410
0,517,19390
0,518,19410
0,519,19370
0,520,19400
0,521,19380
0,522,19380
0,523,19381
0,524,19370
0,525,19370
0,526,19360
0,527,19370
0,528,19380
0,529,19380
0,530,19360
0,531,19381
0,532,19370
0,533,19380
0,534,19380
0,535,19370
0,536,19380
0,537,19420
0,538,19380
0,539,19421
0,540,19400
0,541,19390
0,542,19400
0,543,19380
0,544,19410
0,545,19400
0,546,19390
0,547,19390
0,548,19410
0,549,19400
0,550,19410
0,551,19380
0,552,20170
0,553,19400
0,554,19381
0,555,19400
0,556,19380
0,557,19390
0,558,19380
0,559,19400
0,560,19380
0,561,19380
0,562,19381
0,563,19400
0,564,19380
0,565,19370
0,566,19410
0,567,19360
0,568,19410
0,569,19390
0,570,19401
0,571,19390
0,572,19410
0,573,19380
0,574,19380
0,575,19370
0,576,19380
0,577,19381
0,578,19380
0,579,19380
0,580,19390
0,581,19390
0,582,19390
0,583,19370
0,584,19360
0,585,19391
0,586,19390
0,587,19390
0,588,19360
0,589,19380
0,590,19380
0,591,19380
0,592,19390
0,593,19371
0,594,19360
0,595,19380
0,596,19370
0,597,19390
0,598,19360
0,599,19380
0,600,19371
0,601,19380
0,602,20160
0,603,19410
0,604,19420
0,605,19400
0,606,19390
0,607,19380
0,608,19411
0,609,19370
0,610,19400
0,611,19410
0,612,19400
0,613,19410
0,614,19390
0,615,19411
0,616,19370
0,617,19360
0,618,19390
0,619,19420
0,620,19390
0,621,19350
0,622,19380
0,623,19381
0,624,19380
0,625,19390
0,626,19370
0,627,19350
0,628,19390
0,629,19360
0,630,19390
0,631,19361
0,632,19380
0,633,19380
0,634,19410
0,635,19410
0,636,19380
0,637,19390
0,638,19391
0,639,19410
0,640,19400
0,641,19390
0,642,19400
0,643,19390
0,644,19390
0,645,19370
0,646,19371
0,647,19350
0,648,19350
0,649,19400
0,650,19370
0,651,19380
0,652,19380
0,653,20200
0,654,19401
0,655,19370
0,656,19400
0,657,19420
0,658,19400
0,659,19390
0,660,19410
0,661,19390
0,662,19391
0,663,19400
0,664,19390
0,665,19390
0,666,19400
0,667,19410
0,668,19390
0,669,19421
0,670,19400
0,671,19370
0,672,19360
0,673,19410
0,674,19390
0,675,19390
0,676,19400
0,677,19391
0,678,19400
0,679,19410
0,680,19410
0,681,19380
0,682,19420
0,683,19400
0,684,19390
0,685,19401
0,686,19390
0,687,19380
0,688,19390
0,689,19400
0,690,19410
0,691,19370
0,692,19410
0,693,19391
0,694,19400
0,695,19400
0,696,19400
0,697,19410
0,698,19400
0,699,19400
0,700,19420
0,701,19391
0,702,19390
0,703,20150
0,704,19380
0,705,19380
0,706,19380
0,707,19380
0,708,19361
0,709,19380
0,710,19380
0,711,19340
0,712,19380
0,713,19380
0,714,19390
0,715,19390
0,716,19401
0,717,19360
0,718,19380
0,719,19380
0,720,19370
0,721,19390
0,722,19390
0,723,19400
0,724,19381
0,725,19380
0,726,19380
0,727,19370
0,728,19370
0,729,19380
0,730,19390
0,731,19371
0,732,19370
0,733,19380
0,734,19380
0,735,19380
0,736,19370
0,737,19380
0,738,19370
0,739,19371
0,740,19380
0,741,19370
0,742,19370
0,743,19360
0,744,19370
0,745,19400
0,746,19370
0,747,19371
0,748,19360
0,749,19360
0,750,19370
0,751,19350
0,752,19390
0,753,19370
0,754,20191
0,755,19420
0,756,19380
0,757,19380
0,758,19370
0,759,19380
0,760,19380
0,761,19390
0,762,19381
0,763,19390
0,764,19420
0,765,19400
0,766,19390
0,767,19410
0,768,19390
0,769,19430
0,770,19391
0,771,19400
0,772,19410
0,773,19410
0,774,19390
0,775,19420
0,776,19390
0,777,19411
0,778,19410
0,779,19370
0,780,19390
0,781,19370
0,782,19390
0,783,19380
0,784,19370
0,785,19351
0,786,19390
0,787,19360
0,788,19350
0,789,19380
0,790,19410
0,791,19390
0,792,19390
0,793,19391
0,794,19370
0,795,19370
0,796,19370
0,797,19370
0,798,19400
0,799,19390
0,800,19361
0,801,19350
0,802,19370
0,803,19390
0,804,19360
0,805,19410
0,806,19380
0,807,19370
0,808,19411
0,809,19370
0,810,19390
0,811,19380
0,812,19380
0,813,19390
0,814,19400
0,815,19401
0,816,19370
0,817,19370
0,818,19360
0,819,19350
0,820,19350
0,821,19400
0,822,19410
0,823,19411
0,824,19400
0,825,19410
0,826,19390
0,827,19390
0,828,19370
0,829,19350
0,830,19390
0,831,19351
0,832,19410
0,833,19380
0,834,19400
0,835,19390
0,836,19370
0,837,19370
0,838,19421
0,839,19420
0,840,19410
0,841,19390
0,842,19370
0,843,19380
0,844,19420
0,845,19410
0,846,19381
0,847,19370
0,848,19390
0,849,19390
0,850,19370
0,851,19400
0,852,19370
0,853,19390
0,854,19381
0,855,20170
0,856,19390
0,857,19380
0,858,19370
0,859,19400
0,860,19390
0,861,19370
0,862,19361
0,863,19390
0,864,19380
0,865,19400
0,866,19350
0,867,19400
0,868,19370
0,869,19401
0,870,19370
0,871,19390
0,872,19390
0,873,19360
0,874,19370
0,875,19380
0,876,19370
0,877,19371
0,878,19380
0,879,19370
0,880,19370
0,881,19360
0,882,19410
0,883,19380
0,884,19370
0,885,19401
0,886,19390
0,887,19360
0,888,19370
0,889,19420
0,890,19400
0,891,19380
0,892,19390
0,893,19411
0,894,19410
0,895,19420
0,896,19390
0,897,19370
0,898,19400
0,899,19420
0,900,19400
0,901,19411
0,902,19370
0,903,19370
0,904,19420
0,905,19390
0,906,20240
0,907,19410
0,908,19400
0,909,19370
0,910,19410
0,911,19410
0,912,19390
0,913,19410
0,914,19400
0,915,19420
0,916,19381
0,917,19380
0,918,19400
0,919,19410
0,920,19410
0,921,19400
0,922,19410
0,923,19410
0,924,19401
0,925,19410
0,926,19400
0,927,19390
0,928,19390
0,929,19390
0,930,19400
0,931,19381
0,932,19400
0,933,19430
0,934,19390
0,935,19370
0,936,19350
0,937,19370
0,938,19360
0,939,19381
0,940,19360
0,941,19410
0,942,19420
0,943,19400
0,944,19380
0,945,19370
0,946,19360
0,947,19381
0,948,19360
0,949,19370
0,950,19370
0,951,19410
0,952,19420
0,953,19400
0,954,19411
0,955,19360
0,956,20170
0,957,19380
0,958,19360
0,959,19360
0,960,19380
0,961,19410
0,962,19391
0,963,19380
0,964,19420
0,965,19380
0,966,19400
0,967,19360
0,968,19390
0,969,19370
0,970,19361
0,971,19390
0,972,19390
0,973,19400
0,974,19360
0,975,19370
0,976,19380
0,977,19401
0,978,19360
0,979,19360
0,980,19400
0,981,19380
0,982,19360
0,983,19360
0,984,19360
0,985,19371
0,986,19370
0,987,19390
0,988,19370
0,989,19390
0,990,19380
0,991,19370
0,992,19380
0,993,19371
0,994,19420
0,995,19400
0,996,19380
0,997,19370
0,998,19360
0,999,19380
1,0,22280
1,1,22341
1,2,22330
1,3,22310
1,4,22380
1,5,22310
1,6,22360
1,7,22340
1,8,22341
1,9,22320
1,10,22360
1,11,22320
1,12,22330
1,13,22330
1,14,23090
1,15,22341
1,16,22330
1,17,22320
1,18,22340
1,19,22310
1,20,22330
1,21,22351
1,22,22320
1,23,22340
1,24,22350
1,25,22360
1,26,22350
1,27,22370
1,28,22331
1,29,22350
1,30,22320
1,31,22310
1,32,22360
1,33,22320
1,34,22330
1,35,22341
1,36,22330
1,37,22340
1,38,22360
1,39,22350
1,40,22350
1,41,22331
1,42,22350
1,43,22310
1,44,22340
1,45,22330
1,46,22360
1,47,22340
1,48,22321
1,49,22340
1,50,22360
1,51,22330
1,52,22340
1,53,22330
1,54,22350
1,55,22351
1,56,22330
1,57,22330
1,58,23100
1,59,22320
1,60,22360
1,61,22311
1,62,22320
1,63,22320
1,64,22340
1,65,22340
1,66,22330
1,67,22340
1,68,22391
1,69,22350
1,70,22340
1,71,22340
1,72,22370
1,73,22330
1,74,22320
1,75,22321
1,76,22350
1,77,22340
1,78,22360
1,79,22330
1,80,22340
1,81,22321
1,82,22360
1,83,22350
1,84,22340
1,85,22390
1,86,22300
1,87,22320
1,88,22321
1,89,22340
1,90,22330
1,91,22320
1,92,22330
1,93,22350
1,94,22361
1,95,22320
1,96,22340
1,97,22360
1,98,22340
1,99,22370
1,100,22320
1,101,22341
1,102,23120
1,103,22340
1,104,22360
1,105,22310
1,106,22340
1,107,22340
1,108,22341
1,109,22300
1,110,22350
1,111,22290
1,112,22350
1,113,22330
1,114,22320
1,115,22321
1,116,22360
1,117,22330
1,118,22340
1,119,22330
1,120,22340
1,121,22330
1,122,22351
1,123,22340
1,124,22380
1,125,22330
1,126,22360
1,127,22330
1,128,22321
1,129,22370
1,130,22320
1,131,22320
1,132,22280
1,133,22350
1,134,22290
1,135,22351
1,136,22310
1,137,22400
1,138,22340
1,139,22320
1,140,22330
1,141,22330
1,142,22331
1,143,22380
1,144,22330
1,145,22340
1,146,23070
1,147,22380
1,148,22330
1,149,22351
1,150,22350
1,151,22350
1,152,22330
1,153,22340
1,154,22340
1,155,22371
1,156,22340
1,157,22380
1,158,22350
1,159,22340
1,160,22320
1,161,22340
1,162,22371
1,163,22340
1,164,22340
1,165,22340
1,166,22350
1,167,22320
1,168,22330
1,169,22321
1,170,22360
1,171,22300
1,172,22370
1,173,22320
1,174,22360
1,175,22341
1,176,22370
1,177,22310
1,178,22350
1,179,22310
1,180,22340
1,181,22320
1,182,22351
1,183,22330
1,184,22340
1,185,22330
1,186,22380
1,187,22340
1,188,22330
1,189,23121
1,190,22350
1,191,22370
1,192,22310
1,193,22320
1,194,22350
1,195,22361
1,196,22350
1,197,22340
1,198,22330
1,199,22360
1,200,22370
1,201,22340
1,202,22371
1,203,22360
1,204,22350
1,205,22350
1,206,22350
1,207,22340
1,208,22350
1,209,22321
1,210,22340
1,211,22350
1,212,22340
1,213,22380
1,214,22360
1,215,22331
1,216,22350
1,217,22340
1,218,22350
1,219,22340
1,220,22350
1,221,22330
1,222,22371
1,223,22340
1,224,22330
1,225,22340
1,226,22360
1,227,22340
1,228,22360
1,229,22341
1,230,22370
1,231,22340
1,232,22350
1,233,23130
1,234,22340
1,235,22371
1,236,22380
1,237,22330
1,238,22350
1,239,22350
1,240,22360
1,241,22340
1,242,22341
1,243,22370
1,244,22400
1,245,22350
1,246,22350
1,247,22350
1,248,22350
1,249,22321
1,250,22340
1,251,22340
1,252,22350
1,253,22350
1,254,22370
1,255,22370
1,256,22351
1,257,22360
1,258,22380
1,259,22340
1,260,22350
1,261,22350
1,262,22330
1,263,22351
1,264,22320
1,265,22370
1,266,22350
1,267,22350
1,268,22370
1,269,22351
1,270,22350
1,271,22360
1,272,22370
1,273,22320
1,274,22350
1,275,22320
1,276,22361
1,277,23120
1,278,22360
1,279,22370
1,280,22340
1,281,22320
1,282,22380
1,283,22351
1,284,22360
1,285,22350
1,286,22360
1,287,22340
1,288,22380
1,289,22320
1,290,22361
1,291,22320
1,292,22370
1,293,22330
1,294,22310
1,295,22330
1,296,22331
1,297,22330
1,298,22360
1,299,22350
1,300,22350
1,301,22330
1,302,22370
1,303,22321
1,304,22320
1,305,22340
1,306,22380
1,307,22360
1,308,22340
1,309,22370
1,310,22321
1,311,22320
1,312,22360
1,313,22330
1,314,22340
1,315,22370
1,316,22351
1,317,22340
1,318,22390
1,319,22340
1,320,22360
1,321,23150
1,322,22340
1,323,22351
1,324,22370
1,325,22330
1,326,22360
1,327,22300
1,328,22360
1,329,22311
1,330,22360
1,331,22360
1,332,22340
1,333,22330
1,334,22310
1,335,22370
1,336,22331
1,337,22360
1,338,22340
1,339,22340
1,340,22320
1,341,22350
1,342,22340
1,343,22341
1,344,22340
1,345,22330
1,346,22340
1,347,22380
1,348,22370
1,349,22351
1,350,22340
1,351,22380
1,352,22330
1,353,22360
1,354,22340
1,355,22380
1,356,22341
1,357,22350
1,358,22330
1,359,22370
1,360,22350
1,361,22340
1,362,22350
1,363,22341
1,364,22330
1,365,23130
1,366,22360
1,367,22340
1,368,22360
1,369,22331
1,370,22370
1,371,22320
1,372,22380
1,373,22340
1,374,22350
1,375,22330
1,376,22381
1,377,22360
1,378,22370
1,379,22370
1,380,22360
1,381,22370
1,382,22360
1,383,22331
1,384,22360
1,385,22340
1,386,22350
1,387,22340
1,388,22370
1,389,22341
1,390,22350
1,391,22350
1,392,22340
1,393,22340
1,394,22320
1,395,22330
1,396,22361
1,397,22340
1,398,22340
1,399,22350
1,400,22390
1,401,22340
1,402,22360
1,403,22361
1,404,22360
1,405,22350
1,406,22370
1,407,22340
1,408,22360
1,409,23111
1,410,22370
1,411,22350
1,412,22320
1,413,22380
1,414,22350
1,415,22370
1,416,22331
1,417,22320
1,418,22340
1,419,22340
1,420,22340
1,421,22380
1,422,22320
1,423,22331
1,424,22350
1,425,22380
1,426,22340
1,427,22380
1,428,22340
1,429,22370
1,430,22351
1,431,22350
1,432,22320
1,433,22390
1,434,22340
1,435,22330
1,436,22320
1,437,22381
1,438,22350
1,439,22330
1,440,22360
1,441,22380
1,442,22360
1,443,22371
1,444,22350
1,445,22350
1,446,22340
1,447,22400
1,448,22330
1,449,22340
1,450,22331
1,451,22370
1,452,22340
1,453,23140
1,454,22350
1,455,22360
1,456,22350
1,457,22351
1,458,22350
1,459,22350
1,460,22340
1,461,22350
1,462,22340
1,463,22380
1,464,22341
1,465,22350
1,466,22330
1,467,22360
1,468,22340
1,469,22310
1,470,22361
1,471,22360
1,472,22360
1,473,22320
1,474,22360
1,475,22360
1,476,22360
1,477,22401
1,478,22370
1,479,22390
1,480,22340
1,481,22370
1,482,22320
1,483,22380
1,484,22371
1,485,22390
1,486,22350
1,487,22350
1,488,22360
1,489,22350
1,490,22351
1,491,22350
1,492,22350
1,493,22370
1,494,22360
1,495,22360
1,496,22350
1,497,23171
1,498,22370
1,499,22400
1,500,22370
1,501,22400
1,502,22350
1,503,22341
1,504,22360
1,505,22370
1,506,22320
1,507,22320
1,508,22350
1,509,22360
1,510,22361
1,511,22330
1,512,22350
1,513,22380
1,514,22320
1,515,22330
1,516,22350
1,517,22391
1,518,22350
1,519,22360
1,520,22350
1,521,22380
1,522,22330
1,523,22341
1,524,22380
1,525,22350
1,526,22330
1,527,22360
1,528,22340
1,529,22320
1,530,22341
1,531,22390
1,532,22360
1,533,22350
1,534,22330
1,535,22370
1,536,22330
1,537,22331
1,538,22350
1,539,22380
1,540,22330
1,541,23110
1,542,22350
1,543,22351
1,544,22330
1,545,22340
1,546,22340
1,547,22380
1,548,22350
1,549,22350
1,550,22351
1,551,22360
1,552,22340
1,553,22340
1,554,22320
1,555,22370
1,556,22330
1,557,22361
1,558,22330
1,559,22370
1,560,22340
1,561,22380
1,562,22350
1,563,22371
1,564,22360
1,565,22360
1,566,22340
1,567,22360
1,568,22330
1,569,22330
1,570,22331
1,571,22340
1,572,22370
1,573,22320
1,574,22370
1,575,22330
1,576,22360
1,577,22351
1,578,22350
1,579,22330
1,580,22350
1,581,22350
1,582,22380
1,583,22351
1,584,22320
1,585,23130
1,586,22340
1,587,22360
1,588,22310
1,589,22340
1,590,22361
1,591,22350
1,592,22360
1,593,22340
1,594,22340
1,595,22360
1,596,22350
1,597,22341
1,598,22350
1,599,22390
1,600,22340
1,601,22360
1,602,22340
1,603,22340
1,604,22371
1,605,22360
1,606,22340
1,607,22350
1,608,22330
1,609,22330
1,610,22350
1,611,22331
1,612,22370
1,613,22350
1,614,22350
1,615,22390
1,616,22340
1,617,22331
1,618,22350
1,619,22370
1,620,22340
1,621,22330
1,622,22330
1,623,22350
1,624,22331
1,625,22360
1,626,22390
1,627,22340
1,628,22380
1,629,23170
1,630,22340
1,631,22391
1,632,22360
1,633,22330
1,634,22340
1,635,22370
1,636,22360
1,637,22350
1,638,22341
1,639,22360
1,640,22320
1,641,22340
1,642,22340
1,643,22370
1,644,22371
1,645,22340
1,646,22340
1,647,22340
1,648,22380
1,649,22350
1,650,22350
1,651,22341
1,652,22400
1,653,22360
1,654,22360
1,655,22340
1,656,22360
1,657,22350
1,658,22341
1,659,22330
1,660,22360
1,661,22340
1,662,22400
1,663,22360
1,664,22351
1,665,22340
1,666,22360
1,667,22320
1,668,22360
1,669,22320
1,670,22390
1,671,22341
1,672,22350
1,673,23130
1,674,22370
1,675,22330
1,676,22330
1,677,22330
1,678,22371
1,679,22350
1,680,22360
1,681,22400
1,682,22340
1,683,22360
1,684,22351
1,685,22370
1,686,22340
1,687,22350
1,688,22350
1,689,22360
1,690,22350
1,691,22361
1,692,22330
1,693,22360
1,694,22350
1,695,22340
1,696,22350
1,697,22370
1,698,22331
1,699,22340
1,700,22370
1,701,22370
1,702,22330
1,703,22350
1,704,22341
1,705,22380
1,706,22340
1,707,22380
1,708,22340
1,709,22350
1,710,22350
1,711,22391
1,712,22330
1,713,22350
1,714,22350
1,715,22370
1,716,22340
1,717,23100
1,718,22380
1,719,22330
1,720,22340
1,721,22360
1,722,22370
1,723,22340
1,724,22351
1,725,22360
1,726,22350
1,727,22370
1,728,22310
1,729,22370
1,730,22330
1,731,22371
1,732,22350
1,733,22330
1,734,22350
1,735,22350
1,736,22340
1,737,22371
1,738,22340
1,739,22370
1,740,22380
1,741,22330
1,742,22340
1,743,22360
1,744,22351
1,745,22340
1,746,22340
1,747,22350
1,748,22340
1,749,22340
1,750,22350
1,751,22371
1,752,22350
1,753,22340
1,754,22350
1,755,22380
1,756,22330
1,757,22351
1,758,22330
1,759,22360
1,760,22340
1,761,23120
1,762,22410
1,763,22360
1,764,22351
1,765,22350
1,766,22390
1,767,22350
1,768,22340
1,769,22340
1,770,22370
1,771,22321
1,772,22330
1,773,22320
1,774,22370
1,775,22360
1,776,22370
1,777,22330
1,778,22381
1,779,22350
1,780,22340
1,781,22350
1,782,22340
1,783,22340
1,784,22380
1,785,22331
1,786,22370
1,787,22350
1,788,22330
1,789,22380
1,790,22370
1,791,22331
1,792,22360
1,793,22360
1,794,22370
1,795,22360
1,796,22370
1,797,22350
1,798,22371
1,799,22360
1,800,22330
1,801,22350
1,802,22370
1,803,22320
1,804,22370
1,805,23181
1,806,22350
1,807,22390
1,808,22380
1,809,22380
1,810,22350
1,811,22330
1,812,22321
1,813,22350
1,814,22340
1,815,22380
1,816,22340
1,817,22330
1,818,22341
1,819,22340
1,820,22340
1,821,22330
1,822,22290
1,823,22360
1,824,22330
1,825,22371
1,826,22320
1,827,22320
1,828,22330
1,829,22340
1,830,22330
1,831,22350
1,832,22311
1,833,22360
1,834,22330
1,835,22340
1,836,22340
1,837,22350
1,838,22321
1,839,22360
1,840,22320
1,841,22360
1,842,22340
1,843,22350
1,844,22310
1,845,22351
1,846,22360
1,847,22350
1,848,22320
1,849,23120
1,850,22310
1,851,22330
1,852,22321
1,853,22360
1,854,22340
1,855,22340
1,856,22320
1,857,22380
1,858,22341
1,859,22370
1,860,22330
1,861,22390
1,862,22330
1,863,22360
1,864,22350
1,865,22381
1,866,22320
1,867,22320
1,868,22350
1,869,22380
1,870,22330
1,871,22360
1,872,22321
1,873,22390
1,874,22360
1,875,22370
1,876,22340
1,877,22360
1,878,22351
1,879,22330
1,880,22350
1,881,22380
1,882,22350
1,883,22350
1,884,22330
1,885,22351
1,886,22410
1,887,22350
1,888,22360
1,889,22350
1,890,22400
1,891,22360
1,892,22361
1,893,23160
1,894,22360
1,895,22330
1,896,22370
1,897,22350
1,898,22341
1,899,22330
1,900,22350
1,901,22320
1,902,22390
1,903,22370
1,904,22360
1,905,22341
1,906,22380
1,907,22350
1,908,22350
1,909,22320
1,910,22370
1,911,22350
1,912,22331
1,913,22340
1,914,22390
1,915,22330
1,916,22340
1,917,22330
1,918,22360
1,919,22341
1,920,22340
1,921,22340
1,922,22400
1,923,22340
1,924,22340
1,925,22330
1,926,22381
1,927,22340
1,928,22340
1,929,22360
1,930,22370
1,931,22350
1,932,22351
1,933,22330
1,934,22330
1,935,22350
1,936,22310
1,937,23080
1,938,22400
1,939,22371
1,940,22330
1,941,22340
1,942,22380
1,943,22330
1,944,22330
1,945,22350
1,946,22381
1,947,22340
1,948,22360
1,949,22350
1,950,22360
1,951,22350
1,952,22330
1,953,22350
1,954,22370
1,955,22340
1,956,22350
1,957,22370
1,958,22330
1,959,22361
1,960,22380
1,961,22370
1,962,22340
1,963,22350
1,964,22360
1,965,22360
1,966,22361
1,967,22350
1,968,22380
1,969,22350
1,970,22340
1,971,22350
1,972,22371
1,973,22360
1,974,22330
1,975,22350
1,976,22390
1,977,22320
1,978,22350
1,979,22361
1,980,22350
1,981,23120
1,982,22340
1,983,22380
1,984,22320
1,985,22370
1,986,22331
1,987,22360
1,988,22330
1,989,22350
1,990,22340
1,991,22340
1,992,22361
1,993,22330
1,994,22350
1,995,22360
1,996,22320
1,997,22350
1,998,22310
1,999,22401
2,0,25101
2,1,25160
2,2,25140
2,3,25190
2,4,25160
2,5,25160
2,6,25141
2,7,25160
2,8,25160
2,9,25150
2,10,25160
2,11,25950
2,12,25181
2,13,25140
2,14,25140
2,15,25180
2,16,25170
2,17,25170
2,18,25181
2,19,25180
2,20,25130
2,21,25160
2,22,25160
2,23,25150
2,24,25151
2,25,25200
2,26,25170
2,27,25170
2,28,25150
2,29,25200
2,30,25131
2,31,25180
2,32,25140
2,33,25170
2,34,25160
2,35,25160
2,36,25131
2,37,25130
2,38,25150
2,39,25170
2,40,25170
2,41,25160
2,42,25121
2,43,25180
2,44,25150
2,45,25150
2,46,25120
2,47,25170
2,48,25131
2,49,25140
2,50,25930
2,51,25150
2,52,25140
2,53,25140
2,54,25141
2,55,25120
2,56,25170
2,57,25140
2,58,25140
2,59,25180
2,60,25111
2,61,25130
2,62,25140
2,63,25180
2,64,25130
2,65,25130
2,66,25151
2,67,25170
2,68,25150
2,69,25130
2,70,25130
2,71,25210
2,72,25161
2,73,25140
2,74,25140
2,75,25150
2,76,25140
2,77,25180
2,78,25141
2,79,25180
2,80,25170
2,81,25140
2,82,25160
2,83,25151
2,84,25190
2,85,25140
2,86,25150
2,87,25160
2,88,25150
2,89,28241
2,90,25150
2,91,25170
2,92,25140
2,93,25160
2,94,25120
2,95,25191
2,96,25150
2,97,25150
2,98,25160
2,99,25180
2,100,25140
2,101,25161
2,102,25150
2,103,25150
2,104,25150
2,105,25130
2,106,25170
2,107,25151
2,108,25180
2,109,25130
2,110,25170
2,111,25130
2,112,25130
2,113,25150
2,114,25181
2,115,25170
2,116,25140
2,117,25160
2,118,25170
2,119,25140
2,120,25161
2,121,25160
2,122,25150
2,123,25150
2,124,25170
2,125,25140
2,126,25161
2,127,25150
2,128,25150
2,129,25920
2,130,25140
2,131,25150
2,132,25151
2,133,25140
2,134,25190
2,135,25160
2,136,25200
2,137,25160
2,138,25161
2,139,25180
2,140,25170
2,141,25160
2,142,25140
2,143,25171
2,144,25140
2,145,25170
2,146,25140
2,147,25150
2,148,25180
2,149,25181
2,150,25150
2,151,25160
2,152,25160
2,153,25200
2,154,25160
2,155,25131
2,156,25140
2,157,25150
2,158,25130
2,159,25190
2,160,25130
2,161,25151
2,162,25190
2,163,25150
2,164,25120
2,165,25150
2,166,25160
2,167,25131
2,168,25880
2,169,25160
2,170,25140
2,171,25180
2,172,25150
2,173,25131
2,174,25140
2,175,25190
2,176,25160
2,177,25140
2,178,25140
2,179,25181
2,180,25130
2,181,25130
2,182,25140
2,183,25160
2,184,25150
2,185,25181
2,186,25170
2,187,25200
2,188,25130
2,189,25170
2,190,25130
2,191,25131
2,192,25140
2,193,25160
2,194,25150
2,195,25150
2,196,25150
2,197,25171
2,198,25160
2,199,25160
2,200,25170
2,201,25190
2,202,25150
2,203,25131
2,204,25200
2,205,25120
2,206,25150
2,207,25920
2,208,25190
2,209,25141
2,210,25150
2,211,25120
2,212,25180
2,213,25160
2,214,25170
2,215,25151
2,216,25170
2,217,25130
2,218,25110
2,219,25150
2,220,25191
2,221,25140
2,222,25140
2,223,25160
2,224,25170
2,225,25130
2,226,25121
2,227,25120
2,228,25160
2,229,25120
2,230,25140
2,231,25160
2,232,25181
2,233,25160
2,234,25120
2,235,25210
2,236,25140
2,237,25150
2,238,25131
2,239,25160
2,240,25140
2,241,25150
2,242,25190
2,243,25170
2,244,25161
2,245,25930
2,246,25140
2,247,25160
2,248,25180
2,249,25190
2,250,25131
2,251,25150
2,252,25160
2,253,25170
2,254,25130
2,255,25180
2,256,25141
2,257,25190
2,258,25150
2,259,25170
2,260,25150
2,261,25180
2,262,25161
2,263,25160
2,264,25130
2,265,25160
2,266,25160
2,267,25140
2,268,25171
2,269,25130
2,270,25160
2,271,25180
2,272,25150
2,273,25170
2,274,25141
2,275,25150
2,276,25120
2,277,25190
2,278,25150
2,279,25150
2,280,25151
2,281,25160
2,282,25160
2,283,25160
2,284,26400
2,285,25150
2,286,25181
2,287,25170
2,288,25140
2,289,25130
2,290,25150
2,291,25190
2,292,25151
2,293,25130
2,294,25190
2,295,25150
2,296,25160
2,297,25150
2,298,25191
2,299,25150
2,300,25150
2,301,25140
2,302,25170
2,303,25130
2,304,25151
2,305,25130
2,306,25170
2,307,25130
2,308,25170
2,309,25160
2,310,25131
2,311,25130
2,312,25160
2,313,25130
2,314,25130
2,315,25150
2,316,25161
2,317,25150
2,318,25170
2,319,25160
2,320,25140
2,321,25160
2,322,25131
2,323,25190
2,324,27230
2,325,25130
2,326,25180
2,327,25121
2,328,25130
2,329,25110
2,330,25170
2,331,25130
2,332,25130
2,333,25171
2,334,25140
2,335,25170
2,336,25140
2,337,25200
2,338,25130
2,339,25151
2,340,25130
2,341,25190
2,342,25150
2,343,25160
2,344,25150
2,345,25181
2,346,25150
2,347,25160
2,348,25180
2,349,25150
2,350,25160
2,351,25161
2,352,25150
2,353,25170
2,354,25140
2,355,25140
2,356,25120
2,357,25141
2,358,25140
2,359,25140
2,360,25140
2,361,25160
2,362,25150
2,363,25911
2,364,25150
2,365,25150
2,366,25130
2,367,25150
2,368,25150
2,369,25171
2,370,25160
2,371,25180
2,372,25130
2,373,25160
2,374,25150
2,375,25181
2,376,25180
2,377,25160
2,378,25110
2,379,25130
2,380,25200
2,381,25151
2,382,25200
2,383,25140
2,384,25160
2,385,25140
2,386,25150
2,387,25151
2,388,25180
2,389,25130
2,390,25170
2,391,25150
2,392,25180
2,393,25161
2,394,25190
2,395,25160
2,396,25160
2,397,25170
2,398,25170
2,399,25141
2,400,25140
2,401,25160
2,402,25950
2,403,25140
2,404,25161
2,405,25210
2,406,25150
2,407,25150
2,408,25160
2,409,25170
2,410,25160
2,411,25150
2,412,25170
2,413,25190
2,414,25150
2,415,25160
2,416,25130
2,417,25181
2,418,25120
2,419,25140
2,420,25150
2,421,25160
2,422,25130
2,423,25151
2,424,25150
2,425,25200
2,426,25140
2,427,25160
2,428,25130
2,429,25201
2,430,25120
2,431,25170
2,432,25120
2,433,25140
2,434,25170
2,435,25191
2,436,25120
2,437,25150
2,438,25140
2,439,25170
2,440,25120
2,441,25901
2,442,25150
2,443,25200
2,444,25150
2,445,25120
2,446,25120
2,447,25161
2,448,25160
2,449,25170
2,450,25180
2,451,25140
2,452,25150
2,453,25161
2,454,25120
2,455,25150
2,456,25150
2,457,25170
2,458,25140
2,459,25181
2,460,25190
2,461,25140
2,462,25200
2,463,25130
2,464,25130
2,465,25141
2,466,25160
2,467,25120
2,468,25150
2,469,25150
2,470,25160
2,471,25170
2,472,25180
2,473,25160
2,474,25130
2,475,25200
2,476,25181
2,477,25140
2,478,25160
2,479,25120
2,480,25910
2,481,25150
2,482,25191
2,483,25120
2,484,25190
2,485,25130
2,486,25150
2,487,25130
2,488,25201
2,489,25150
2,490,25180
2,491,25200
2,492,25160
2,493,25140
2,494,25191
2,495,25140
2,496,25170
2,497,25150
2,498,25150
2,499,25150
2,500,25141
2,501,25170
2,502,25160
2,503,25150
2,504,25170
2,505,25130
2,506,25151
2,507,25170
2,508,25190
2,509,25150
2,510,25170
2,511,25120
2,512,25161
2,513,25160
2,514,25190
2,515,25170
2,516,25200
2,517,25150
2,518,25161
2,519,25910
2,520,25170
2,521,25150
2,522,25160
2,523,25160
2,524,25121
2,525,25150
2,526,25150
2,527,25180
2,528,25130
2,529,25170
2,530,25151
2,531,25200
2,532,25160
2,533,25130
2,534,25160
2,535,25180
2,536,25131
2,537,25150
2,538,25150
2,539,25190
2,540,25150
2,541,25150
2,542,25141
2,543,25200
2,544,25160
2,545,25150
2,546,25170
2,547,25161
2,548,25130
2,549,25150
2,550,25140
2,551,25200
2,552,25130
2,553,25161
2,554,25130
2,555,25180
2,556,25160
2,557,25140
2,558,25920
2,559,25171
2,560,25160
2,561,25200
2,562,25160
2,563,25140
2,564,25200
2,565,25171
2,566,25190
2,567,25180
2,568,25190
2,569,25160
2,570,25200
2,571,25141
2,572,25150
2,573,25130
2,574,25170
2,575,25140
2,576,25150
2,577,25140
2,578,25181
2,579,25150
2,580,25130
2,581,25110
2,582,25180
2,583,25140
2,584,25141
2,585,25130
2,586,25140
2,587,25210
2,588,25130
2,589,25160
2,590,25151
2,591,25190
2,592,25160
2,593,25160
2,594,25160
2,595,25170
2,596,25141
2,597,25900
2,598,25170
2,599,25150
2,600,25190
2,601,25150
2,602,25131
2,603,25140
2,604,25150
2,605,25170
2,606,25130
2,607,25190
2,608,25151
2,609,25190
2,610,25140
2,611,25160
2,612,25150
2,613,25190
2,614,25121
2,615,25150
2,616,25130
2,617,25180
2,618,25140
2,619,25131
2,620,25150
2,621,25210
2,622,25130
2,623,25150
2,624,25160
2,625,25181
2,626,25140
2,627,25130
2,628,25160
2,629,25190
2,630,25160
2,631,25171
2,632,25130
2,633,25190
2,634,25150
2,635,25160
2,636,25890
2,637,25171
2,638,25150
2,639,25170
2,640,25160
2,641,25150
2,642,25140
2,643,25141
2,644,25200
2,645,25120
2,646,25150
2,647,25140
2,648,25170
2,649,25151
2,650,25170
2,651,25150
2,652,25170
2,653,25140
2,654,25150
2,655,25141
2,656,25180
2,657,25140
2,658,25130
2,659,25150
2,660,25170
2,661,25141
2,662,25130
2,663,25150
2,664,25130
2,665,25160
2,666,25190
2,667,25151
2,668,25130
2,669,25120
2,670,25160
2,671,25130
2,672,25160
2,673,25131
2,674,25140
2,675,25130
2,676,25920
2,677,25160
2,678,25150
2,679,25151
2,680,25140
2,681,25190
2,682,25130
2,683,25160
2,684,25120
2,685,25171
2,686,25120
2,687,25120
2,688,25130
2,689,25170
2,690,25180
2,691,25151
2,692,25160
2,693,25120
2,694,25180
2,695,25160
2,696,25180
2,697,25131
2,698,25190
2,699,25130
2,700,25130
2,701,25140
2,702,25180
2,703,25141
2,704,25160
2,705,25140
2,706,25200
2,707,25110
2,708,25140
2,709,25151
2,710,25170
2,711,25170
2,712,25130
2,713,25120
2,714,25170
2,715,25891
2,716,25210
2,717,25160
2,718,25140
2,719,25170
2,720,25190
2,721,25181
2,722,25170
2,723,25130
2,724,25140
2,725,25170
2,726,25190
2,727,25151
2,728,25160
2,729,25160
2,730,25200
2,731,25150
2,732,25140
2,733,25171
2,734,25170
2,735,25140
2,736,25160
2,737,25150
2,738,25150
2,739,25181
2,740,25150
2,741,25180
2,742,25160
2,743,25120
2,744,25170
2,745,25141
2,746,25140
2,747,25150
2,748,25160
2,749,25170
2,750,25140
2,751,25181
2,752,25170
2,753,25130
2,754,25930
2,755,25150
2,756,25160
2,757,25191
2,758,25150
2,759,25130
2,760,25150
2,761,25190
2,762,25180
2,763,25140
2,764,25140
2,765,25180
2,766,25160
2,767,25140
2,768,25151
2,769,25180
2,770,25150
2,771,25130
2,772,25150
2,773,25220
2,774,25161
2,775,25240
2,776,25130
2,777,25190
2,778,25180
2,779,25170
2,780,25141
2,781,25150
2,782,25160
2,783,25180
2,784,25130
2,785,25160
2,786,25161
2,787,25190
2,788,25130
2,789,25130
2,790,25170
2,791,25160
2,792,25181
2,793,25900
2,794,25160
2,795,25120
2,796,25190
2,797,25150
2,798,25151
2,799,25150
2,800,25150
2,801,25130
2,802,25160
2,803,25150
2,804,25181
2,805,25160
2,806,25150
2,807,25190
2,808,25120
2,809,25130
2,810,25131
2,811,25190
2,812,25160
2,813,25130
2,814,25140
2,815,25170
2,816,25131
2,817,25160
2,818,25140
2,819,25140
2,820,25170
2,821,25150
2,822,25141
2,823,25120
2,824,25170
2,825,25130
2,826,25130
2,827,25150
2,828,25161
2,829,25130
2,830,25130
2,831,25150
2,832,25940
2,833,25150
2,834,25181
2,835,25130
2,836,25140
2,837,25160
2,838,25150
2,839,25130
2,840,25191
2,841,25130
2,842,25130
2,843,25170
2,844,25160
2,845,25110
2,846,25141
2,847,25140
2,848,25160
2,849,25150
2,850,25170
2,851,25130
2,852,25151
2,853,25190
2,854,25150
2,855,25160
2,856,25140
2,857,25150
2,858,25171
2,859,25140
2,860,25140
2,861,25200
2,862,25160
2,863,25140
2,864,25121
2,865,25160
2,866,25130
2,867,25150
2,868,25140
2,869,25170
2,870,25141
2,871,25960
2,872,25160
2,873,25150
2,874,25160
2,875,25160
2,876,25131
2,877,25160
2,878,25180
2,879,25150
2,880,25150
2,881,25120
2,882,25171
2,883,25130
2,884,25160
2,885,25160
2,886,25170
2,887,25120
2,888,25141
2,889,25130
2,890,25160
2,891,25130
2,892,25180
2,893,25120
2,894,25131
2,895,25180
2,896,25130
2,897,25130
2,898,25180
2,899,25160
2,900,25161
2,901,25110
2,902,25170
2,903,25140
2,904,25150
2,905,25170
2,906,25191
2,907,25170
2,908,25160
2,909,25140
2,910,25940
2,911,25160
2,912,25160
2,913,25160
2,914,25160
2,915,25170
2,916,25120
2,917,25171
2,918,25150
2,919,25150
2,920,25130
2,921,25180
2,922,25140
2,923,25141
2,924,25180
2,925,25130
2,926,25120
2,927,25160
2,928,25150
2,929,25161
2,930,25130
2,931,25190
2,932,25140
2,933,25180
2,934,25140
2,935,25151
2,936,25160
2,937,25150
2,938,25170
2,939,25140
2,940,25170
2,941,25121
2,942,25140
2,943,25160
2,944,25190
2,945,25160
2,946,25130
2,947,25161
2,948,25190
2,949,25900
2,950,25160
2,951,25180
2,952,25150
2,953,25141
2,954,25160
2,955,25170
2,956,25150
2,957,25140
2,958,25160
2,959,25171
2,960,25130
2,961,25150
2,962,25160
2,963,25140
2,964,25160
2,965,25171
2,966,25210
2,967,25170
2,968,25170
2,969,25160
2,970,25200
2,971,25151
2,972,25130
2,973,25150
2,974,25180
2,975,25120
2,976,25140
2,977,25171
2,978,25190
2,979,25140
2,980,25170
2,981,25150
2,982,25160
2,983,25151
2,984,25130
2,985,25190
2,986,25120
2,987,25120
2,988,25930
2,989,25140
2,990,25160
2,991,25130
2,992,25200
2,993,25130
2,994,25160
2,995,25181
2,996,25150
2,997,25150
2,998,25170
2,999,25160
3,0,19280
3,1,19260
3,2,19240
3,3,19250
3,4,20150
3,5,19270
3,6,19291
3,7,19270
3,8,19280
3,9,19230
3,10,19290
3,11,19280
3,12,19280
3,13,19270
3,14,19281
3,15,19230
3,16,19280
3,17,19250
3,18,19280
3,19,19250
3,20,19280
3,21,19260
3,22,19281
3,23,19250
3,24,19280
3,25,19280
3,26,19240
3,27,19260
3,28,19230
3,29,19281
3,30,19270
3,31,19270
3,32,19270
3,33,19270
3,34,19260
3,35,19270
3,36,19250
3,37,19291
3,38,19260
3,39,19290
3,40,19260
3,41,19280
3,42,19260
3,43,19290
3,44,19260
3,45,19281
3,46,19260
3,47,19280
3,48,19260
3,49,19270
3,50,19260
3,51,19290
3,52,19270
3,53,19270
3,54,19270
3,55,20080
3,56,19280
3,57,19240
3,58,19290
3,59,19250
3,60,19301
3,61,19260
3,62,19290
3,63,19240
3,64,19260
3,65,19260
3,66,19290
3,67,19260
3,68,19281
3,69,19240
3,70,19280
3,71,19240
3,72,19280
3,73,19250
3,74,19280
3,75,19260
3,76,19271
3,77,19250
3,78,19250
3,79,19260
3,80,19240
3,81,19260
3,82,19250
3,83,19270
3,84,19261
3,85,19270
3,86,19250
3,87,19280
3,88,19250
3,89,19250
3,90,19250
3,91,19280
3,92,19261
3,93,19260
3,94,19260
3,95,19270
3,96,19250
3,97,19270
3,98,19260
3,99,19240
3,100,19241
3,101,19250
3,102,19260
3,103,19260
3,104,19250
3,105,19250
3,106,20020
3,107,19271
3,108,19250
3,109,19270
3,110,19250
3,111,19260
3,112,19260
3,113,19280
3,114,19260
3,115,19281
3,116,19260
3,117,19270
3,118,19240
3,119,19280
3,120,19260
3,121,19270
3,122,19240
3,123,19271
3,124,19240
3,125,19290
3,126,19280
3,127,19270
3,128,19270
3,129,19270
3,130,19270
3,131,19291
3,132,19270
3,133,19260
3,134,19270
3,135,19280
3,136,19240
3,137,19300
3,138,19251
3,139,19280
3,140,19260
3,141,19260
3,142,19250
3,143,19270
3,144,19260
3,145,19270
3,146,19271
3,147,19280
3,148,19280
3,149,19270
3,150,19240
3,151,19290
3,152,19260
3,153,19250
3,154,19281
3,155,19270
3,156,19260
3,157,20010
3,158,19300
3,159,19250
3,160,19290
3,161,19271
3,162,19270
3,163,19260
3,164,19290
3,165,19250
3,166,19280
3,167,19270
3,168,19290
3,169,19271
3,170,19300
3,171,19280
3,172,19280
3,173,19250
3,174,19270
3,175,19270
3,176,19310
3,177,19261
3,178,19240
3,179,19290
3,180,19240
3,181,19270
3,182,19260
3,183,19290
3,184,19261
3,185,19270
3,186,19250
3,187,19290
3,188,19260
3,189,19290
3,190,19250
3,191,19260
3,192,19261
3,193,19270
3,194,19270
3,195,19280
3,196,19260
3,197,19290
3,198,19250
3,199,19290
3,200,19261
3,201,19280
3,202,19260
3,203,19280
3,204,19260
3,205,19280
3,206,19260
3,207,19300
3,208,19250
3,209,19270
3,210,19260
3,211,19250
3,212,19260
3,213,19230
3,214,19230
3,215,19251
3,216,19260
3,217,19260
3,218,19250
3,219,19240
3,220,19240
3,221,19250
3,222,19250
3,223,19271
3,224,19250
3,225,19270
3,226,19230
3,227,19260
3,228,19250
3,229,19260
3,230,19260
3,231,19231
3,232,19250
3,233,19250
3,234,19250
3,235,19240
3,236,19230
3,237,19270
3,238,19240
3,239,19261
3,240,19260
3,241,19270
3,242,19270
3,243,19270
3,244,19280
3,245,19240
3,246,19250
3,247,19261
3,248,19270
3,249,19250
3,250,19260
3,251,19270
3,252,19250
3,253,19240
3,254,19260
3,255,19251
3,256,19260
3,257,19270
3,258,20020
3,259,19270
3,260,19270
3,261,19290
3,262,19240
3,263,19271
3,264,19270
3,265,19310
3,266,19260
3,267,19290
3,268,19250
3,269,19270
3,270,19251
3,271,19290
3,272,19250
3,273,19280
3,274,19270
3,275,19260
3,276,19260
3,277,19280
3,278,19261
3,279,19290
3,280,19270
3,281,19290
3,282,19240
3,283,19270
3,284,19240
3,285,19260
3,286,19261
3,287,19280
3,288,19270
3,289,19260
3,290,19260
3,291,19270
3,292,19260
3,293,19271
3,294,19260
3,295,19280
3,296,19250
3,297,19290
3,298,19250
3,299,19270
3,300,19280
3,301,19291
3,302,19260
3,303,19280
3,304,19250
3,305,19260
3,306,19250
3,307,19270
3,308,19250
3,309,20021
3,310,19240
3,311,19250
3,312,19270
3,313,19250
3,314,19250
3,315,19240
3,316,19240
3,317,19260
3,318,19260
3,319,19250
3,320,19260
3,321,19250
3,322,19250
3,323,19250
3,324,19241
3,325,19250
3,326,19260
3,327,19240
3,328,19270
3,329,19260
3,330,19260
3,331,19300
3,332,19261
3,333,19230
3,334,19260
3,335,19270
3,336,19240
3,337,19260
3,338,19260
3,339,19250
3,340,19251
3,341,19260
3,342,19240
3,343,19230
3,344,19230
3,345,19220
3,346,19250
3,347,19251
3,348,19280
3,349,19240
3,350,19250
3,351,19260
3,352,19250
3,353,19260
3,354,19240
3,355,19241
3,356,19250
3,357,19270
3,358,19270
3,359,19260
3,360,20020
3,361,19260
3,362,19270
3,363,19271
3,364,19260
3,365,19280
3,366,19230
3,367,19260
3,368,19240
3,369,19290
3,370,19251
3,371,19260
3,372,19270
3,373,19290
3,374,19260
3,375,19290
3,376,19270
3,377,19290
3,378,19241
3,379,19270
3,380,19250
3,381,19260
3,382,19250
3,383,19260
3,384,19230
3,385,19250
3,386,19241
3,387,19270
3,388,19280
3,389,19240
3,390,19250
3,391,19250
3,392,19250
3,393,19260
3,394,19261
3,395,19250
3,396,19250
3,397,19260
3,398,19250
3,399,19250
3,400,19260
3,401,19261
3,402,19240
3,403,19250
3,404,19250
3,405,19240
3,406,19260
3,407,19240
3,408,19260
3,409,19261
3,410,19250
3,411,27530
3,412,19260
3,413,19240
3,414,19220
3,415,19270
3,416,19261
3,417,19250
3,418,19250
3,419,19260
3,420,19260
3,421,19270
3,422,19230
3,423,19250
3,424,19251
3,425,19260
3,426,19250
3,427,19260
3,428,19270
3,429,19240
3,430,19270
3,431,19250
3,432,19271
3,433,19250
3,434,19240
3,435,19260
3,436,19260
3,437,19270
3,438,19250
3,439,19240
3,440,19261
3,441,19270
3,442,19230
3,443,19260
3,444,19250
3,445,19270
3,446,19260
3,447,19250
3,448,19271
3,449,19250
3,450,19250
3,451,19250
3,452,19270
3,453,19230
3,454,19250
3,455,19240
3,456,19251
3,457,19260
3,458,19260
3,459,19240
3,460,19240
3,461,20050
3,462,19250
3,463,19300
3,464,19261
3,465,19280
3,466,19250
3,467,19300
3,468,19280
3,469,19270
3,470,19240
3,471,19271
3,472,19250
3,473,19260
3,474,19260
3,475,19270
3,476,19250
3,477,19300
3,478,19250
3,479,19281
3,480,19250
3,481,19260
3,482,19250
3,483,19280
3,484,19280
3,485,19270
3,486,19270
3,487,19281
3,488,19260
3,489,19280
3,490,19260
3,491,19270
3,492,19260
3,493,19260
3,494,19261
3,495,19290
3,496,19270
3,497,19270
3,498,19260
3,499,19280
3,500,19250
3,501,19260
3,502,19241
3,503,19280
3,504,19230
3,505,19260
3,506,19250
3,507,19280
3,508,19260
3,509,19270
3,510,19261
3,511,19250
3,512,20060
3,513,19260
3,514,19270
3,515,19220
3,516,19260
3,517,19250
3,518,19291
3,519,19240
3,520,19270
3,521,19260
3,522,19270
3,523,19240
3,524,19280
3,525,19261
3,526,19290
3,527,19260
3,528,19280
3,529,19250
3,530,19280
3,531,19240
3,532,19270
3,533,19261
3,534,19270
3,535,19240
3,536,19270
3,537,19270
3,538,19250
3,539,19250
3,540,19260
3,541,19271
3,542,19260
3,543,19250
3,544,19260
3,545,19230
3,546,19260
3,547,19260
3,548,19241
3,549,19260
3,550,19250
3,551,19240
3,552,19280
3,553,19240
3,554,19240
3,555,19250
3,556,19231
3,557,19270
3,558,19270
3,559,19270
3,560,19250
3,561,19240
3,562,19240
3,563,20040
3,564,19271
3,565,19250
3,566,19280
3,567,19250
3,568,19260
3,569,19240
3,570,19230
3,571,19261
3,572,19260
3,573,19250
3,574,19240
3,575,19240
3,576,19250
3,577,19250
3,578,19240
3,579,19261
3,580,19250
3,581,19250
3,582,19260
3,583,19250
3,584,19240
3,585,19250
3,586,19250
3,587,19231
3,588,19250
3,589,19240
3,590,19270
3,591,19240
3,592,19240
3,593,19250
3,594,19270
3,595,19251
3,596,19250
3,597,19250
3,598,19240
3,599,19230
3,600,19260
3,601,19240
3,602,19241
3,603,19240
3,604,19250
3,605,19240
3,606,19240
3,607,19270
3,608,19250
3,609,19240
3,610,19261
3,611,19270
3,612,19250
3,613,19250
3,614,20000
3,615,19280
3,616,19250
3,617,19270
3,618,19271
3,619,19290
3,620,19260
3,621,19270
3,622,19240
3,623,19280
3,624,19270
3,625,19300
3,626,19311
3,627,19250
3,628,19230
3,629,19250
3,630,19250
3,631,19250
3,632,19240
3,633,19240
3,634,19240
3,635,19260
3,636,19260
3,637,19250
3,638,19260
3,639,19250
3,640,19260
3,641,19251
3,642,19260
3,643,19250
3,644,19250
3,645,19250
3,646,19270
3,647,19270
3,648,19270
3,649,19241
3,650,19240
3,651,19260
3,652,19270
3,653,19240
3,654,19250
3,655,19260
3,656,19240
3,657,19241
3,658,19250
3,659,19250
3,660,19250
3,661,19240
3,662,19250
3,663,19250
3,664,19240
3,665,20041
3,666,19250
3,667,19250
3,668,19260
3,669,19250
3,670,19260
3,671,19250
3,672,19260
3,673,19241
3,674,19250
3,675,19240
3,676,19260
3,677,19260
3,678,19240
3,679,19240
3,680,19241
3,681,19250
3,682,19240
3,683,19260
3,684,19260
3,685,19250
3,686,19270
3,687,19280
3,688,19261
3,689,19250
3,690,19280
3,691,19240
3,692,19270
3,693,19240
3,694,19280
3,695,19250
3,696,19281
3,697,19250
3,698,19250
3,699,19260
3,700,19280
3,701,19260
3,702,19250
3,703,19260
3,704,19231
3,705,19250
3,706,19250
3,707,19260
3,708,19220
3,709,19260
3,710,19270
3,711,19241
3,712,19240
3,713,19250
3,714,19250
3,715,19270
3,716,20020
3,717,19250
3,718,19250
3,719,19231
3,720,19260
3,721,19250
3,722,19250
3,723,19240
3,724,19250
3,725,19240
3,726,19250
3,727,19221
3,728,19240
3,729,19260
3,730,19250
3,731,19250
3,732,19240
3,733,19240
3,734,19251
3,735,19240
3,736,19250
3,737,19250
3,738,19260
3,739,19260
3,740,19280
3,741,19250
3,742,19261
3,743,19270
3,744,19260
3,745,19250
3,746,19250
3,747,19260
3,748,19230
3,749,19260
3,750,19221
3,751,19240
3,752,19280
3,753,19260
3,754,19260
3,755,19240
3,756,19250
3,757,19250
3,758,19251
3,759,19230
3,760,19260
3,761,19240
3,762,19250
3,763,19230
3,764,19250
3,765,19241
3,766,19250
3,767,19260
3,768,19300
3,769,19260
3,770,19270
3,771,19260
3,772,19270
3,773,19251
3,774,19290
3,775,19260
3,776,19280
3,777,19250
3,778,19280
3,779,19260
3,780,19291
3,781,19260
3,782,19280
3,783,19260
3,784,19270
3,785,19290
3,786,19240
3,787,19290
3,788,19261
3,789,19290
3,790,19250
3,791,19280
3,792,19260
3,793,19270
3,794,19240
3,795,19290
3,796,19271
3,797,19290
3,798,19270
3,799,19300
3,800,19270
3,801,19290
3,802,19250
3,803,19260
3,804,19241
3,805,19270
3,806,19230
3,807,19270
3,808,19250
3,809,19290
3,810,19280
3,811,19271
3,812,19260
3,813,19280
3,814,19250
3,815,19280
3,816,19250
3,817,24620
3,818,19290
3,819,19251
3,820,19280
3,821,19270
3,822,19270
3,823,19250
3,824,19280
3,825,19270
3,826,19280
3,827,19281
3,828,19280
3,829,19240
3,830,19270
3,831,19290
3,832,19280
3,833,19230
3,834,19260
3,835,19261
3,836,19260
3,837,19240
3,838,19230
3,839,19250
3,840,19250
3,841,19250
3,842,19231
3,843,19260
3,844,19260
3,845,19260
3,846,19250
3,847,19260
3,848,19250
3,849,19260
3,850,19261
3,851,19260
3,852,19240
3,853,19260
3,854,19260
3,855,19240
3,856,19270
3,857,19270
3,858,19231
3,859,19260
3,860,19260
3,861,19240
3,862,19250
3,863,19250
3,864,19260
3,865,19260
3,866,19241
3,867,19250
3,868,21610
3,869,19240
3,870,19280
3,871,19240
3,872,19270
3,873,19260
3,874,19281
3,875,19260
3,876,19280
3,877,19240
3,878,19260
3,879,19250
3,880,19230
3,881,19271
3,882,19260
3,883,19260
3,884,19250
3,885,19260
3,886,19250
3,887,19250
3,888,19260
3,889,19261
3,890,19250
3,891,19240
3,892,19250
3,893,19240
3,894,19250
3,895,19260
3,896,19250
3,897,19261
3,898,19270
3,899,19260
3,900,19250
3,901,19250
3,902,19260
3,903,19230
3,904,19250
3,905,19251
3,906,19240
3,907,19240
3,908,19270
3,909,19250
3,910,19250
3,911,19250
3,912,19271
3,913,19260
3,914,19250
3,915,19240
3,916,19240
3,917,19270
3,918,19280
3,919,20040
3,920,19251
3,921,19240
3,922,19260
3,923,19250
3,924,19270
3,925,19250
3,926,19260
3,927,19260
3,928,19261
3,929,19270
3,930,19240
3,931,19270
3,932,19240
3,933,19280
3,934,19260
3,935,19291
3,936,19250
3,937,19250
3,938,19280
3,939,19250
3,940,19270
3,941,19250
3,942,19280
3,943,19251
3,944,19270
3,945,19290
3,946,19240
3,947,19280
3,948,19250
3,949,19290
3,950,19250
3,951,19271
3,952,19250
3,953,19280
3,954,19260
3,955,19290
3,956,19260
3,957,19280
3,958,19271
3,959,19260
3,960,19260
3,961,19280
3,962,19240
3,963,19260
3,964,19260
3,965,19270
3,966,19241
3,967,19260
3,968,19260
3,969,19260
3,970,20070
3,971,19250
3,972,19240
3,973,19260
3,974,19241
3,975,19240
3,976,19250
3,977,19260
3,978,19270
3,979,19240
3,980,19250
3,981,19260
3,982,19281
3,983,19240
3,984,19290
3,985,19240
3,986,19280
3,987,19260
3,988,19250
3,989,19260
3,990,19241
3,991,19260
3,992,19250
3,993,19250
3,994,19230
3,995,19240
3,996,19250
3,997,19230
3,998,19251
3,999,19250
4,0,22050
4,1,22070
4,2,22020
4,3,22050
4,4,22030
4,5,22030
4,6,22001
4,7,22040
4,8,22020
4,9,22040
4,10,22050
4,11,22080
4,12,22020
4,13,22051
4,14,22030
4,15,22040
4,16,22860
4,17,22040
4,18,22040
4,19,22020
4,20,21991
4,21,22010
4,22,21990
4,23,22020
4,24,22020
4,25,22030
4,26,22021
4,27,22020
4,28,22030
4,29,22010
4,30,22010
4,31,22040
4,32,22020
4,33,21991
4,34,22010
4,35,22000
4,36,22020
4,37,22050
4,38,22020
4,39,22010
4,40,22041
4,41,22020
4,42,22060
4,43,22030
4,44,22050
4,45,22030
4,46,22030
4,47,22021
4,48,22040
4,49,22030
4,50,22040
4,51,22020
4,52,22050
4,53,22041
4,54,22040
4,55,22030
4,56,22070
4,57,22010
4,58,22040
4,59,22010
4,60,22071
4,61,22790
4,62,22040
4,63,22030
4,64,22050
4,65,22030
4,66,22040
4,67,22011
4,68,22050
4,69,22010
4,70,22050
4,71,22030
4,72,22060
4,73,22030
4,74,22041
4,75,22030
4,76,22040
4,77,22040
4,78,22020
4,79,22010
4,80,22001
4,81,22020
4,82,22020
4,83,22030
4,84,22030
4,85,22020
4,86,22010
4,87,22021
4,88,22050
4,89,22000
4,90,22030
4,91,22020
4,92,22010
4,93,22020
4,94,22021
4,95,22030
4,96,22020
4,97,22020
4,98,22040
4,99,22040
4,100,22030
4,101,22011
4,102,22030
4,103,22000
4,104,22000
4,105,22790
4,106,22040
4,107,22031
4,108,22040
4,109,22020
4,110,22060
4,111,22020
4,112,22030
4,113,22030
4,114,22041
4,115,22030
4,116,22040
4,117,22030
4,118,22040
4,119,22020
4,120,22030
4,121,22021
4,122,22070
4,123,22040
4,124,22040
4,125,22030
4,126,22040
4,127,22020
4,128,22061
4,129,22030
4,130,22070
4,131,22020
4,132,22030
4,133,22020
4,134,22041
4,135,22010
4,136,22040
4,137,22030
4,138,22050
4,139,22020
4,140,22040
4,141,22011
4,142,22040
4,143,22010
4,144,22060
4,145,22020
4,146,22030
4,147,22020
4,148,22051
4,149,22020
4,150,22800
4,151,22030
4,152,22000
4,153,22040
4,154,22010
4,155,22021
4,156,22030
4,157,22030
4,158,22030
4,159,22020
4,160,22010
4,161,22040
4,162,22021
4,163,22020
4,164,22020
4,165,22040
4,166,22000
4,167,22020
4,168,22020
4,169,22031
4,170,22020
4,171,22040
4,172,22020
4,173,22000
4,174,22030
4,175,22021
4,176,22020
4,177,22020
4,178,22020
4,179,22020
4,180,22020
4,181,22030
4,182,22051
4,183,22030
4,184,22020
4,185,22020
4,186,22010
4,187,22010
4,188,22020
4,189,22031
4,190,22010
4,191,22020
4,192,22020
4,193,22010
4,194,22020
4,195,22780
4,196,22021
4,197,22010
4,198,22020
4,199,22000
4,200,22010
4,201,22020
4,202,22000
4,203,22051
4,204,21990
4,205,22020
4,206,22010
4,207,22020
4,208,22020
4,209,22010
4,210,22041
4,211,22010
4,212,22030
4,213,22020
4,214,22030
4,215,22030
4,216,22031
4,217,22030
4,218,22040
4,219,22030
4,220,22030
4,221,22000
4,222,22020
4,223,22011
4,224,22020
4,225,22010
4,226,22010
4,227,22020
4,228,22030
4,229,22010
4,230,22041
4,231,22030
4,232,22030
4,233,22030
4,234,22050
4,235,22030
4,236,22050
4,237,22021
4,238,22040
4,239,22790
4,240,22010
4,241,22060
4,242,22010
4,243,22031
4,244,22020
4,245,22060
4,246,22020
4,247,22050
4,248,22030
4,249,22040
4,250,22021
4,251,22060
4,252,22030
4,253,22040
4,254,22050
4,255,22020
4,256,22060
4,257,22051
4,258,22040
4,259,22030
4,260,22040
4,261,22010
4,262,22060
4,263,22010
4,264,22051
4,265,22000
4,266,22030
4,267,22000
4,268,22050
4,269,22020
4,270,22071
4,271,22020
4,272,22050
4,273,22020
4,274,22060
4,275,22030
4,276,22040
4,277,22031
4,278,22050
4,279,22010
4,280,22080
4,281,22000
4,282,22020
4,283,22030
4,284,22791
4,285,22010
4,286,22060
4,287,22030
4,288,22050
4,289,22030
4,290,22040
4,291,22021
4,292,22080
4,293,22010
4,294,22020
4,295,22010
4,296,22030
4,297,22010
4,298,22051
4,299,22030
4,300,22040
4,301,22030
4,302,22050
4,303,22040
4,304,22060
4,305,22030
4,306,22030
4,307,22020
4,308,22050
4,309,22000
4,310,22041
4,311,22020
4,312,22030
4,313,22010
4,314,22010
4,315,22020
4,316,22030
4,317,22021
4,318,22020
4,319,22020
4,320,22030
4,321,22000
4,322,22010
4,323,22010
4,324,22011
4,325,22010
4,326,22030
4,327,22890
4,328,21980
4,329,22050
4,330,22030
4,331,22011
4,332,22050
4,333,22030
4,334,22050
4,335,22020
4,336,22050
4,337,22001
4,338,22050
4,339,22020
4,340,22030
4,341,22030
4,342,22060
4,343,22020
4,344,22051
4,345,22030
4,346,22050
4,347,22020
4,348,22060
4,349,22030
4,350,22050
4,351,22021
4,352,22050
4,353,22030
4,354,22070
4,355,22020
4,356,22040
4,357,22020
4,358,22081
4,359,22030
4,360,22040
4,361,22030
4,362,22030
4,363,22010
4,364,22041
4,365,22040
4,366,22070
4,367,22030
4,368,22060
4,369,22030
4,370,22050
4,371,22811
4,372,22020
4,373,22020
4,374,22050
4,375,22050
4,376,22020
4,377,22040
4,378,22031
4,379,22050
4,380,22030
4,381,22030
4,382,22030
4,383,22030
4,384,22030
4,385,22041
4,386,22050
4,387,22020
4,388,22050
4,389,22020
4,390,22020
4,391,22031
4,392,22020
4,393,22000
4,394,22030
4,395,21990
4,396,22050
4,397,22020
4,398,22021
4,399,22030
4,400,22020
4,401,22010
4,402,22010
4,403,22010
4,404,22000
4,405,22001
4,406,22040
4,407,22030
4,408,22020
4,409,22040
4,410,22020
4,411,21990
4,412,22031
4,413,22040
4,414,22020
4,415,22030
4,416,22810
4,417,22040
4,418,22021
4,419,22030
4,420,22000
4,421,22010
4,422,22050
4,423,22020
4,424,22040
4,425,22041
4,426,22010
4,427,22040
4,428,22030
4,429,22030
4,430,22020
4,431,22040
4,432,22001
4,433,22010
4,434,22030
4,435,22030
4,436,22020
4,437,22020
4,438,22040
4,439,21991
4,440,22040
4,441,22020
4,442,22020
4,443,22040
4,444,22020
4,445,22031
4,446,22030
4,447,22010
4,448,22020
4,449,22020
4,450,22020
4,451,22020
4,452,22031
4,453,22010
4,454,22040
4,455,22020
4,456,22040
4,457,22030
4,458,22040
4,459,22011
4,460,22820
4,461,22050
4,462,22030
4,463,22010
4,464,22010
4,465,22030
4,466,22041
4,467,22010
4,468,22010
4,469,22000
4,470,22030
4,471,22030
4,472,22030
4,473,22011
4,474,22010
4,475,22030
4,476,22030
4,477,22000
4,478,22030
4,479,22040
4,480,22011
4,481,22010
4,482,22010
4,483,22010
4,484,22010
4,485,22030
4,486,22021
4,487,22030
4,488,22000
4,489,22030
4,490,22020
4,491,22020
4,492,22020
4,493,22011
4,494,22050
4,495,22020
4,496,22030
4,497,22000
4,498,22030
4,499,22010
4,500,22021
4,501,22020
4,502,22020
4,503,22020
4,504,22040
4,505,22800
4,506,22040
4,507,22021
4,508,22040
4,509,22000
4,510,22050
4,511,22030
4,512,22030
4,513,22030
4,514,22021
4,515,22040
4,516,22030
4,517,22020
4,518,22000
4,519,22010
4,520,22040
4,521,22021
4,522,22020
4,523,22000
4,524,22020
4,525,22010
4,526,22020
4,527,22021
4,528,22010
4,529,22030
4,530,22010
4,531,22040
4,532,22030
4,533,22080
4,534,22001
4,535,22070
4,536,22020
4,537,22020
4,538,22040
4,539,22030
4,540,22010
4,541,22041
4,542,22020
4,543,22060
4,544,22020
4,545,22060
4,546,22030
4,547,22050
4,548,22021
4,549,22060
4,550,22810
4,551,22020
4,552,22040
4,553,22010
4,554,22051
4,555,22040
4,556,22020
4,557,22020
4,558,22010
4,559,22030
4,560,22030
4,561,22021
4,562,22040
4,563,22020
4,564,22020
4,565,22030
4,566,21990
4,567,22020
4,568,22001
4,569,22020
4,570,22020
4,571,22020
4,572,22010
4,573,22000
4,574,22020
4,575,22021
4,576,22020
4,577,22020
4,578,22040
4,579,22020
4,580,22030
4,581,22041
4,582,22020
4,583,22020
4,584,22020
4,585,21990
4,586,22010
4,587,22000
4,588,22011
4,589,22020
4,590,22000
4,591,22020
4,592,22010
4,593,22040
4,594,22810
4,595,22031
4,596,22010
4,597,22020
4,598,22030
4,599,22030
4,600,22020
4,601,22010
4,602,22021
4,603,22010
4,604,22020
4,605,22030
4,606,22010
4,607,22040
4,608,22041
4,609,22020
4,610,22050
4,611,22020
4,612,22030
4,613,22010
4,614,22040
4,615,22021
4,616,22060
4,617,22030
4,618,22070
4,619,22020
4,620,22050
4,621,22020
4,622,22061
4,623,22010
4,624,22060
4,625,22040
4,626,22060
4,627,22030
4,628,22050
4,629,22031
4,630,22040
4,631,22020
4,632,22050
4,633,22060
4,634,22040
4,635,22071
4,636,22020
4,637,22070
4,638,22020
4,639,22800
4,640,22020
4,641,22020
4,642,22021
4,643,22010
4,644,22020
4,645,22020
4,646,22010
4,647,22020
4,648,22020
4,649,22041
4,650,22040
4,651,22030
4,652,22000
4,653,22030
4,654,22010
4,655,22030
4,656,22031
4,657,22040
4,658,22030
4,659,22000
4,660,22020
4,661,22040
4,662,22010
4,663,22051
4,664,22030
4,665,22010
4,666,22000
4,667,22020
4,668,22040
4,669,22030
4,670,22031
4,671,22030
4,672,22030
4,673,22020
4,674,22040
4,675,22030
4,676,22010
4,677,22021
4,678,22030
4,679,22020
4,680,22010
4,681,22060
4,682,22060
4,683,22840
4,684,22051
4,685,22020
4,686,22030
4,687,22030
4,688,22010
4,689,22050
4,690,22001
4,691,22050
4,692,22040
4,693,22050
4,694,22010
4,695,22050
4,696,22010
4,697,22041
4,698,22030
4,699,22040
4,700,22030
4,701,22040
4,702,22000
4,703,22050
4,704,22021
4,705,22050
4,706,22020
4,707,22040
4,708,22010
4,709,22020
4,710,22040
4,711,22011
4,712,22050
4,713,22020
4,714,22050
4,715,22010
4,716,22050
4,717,22020
4,718,22041
4,719,22020
4,720,22050
4,721,22000
4,722,22060
4,723,22020
4,724,22061
4,725,22010
4,726,22060
4,727,22030
4,728,22810
4,729,22040
4,730,22020
4,731,22011
4,732,22020
4,733,22030
4,734,22030
4,735,22030
4,736,22040
4,737,22030
4,738,22031
4,739,22010
4,740,22080
4,741,22030
4,742,22030
4,743,22020
4,744,22020
4,745,22031
4,746,22010
4,747,22040
4,748,22020
4,749,22000
4,750,22060
4,751,22041
4,752,22030
4,753,22000
4,754,22040
4,755,22030
4,756,22030
4,757,22020
4,758,22061
4,759,22030
4,760,22070
4,761,22040
4,762,22040
4,763,22040
4,764,22050
4,765,22071
4,766,22040
4,767,22070
4,768,22010
4,769,22040
4,770,22030
4,771,22060
4,772,22011
4,773,22750
4,774,22020
4,775,22010
4,776,22030
4,777,22020
4,778,22031
4,779,22000
4,780,22030
4,781,22030
4,782,22030
4,783,22020
4,784,22060
4,785,22021
4,786,22010
4,787,22030
4,788,22040
4,789,22020
4,790,22020
4,791,22010
4,792,22031
4,793,22040
4,794,22030
4,795,22030
4,796,22050
4,797,22020
4,798,22030
4,799,22031
4,800,22020
4,801,22020
4,802,22010
4,803,22020
4,804,22020
4,805,22031
4,806,22020
4,807,22040
4,808,22000
4,809,22040
4,810,22020
4,811,22000
4,812,22011
4,813,22050
4,814,22020
4,815,22020
4,816,22010
4,817,22810
4,818,22040
4,819,22011
4,820,22050
4,821,22020
4,822,22020
4,823,22010
4,824,22050
4,825,22010
4,826,22051
4,827,22020
4,828,22060
4,829,22020
4,830,22060
4,831,22020
4,832,22040
4,833,21991
4,834,22050
4,835,22020
4,836,22010
4,837,22040
4,838,22020
4,839,22061
4,840,22010
4,841,22070
4,842,22020
4,843,22050
4,844,22030
4,845,22050
4,846,22021
4,847,22060
4,848,22010
4,849,22050
4,850,22010
4,851,22030
4,852,22040
4,853,22061
4,854,22030
4,855,22040
4,856,22030
4,857,22030
4,858,22040
4,859,22040
4,860,22031
4,861,22000
4,862,22770
4,863,22030
4,864,22020
4,865,22050
4,866,22010
4,867,22041
4,868,22020
4,869,22060
4,870,22010
4,871,22040
4,872,22020
4,873,22040
4,874,22041
4,875,22070
4,876,22000
4,877,22040
4,878,22000
4,879,22060
4,880,22031
4,881,22040
4,882,22010
4,883,22040
4,884,22030
4,885,22040
4,886,22000
4,887,22041
4,888,22020
4,889,22060
4,890,22010
4,891,22050
4,892,22020
4,893,22050
4,894,22021
4,895,22050
4,896,22020
4,897,22010
4,898,22050
4,899,22040
4,900,22020
4,901,22041
4,902,22010
4,903,22060
4,904,22010
4,905,22050
4,906,22800
4,907,22031
4,908,22040
4,909,22010
4,910,22030
4,911,22050
4,912,22070
4,913,22030
4,914,22061
4,915,22010
4,916,22030
4,917,22020
4,918,22050
4,919,22020
4,920,22070
4,921,22021
4,922,22060
4,923,22020
4,924,22030
4,925,22020
4,926,22060
4,927,22020
4,928,22051
4,929,22030
4,930,22040
4,931,22030
4,932,22050
4,933,22010
4,934,22060
4,935,22040
4,936,22050
4,937,22070
4,938,22030
4,939,22070
4,940,22030
4,941,22071
4,942,22030
4,943,22040
4,944,22030
4,945,22040
4,946,22020
4,947,22040
4,948,22001
4,949,22050
4,950,22020
4,951,22830
4,952,22060
4,953,22020
4,954,22040
4,955,22021
4,956,22070
4,957,22000
4,958,22050
4,959,22030
4,960,22050
4,961,22020
4,962,22041
4,963,22020
4,964,22060
4,965,22030
4,966,22050
4,967,22030
4,968,22070
4,969,22011
4,970,22080
4,971,22030
4,972,22060
4,973,22020
4,974,22060
4,975,22050
4,976,22051
4,977,22050
4,978,22070
4,979,22020
4,980,22100
4,981,22010
4,982,22060
4,983,22020
4,984,22060
4,985,22040
4,986,22030
4,987,22020
4,988,22030
4,989,22031
4,990,22020
4,991,22010
4,992,22010
4,993,22030
4,994,22020
4,995,22770
4,996,22011
4,997,22040
4,998,22030
4,999,22060
5,0,24730
5,1,24740
5,2,24750
5,3,24780
5,4,24761
5,5,24770
5,6,24760
5,7,24760
5,8,24750
5,9,24780
5,10,24751
5,11,24800
5,12,24750
5,13,24730
5,14,24770
5,15,24720
5,16,24781
5,17,24770
5,18,24800
5,19,25570
5,20,24740
5,21,24730
5,22,24741
5,23,24750
5,24,24750
5,25,24730
5,26,24730
5,27,24760
5,28,24761
5,29,24740
5,30,24750
5,31,24760
5,32,24770
5,33,24750
5,34,24751
5,35,24750
5,36,24760
5,37,24730
5,38,24740
5,39,24730
5,40,24730
5,41,24731
5,42,24750
5,43,24740
5,44,24770
5,45,24780
5,46,24750
5,47,24771
5,48,24760
5,49,24730
5,50,24750
5,51,24730
5,52,24760
5,53,24751
5,54,24740
5,55,24750
5,56,24750
5,57,24760
5,58,24750
5,59,25511
5,60,24730
5,61,24810
5,62,24740
5,63,24740
5,64,24810
5,65,24751
5,66,24780
5,67,24760
5,68,24750
5,69,24790
5,70,24750
5,71,24791
5,72,24770
5,73,24770
5,74,24780
5,75,24780
5,76,24760
5,77,24751
5,78,24740
5,79,24740
5,80,24760
5,81,24750
5,82,24730
5,83,24731
5,84,24750
5,85,24730
5,86,24750
5,87,24720
5,88,24750
5,89,24761
5,90,24750
5,91,24750
5,92,24740
5,93,24780
5,94,24740
5,95,24741
5,96,24740
5,97,24740
5,98,24740
5,99,25600
5,100,24750
5,101,24771
5,102,24760
5,103,24780
5,104,24760
5,105,24800
5,106,24700
5,107,24751
5,108,24740
5,109,24780
5,110,24770
5,111,24790
5,112,24750
5,113,24781
5,114,24760
5,115,24760
5,116,24760
5,117,24790
5,118,24750
5,119,24791
5,120,24740
5,121,24770
5,122,24730
5,123,24770
5,124,24760
5,125,24741
5,126,24770
5,127,24730
5,128,24740
5,129,24750
5,130,24720
5,131,24741
5,132,24750
5,133,24760
5,134,24740
5,135,24750
5,136,24730
5,137,24751
5,138,25510
5,139,24740
5,140,24770
5,141,24740
5,142,24780
5,143,24731
5,144,24790
5,145,24740
5,146,24790
5,147,24770
5,148,24760
5,149,24731
5,150,24750
5,151,24740
5,152,24810
5,153,24740
5,154,24720
5,155,24761
5,156,24750
5,157,24760
5,158,24740
5,159,24750
5,160,24740
5,161,24741
5,162,24760
5,163,24730
5,164,24740
5,165,24750
5,166,24750
5,167,24731
5,168,24720
5,169,24720
5,170,24760
5,171,24760
5,172,24740
5,173,24741
5,174,24770
5,175,24750
5,176,24750
5,177,24750
5,178,25520
5,179,24761
5,180,24740
5,181,24730
5,182,24770
5,183,24760
5,184,24740
5,185,24730
5,186,24761
5,187,24740
5,188,24750
5,189,24730
5,190,24750
5,191,24730
5,192,24731
5,193,24740
5,194,24750
5,195,24730
5,196,24720
5,197,24710
5,198,24751
5,199,24740
5,200,24740
5,201,24760
5,202,24760
5,203,24720
5,204,24731
5,205,24740
5,206,24760
5,207,24740
5,208,24750
5,209,24750
5,210,24741
5,211,24740
5,212,24720
5,213,24720
5,214,24740
5,215,24740
5,216,24740
5,217,24761
5,218,25520
5,219,24760
5,220,24750
5,221,24750
5,222,24760
5,223,24761
5,224,24770
5,225,24750
5,226,24760
5,227,24750
5,228,24750
5,229,24751
5,230,24740
5,231,24760
5,232,24750
5,233,24770
5,234,24730
5,235,24771
5,236,24760
5,237,24760
5,238,24770
5,239,24760
5,240,24760
5,241,24761
5,242,24820
5,243,24750
5,244,24770
5,245,24730
5,246,24780
5,247,24751
5,248,24800
5,249,24760
5,250,24760
5,251,24750
5,252,24750
5,253,24741
5,254,24790
5,255,24760
5,256,24770
5,257,24740
5,258,25580
5,259,24751
5,260,24770
5,261,24740
5,262,24780
5,263,24730
5,264,24770
5,265,24741
5,266,24780
5,267,24760
5,268,24770
5,269,24770
5,270,24770
5,271,24761
5,272,24800
5,273,24750
5,274,24800
5,275,24750
5,276,24800
5,277,24781
5,278,24780
5,279,24770
5,280,24790
5,281,24770
5,282,24790
5,283,24751
5,284,24780
5,285,24750
5,286,24800
5,287,24760
5,288,24780
5,289,24761
5,290,24780
5,291,24780
5,292,24760
5,293,24800
5,294,24740
5,295,24811
5,296,24730
5,297,24810
5,298,25560
5,299,24770
5,300,24790
5,301,24761
5,302,24800
5,303,24780
5,304,24790
5,305,24780
5,306,24750
5,307,24751
5,308,24750
5,309,24730
5,310,24760
5,311,24750
5,312,24740
5,313,24751
5,314,24750
5,315,24720
5,316,24760
5,317,24760
5,318,24780
5,319,24761
5,320,24750
5,321,24740
5,322,24770
5,323,24750
5,324,24730
5,325,24741
5,326,24750
5,327,24740
5,328,24800
5,329,24750
5,330,24740
5,331,24751
5,332,24770
5,333,24740
5,334,24740
5,335,24760
5,336,24750
5,337,25561
5,338,24750
5,339,24750
5,340,24760
5,341,24740
5,342,24760
5,343,24751
5,344,24760
5,345,24730
5,346,24760
5,347,24740
5,348,24740
5,349,24761
5,350,24760
5,351,24730
5,352,24750
5,353,24750
5,354,24750
5,355,24721
5,356,24750
5,357,24740
5,358,24730
5,359,24730
5,360,24730
5,361,24730
5,362,24751
5,363,24740
5,364,24750
5,365,24740
5,366,24750
5,367,24740
5,368,24741
5,369,24730
5,370,24730
5,371,24740
5,372,24750
5,373,24740
5,374,24751
5,375,24750
5,376,24770
5,377,25520
5,378,24790
5,379,24750
5,380,24781
5,381,24780
5,382,24750
5,383,24760
5,384,24720
5,385,24790
5,386,24761
5,387,24790
5,388,24720
5,389,24790
5,390,24740
5,391,24780
5,392,24761
5,393,24780
5,394,24760
5,395,24790
5,396,24740
5,397,24760
5,398,24751
5,399,24770
5,400,24740
5,401,24780
5,402,24740
5,403,24760
5,404,24751
5,405,24810
5,406,24770
5,407,24780
5,408,24750
5,409,24770
5,410,24751
5,411,24780
5,412,24780
5,413,24730
5,414,24770
5,415,24750
5,416,24771
5,417,25450
5,418,24750
5,419,24770
5,420,24750
5,421,24740
5,422,24741
5,423,24760
5,424,24750
5,425,24740
5,426,24750
5,427,24770
5,428,24771
5,429,24730
5,430,24770
5,431,24750
5,432,24750
5,433,24760
5,434,24741
5,435,24780
5,436,24740
5,437,24760
5,438,24750
5,439,24740
5,440,24721
5,441,24760
5,442,24750
5,443,24760
5,444,24740
5,445,24740
5,446,24741
5,447,24750
5,448,24760
5,449,24760
5,450,24750
5,451,24760
5,452,24751
5,453,24750
5,454,24740
5,455,24740
5,456,24750
5,457,25560
5,458,24781
5,459,24770
5,460,24740
5,461,24770
5,462,24740
5,463,24770
5,464,24741
5,465,24780
5,466,24760
5,467,24790
5,468,24720
5,469,24790
5,470,24750
5,471,24791
5,472,24760
5,473,24780
5,474,24760
5,475,24780
5,476,24770
5,477,24781
5,478,24750
5,479,24780
5,480,24770
5,481,24770
5,482,24760
5,483,24791
5,484,24750
5,485,24810
5,486,24750
5,487,24790
5,488,24770
5,489,24791
5,490,24740
5,491,24780
5,492,24760
5,493,24780
5,494,24740
5,495,24781
5,496,25510
5,497,24740
5,498,24730
5,499,24740
5,500,24750
5,501,24751
5,502,24750
5,503,24790
5,504,24750
5,505,24720
5,506,24750
5,507,24741
5,508,24750
5,509,24740
5,510,24750
5,511,24760
5,512,24750
5,513,24751
5,514,24760
5,515,24750
5,516,24750
5,517,24780
5,518,24760
5,519,24761
5,520,24740
5,521,24750
5,522,24750
5,523,24760
5,524,24740
5,525,24741
5,526,24740
5,527,24760
5,528,24750
5,529,24730
5,530,24750
5,531,24741
5,532,24740
5,533,24780
5,534,24740
5,535,24780
5,536,25550
5,537,24741
5,538,24760
5,539,24750
5,540,24750
5,541,24760
5,542,24730
5,543,24751
5,544,24740
5,545,24740
5,546,24750
5,547,24740
5,548,24720
5,549,24741
5,550,24750
5,551,24740
5,552,24780
5,553,24740
5,554,24760
5,555,24730
5,556,24740
5,557,24750
5,558,24760
5,559,24770
5,560,24760
5,561,24740
5,562,24751
5,563,24780
5,564,24750
5,565,24750
5,566,24730
5,567,24710
5,568,24751
5,569,24760
5,570,24770
5,571,24760
5,572,24760
5,573,24740
5,574,24741
5,575,24740
5,576,25520
5,577,24750
5,578,24740
5,579,24750
5,580,24741
5,581,24750
5,582,24740
5,583,24720
5,584,24760
5,585,24740
5,586,24761
5,587,24750
5,588,24740
5,589,24730
5,590,24740
5,591,24770
5,592,24741
5,593,24750
5,594,24760
5,595,24760
5,596,24750
5,597,24770
5,598,24771
5,599,24720
5,600,24730
5,601,24740
5,602,24750
5,603,24770
5,604,24761
5,605,24740
5,606,24760
5,607,24750
5,608,24740
5,609,24780
5,610,24761
5,611,24780
5,612,24740
5,613,24800
5,614,24740
5,615,24790
5,616,25511
5,617,24720
5,618,24740
5,619,24750
5,620,24770
5,621,24750
5,622,24751
5,623,24730
5,624,24740
5,625,24780
5,626,24740
5,627,24730
5,628,24741
5,629,24740
5,630,24760
5,631,24790
5,632,24740
5,633,24760
5,634,24761
5,635,24770
5,636,24750
5,637,24730
5,638,24760
5,639,24740
5,640,24761
5,641,24740
5,642,24760
5,643,24740
5,644,24770
5,645,24760
5,646,24760
5,647,24761
5,648,24750
5,649,24730
5,650,24740
5,651,24770
5,652,24770
5,653,24741
5,654,24740
5,655,25500
5,656,24770
5,657,24760
5,658,24750
5,659,24751
5,660,24740
5,661,24770
5,662,24760
5,663,24740
5,664,24750
5,665,24741
5,666,24770
5,667,24760
5,668,24750
5,669,24760
5,670,24770
5,671,24751
5,672,24760
5,673,24750
5,674,24750
5,675,24740
5,676,24750
5,677,24741
5,678,24750
5,679,24750
5,680,24750
5,681,24760
5,682,24780
5,683,24761
5,684,24780
5,685,24760
5,686,24750
5,687,24760
5,688,24730
5,689,24721
5,690,24730
5,691,24730
5,692,24730
5,693,24750
5,694,24740
5,695,25571
5,696,24730
5,697,24750
5,698,24740
5,699,24730
5,700,24760
5,701,24751
5,702,24750
5,703,24740
5,704,24760
5,705,24750
5,706,24720
5,707,24761
5,708,24730
5,709,24770
5,710,24750
5,711,24760
5,712,24750
5,713,24731
5,714,24750
5,715,24750
5,716,24750
5,717,24800
5,718,24720
5,719,24791
5,720,24740
5,721,24770
5,722,24750
5,723,24780
5,724,24740
5,725,24771
5,726,24750
5,727,24770
5,728,24760
5,729,24760
5,730,24750
5,731,24801
5,732,24740
5,733,24810
5,734,24730
5,735,25550
5,736,24740
5,737,24791
5,738,24740
5,739,24770
5,740,24760
5,741,24780
5,742,24760
5,743,24791
5,744,24750
5,745,24760
5,746,24760
5,747,24750
5,748,24790
5,749,24741
5,750,24800
5,751,24770
5,752,24780
5,753,24780
5,754,24740
5,755,24801
5,756,24720
5,757,24770
5,758,24720
5,759,24770
5,760,24760
5,761,24751
5,762,24760
5,763,24760
5,764,24740
5,765,24730
5,766,24730
5,767,24721
5,768,24730
5,769,24760
5,770,24760
5,771,24770
5,772,24750
5,773,24751
5,774,24740
5,775,25550
5,776,24770
5,777,24780
5,778,24750
5,779,24781
5,780,24760
5,781,24770
5,782,24750
5,783,24810
5,784,24780
5,785,24791
5,786,24750
5,787,24760
5,788,24760
5,789,24750
5,790,24750
5,791,24790
5,792,24731
5,793,24770
5,794,24740
5,795,24770
5,796,24730
5,797,24790
5,798,24761
5,799,24790
5,800,24770
5,801,24780
5,802,24750
5,803,24770
5,804,24751
5,805,24770
5,806,24780
5,807,24780
5,808,24740
5,809,24780
5,810,24761
5,811,24790
5,812,24730
5,813,24800
5,814,25530
5,815,24730
5,816,24761
5,817,24750
5,818,24760
5,819,24750
5,820,24740
5,821,24770
5,822,24761
5,823,24740
5,824,24730
5,825,24750
5,826,24760
5,827,24750
5,828,24741
5,829,24750
5,830,24750
5,831,24760
5,832,24750
5,833,24760
5,834,24771
5,835,24780
5,836,24800
5,837,24760
5,838,24790
5,839,24740
5,840,24801
5,841,24750
5,842,24770
5,843,24740
5,844,24800
5,845,24770
5,846,24791
5,847,24750
5,848,24800
5,849,24770
5,850,24780
5,851,24760
5,852,24771
5,853,24750
5,854,25550
5,855,24790
5,856,24710
5,857,24780
5,858,24731
5,859,24770
5,860,24750
5,861,24780
5,862,24740
5,863,24770
5,864,24751
5,865,24800
5,866,24770
5,867,24790
5,868,24760
5,869,24780
5,870,24761
5,871,24770
5,872,24760
5,873,24770
5,874,24760
5,875,24800
5,876,24731
5,877,24770
5,878,24750
5,879,24800
5,880,24740
5,881,24770
5,882,24771
5,883,24790
5,884,24740
5,885,24800
5,886,24740
5,887,24780
5,888,24751
5,889,24780
5,890,24750
5,891,24770
5,892,24750
5,893,24770
5,894,25531
5,895,24750
5,896,24740
5,897,24750
5,898,24720
5,899,24720
5,900,24771
5,901,24730
5,902,24740
5,903,24760
5,904,24750
5,905,24760
5,906,24760
5,907,24750
5,908,24740
5,909,24740
5,910,24740
5,911,24730
5,912,24780
5,913,24750
5,914,24780
5,915,24760
5,916,24760
5,917,24750
5,918,24790
5,919,24771
5,920,24800
5,921,24730
5,922,24780
5,923,24720
5,924,24780
5,925,24771
5,926,24770
5,927,24740
5,928,24790
5,929,24720
5,930,24770
5,931,24741
5,932,24760
5,933,24760
5,934,25550
5,935,24740
5,936,24760
5,937,24741
5,938,24750
5,939,24730
5,940,24740
5,941,24760
5,942,24730
5,943,24761
5,944,24740
5,945,24740
5,946,24760
5,947,24750
5,948,24740
5,949,24751
5,950,24750
5,951,24740
5,952,24760
5,953,24750
5,954,24740
5,955,24761
5,956,24740
5,957,24750
5,958,24740
5,959,24750
5,960,24740
5,961,24761
5,962,24740
5,963,24700
5,964,24750
5,965,24760
5,966,24750
5,967,24780
5,968,24751
5,969,24760
5,970,24760
5,971,24750
5,972,24750
5,973,25510
5,974,24791
5,975,24730
5,976,24790
5,977,24750
5,978,24770
5,979,24740
5,980,24791
5,981,24750
5,982,24780
5,983,24740
5,984,24770
5,985,24750
5,986,24781
5,987,24780
5,988,24830
5,989,24730
5,990,24760
5,991,24730
5,992,24781
5,993,24770
5,994,24760
5,995,24760
5,996,24790
5,997,24720
5,998,24781
5,999,24740
6,0,38630
6,1,38681
6,2,38700
6,3,38720
6,4,38740
6,5,38731
6,6,38720
6,7,39640
6,8,38760
6,9,38711
6,10,38720
6,11,38720
6,12,38741
6,13,38680
6,14,38720
6,15,38740
6,16,38711
6,17,38700
6,18,38740
6,19,38760
6,20,38731
6,21,38720
6,22,38730
6,23,38710
6,24,38741
6,25,38760
6,26,38720
6,27,38760
6,28,38741
6,29,38700
6,30,38740
6,31,38690
6,32,39461
6,33,38690
6,34,38700
6,35,38720
6,36,38761
6,37,38710
6,38,38720
6,39,38750
6,40,38711
6,41,38690
6,42,38700
6,43,38721
6,44,38690
6,45,38700
6,46,38720
6,47,38731
6,48,38720
6,49,38760
6,50,38710
6,51,38731
6,52,38710
6,53,38720
6,54,38710
6,55,38701
6,56,38730
6,57,38700
6,58,39450
6,59,38731
6,60,38720
6,61,38690
6,62,38710
6,63,38711
6,64,38720
6,65,38680
6,66,38710
6,67,38701
6,68,38690
6,69,38690
6,70,38740
6,71,38740
6,72,38730
6,73,38720
6,74,38741
6,75,38710
6,76,38730
6,77,38710
6,78,38721
6,79,38710
6,80,38730
6,81,38700
6,82,38711
6,83,38710
6,84,39570
6,85,38710
6,86,38741
6,87,38740
6,88,38740
6,89,38750
6,90,38761
6,91,38760
6,92,38740
6,93,38750
6,94,38731
6,95,38710
6,96,38740
6,97,38730
6,98,38701
6,99,38720
6,100,38740
6,101,38710
6,102,38681
6,103,38730
6,104,38680
6,105,38730
6,106,38741
6,107,38750
6,108,38720
6,109,39470
6,110,38751
6,111,38780
6,112,38740
6,113,38710
6,114,38711
6,115,38710
6,116,38730
6,117,38701
6,118,38710
6,119,38700
6,120,38680
6,121,38731
6,122,38740
6,123,38730
6,124,38760
6,125,38711
6,126,38700
6,127,38680
6,128,38690
6,129,38721
6,130,38690
6,131,38730
6,132,38680
6,133,38671
6,134,38700
6,135,39510
6,136,38720
6,137,38721
6,138,38730
6,139,38720
6,140,38700
6,141,38731
6,142,38760
6,143,38730
6,144,38740
6,145,38701
6,146,38680
6,147,38740
6,148,38701
6,149,38750
6,150,38710
6,151,38750
6,152,38761
6,153,38740
6,154,38700
6,155,38730
6,156,38721
6,157,38720
6,158,38720
6,159,38720
6,160,39501
6,161,38720
6,162,38750
6,163,38740
6,164,38721
6,165,38720
6,166,38730
6,167,38690
6,168,38731
6,169,38710
6,170,38710
6,171,38700
6,172,38711
6,173,38720
6,174,38710
6,175,38730
6,176,38750
6,177,38710
6,178,38720
6,179,38731
6,180,38730
6,181,38710
6,182,38690
6,183,38721
6,184,38720
6,185,38730
6,186,39490
6,187,38741
6,188,38720
6,189,38730
6,190,38690
6,191,38731
6,192,38730
6,193,38730
6,194,38690
6,195,38741
6,196,38720
6,197,38670
6,198,38710
6,199,38761
6,200,38750
6,201,38710
6,202,38740
6,203,38691
6,204,38720
6,205,38710
6,206,38750
6,207,38751
6,208,38730
6,209,38710
6,210,38750
6,211,39501
6,212,38750
6,213,38700
6,214,38730
6,215,38711
6,216,38690
6,217,38700
6,218,38710
6,219,38701
6,220,38710
6,221,38760
6,222,38710
6,223,38771
6,224,38720
6,225,38730
6,226,38771
6,227,38730
6,228,38710
6,229,38730
6,230,38741
6,231,38750
6,232,38740
6,233,38750
6,234,38731
6,235,38730
6,236,38710
6,237,39550
6,238,38731
6,239,38700
6,240,38730
6,241,38710
6,242,38731
6,243,38710
6,244,38680
6,245,38710
6,246,38701
6,247,38710
6,248,38750
6,249,38750
6,250,38761
6,251,38690
6,252,38750
6,253,38741
6,254,38760
6,255,38720
6,256,38730
6,257,38751
6,258,38740
6,259,38710
6,260,38690
6,261,38721
6,262,39530
6,263,38740
6,264,38740
6,265,38741
6,266,38730
6,267,38710
6,268,38740
6,269,38721
6,270,38730
6,271,38700
6,272,38710
6,273,38741
6,274,38730
6,275,38710
6,276,38720
6,277,38721
6,278,38730
6,279,38710
6,280,38680
6,281,38731
6,282,38700
6,283,38750
6,284,38730
6,285,38741
6,286,38700
6,287,38740
6,288,39540
6,289,38721
6,290,38720
6,291,38700
6,292,38740
6,293,38751
6,294,38760
6,295,38740
6,296,38710
6,297,38771
6,298,38750
6,299,38720
6,300,38741
6,301,38740
6,302,38730
6,303,38730
6,304,38691
6,305,38730
6,306,38720
6,307,38750
6,308,38741
6,309,38710
6,310,38730
6,311,38710
6,312,38731
6,313,39510
6,314,38700
6,315,38710
6,316,38691
6,317,38710
6,318,38730
6,319,38720
6,320,38691
6,321,38730
6,322,38730
6,323,38730
6,324,38731
6,325,38720
6,326,38690
6,327,38720
6,328,38731
6,329,38760
6,330,38780
6,331,38751
6,332,38730
6,333,38740
6,334,38740
6,335,38701
6,336,38750
6,337,38720
6,338,38700
6,339,39531
6,340,38730
6,341,38740
6,342,38720
6,343,38731
6,344,38740
6,345,38710
6,346,38710
6,347,38701
6,348,38680
6,349,38720
6,350,38690
6,351,38711
6,352,38720
6,353,38710
6,354,38710
6,355,38731
6,356,38710
6,357,38710
6,358,38731
6,359,38710
6,360,38710
6,361,38750
6,362,38741
6,363,38750
6,364,39510
6,365,38740
6,366,38731
6,367,38710
6,368,38740
6,369,38710
6,370,38711
6,371,38710
6,372,38700
6,373,38700
6,374,38721
6,375,38690
6,376,38710
6,377,38710
6,378,38711
6,379,38710
6,380,38720
6,381,38770
6,382,38711
6,383,38710
6,384,38740
6,385,38710
6,386,38751
6,387,38720
6,388,38700
6,389,38720
6,390,39551
6,391,38720
6,392,38730
6,393,38750
6,394,38731
6,395,38740
6,396,38730
6,397,38730
6,398,38741
6,399,38720
6,400,38720
6,401,38730
6,402,38731
6,403,38740
6,404,38730
6,405,38741
6,406,38720
6,407,38740
6,408,38730
6,409,38731
6,410,38710
6,411,38700
6,412,38690
6,413,38711
6,414,38740
6,415,38710
6,416,39880
6,417,38711
6,418,38710
6,419,38700
6,420,38740
6,421,38691
6,422,38750
6,423,38750
6,424,38760
6,425,38711
6,426,38730
6,427,38720
6,428,38730
6,429,38721
6,430,38700
6,431,38710
6,432,38710
6,433,38681
6,434,38760
6,435,38730
6,436,38751
6,437,38730
6,438,38740
6,439,38750
6,440,38731
6,441,40780
6,442,38730
6,443,38740
6,444,38741
6,445,38710
6,446,38710
6,447,38720
6,448,38761
6,449,38720
6,450,38700
6,451,38750
6,452,38721
6,453,38730
6,454,38730
6,455,38740
6,456,38771
6,457,38740
6,458,38720
6,459,38740
6,460,38701
6,461,38720
6,462,38700
6,463,38741
6,464,38720
6,465,38710
6,466,38720
6,467,39511
6,468,38710
6,469,38700
6,470,38710
6,471,38691
6,472,38730
6,473,38700
6,474,38730
6,475,38711
6,476,38740
6,477,38750
6,478,38740
6,479,38731
6,480,38740
6,481,38720
6,482,38730
6,483,38721
6,484,38710
6,485,38710
6,486,38750
6,487,38741
6,488,38720
6,489,38710
6,490,38700
6,491,38721
6,492,39480
6,493,38690
6,494,38700
6,495,38731
6,496,38730
6,497,38730
6,498,38720
6,499,38691
6,500,38660
6,501,38680
6,502,38700
6,503,38721
6,504,38730
6,505,38730
6,506,38710
6,507,38721
6,508,38760
6,509,38710
6,510,38711
6,511,38730
6,512,38700
6,513,38730
6,514,38731
6,515,38720
6,516,38740
6,517,38720
6,518,39481
6,519,38710
6,520,38710
6,521,38730
6,522,38771
6,523,38730
6,524,38730
6,525,38700
6,526,38741
6,527,38700
6,528,38720
6,529,38720
6,530,38701
6,531,38700
6,532,38740
6,533,38750
6,534,38751
6,535,38740
6,536,38710
6,537,38730
6,538,38710
6,539,38690
6,540,38710
6,541,38741
6,542,38710
6,543,39520
6,544,38750
6,545,38731
6,546,38720
6,547,38750
6,548,38730
6,549,38691
6,550,38710
6,551,38740
6,552,38700
6,553,38711
6,554,38740
6,555,38740
6,556,38730
6,557,38721
6,558,38740
6,559,38740
6,560,38720
6,561,38711
6,562,38780
6,563,38740
6,564,38710
6,565,38721
6,566,38700
6,567,38740
6,568,38701
6,569,39510
6,570,38740
6,571,38710
6,572,38731
6,573,38710
6,574,38690
6,575,38740
6,576,38701
6,577,38730
6,578,38760
6,579,38770
6,580,38751
6,581,38730
6,582,38750
6,583,38760
6,584,38701
6,585,38720
6,586,38730
6,587,38730
6,588,38681
6,589,38740
6,590,38730
6,591,38720
6,592,38711
6,593,38720
6,594,39480
6,595,38760
6,596,38731
6,597,38730
6,598,38720
6,599,38730
6,600,38721
6,601,38730
6,602,38710
6,603,38720
6,604,38691
6,605,38680
6,606,38700
6,607,38740
6,608,38751
6,609,38760
6,610,38710
6,611,38720
6,612,38751
6,613,38710
6,614,38710
6,615,38721
6,616,38720
6,617,38750
6,618,38740
6,619,38691
6,620,39500
6,621,38710
6,622,38740
6,623,38721
6,624,38750
6,625,38730
6,626,38710
6,627,38721
6,628,38680
6,629,38740
6,630,38760
6,631,38731
6,632,38750
6,633,38720
6,634,38760
6,635,38731
6,636,38730
6,637,38730
6,638,38730
6,639,38771
6,640,38700
6,641,38710
6,642,38690
6,643,38711
6,644,38710
6,645,39510
6,646,38721
6,647,38720
6,648,38720
6,649,38690
6,650,38741
6,651,38750
6,652,38720
6,653,38740
6,654,38701
6,655,38730
6,656,38750
6,657,38740
6,658,38751
6,659,38760
6,660,38740
6,661,38730
6,662,38721
6,663,38720
6,664,38750
6,665,38700
6,666,38711
6,667,38690
6,668,38710
6,669,38680
6,670,38711
6,671,39540
6,672,38710
6,673,38750
6,674,38751
6,675,38800
6,676,38720
6,677,38740
6,678,38761
6,679,38740
6,680,38760
6,681,38720
6,682,38761
6,683,38720
6,684,38730
6,685,38710
6,686,38711
6,687,38750
6,688,38740
6,689,38730
6,690,38701
6,691,38710
6,692,38690
6,693,38731
6,694,38720
6,695,38700
6,696,39500
6,697,38731
6,698,38740
6,699,38740
6,700,38760
6,701,38771
6,702,38760
6,703,38740
6,704,38760
6,705,38721
6,706,38760
6,707,38720
6,708,38760
6,709,38741
6,710,38740
6,711,38730
6,712,38740
6,713,38771
6,714,38730
6,715,38740
6,716,38760
6,717,38761
6,718,38750
6,719,38730
6,720,38711
6,721,38700
6,722,39500
6,723,38690
6,724,38711
6,725,38680
6,726,38720
6,727,38710
6,728,38721
6,729,38700
6,730,38710
6,731,38690
6,732,38781
6,733,38690
6,734,38740
6,735,38740
6,736,38741
6,737,38730
6,738,38740
6,739,38750
6,740,38751
6,741,38730
6,742,38690
6,743,38700
6,744,38741
6,745,38730
6,746,38710
6,747,38720
6,748,39521
6,749,38720
6,750,38730
6,751,38701
6,752,38710
6,753,38680
6,754,38700
6,755,38691
6,756,38710
6,757,38720
6,758,38710
6,759,38681
6,760,38700
6,761,38700
6,762,38710
6,763,38701
6,764,38690
6,765,38710
6,766,38710
6,767,38701
6,768,38710
6,769,38700
6,770,38730
6,771,38711
6,772,38700
6,773,39480
6,774,38690
6,775,38741
6,776,38760
6,777,38730
6,778,38770
6,779,38721
6,780,38720
6,781,38730
6,782,38720
6,783,38731
6,784,38840
6,785,38740
6,786,38730
6,787,38721
6,788,38730
6,789,38720
6,790,38700
6,791,38701
6,792,38710
6,793,38700
6,794,38680
6,795,38691
6,796,38690
6,797,38720
6,798,38711
6,799,39490
6,800,38750
6,801,38750
6,802,38701
6,803,38700
6,804,38710
6,805,38720
6,806,38701
6,807,38740
6,808,38720
6,809,38730
6,810,38751
6,811,38720
6,812,38750
6,813,38720
6,814,38671
6,815,38730
6,816,38740
6,817,38730
6,818,38741
6,819,38670
6,820,38700
6,821,38700
6,822,38751
6,823,38760
6,824,39470
6,825,38731
6,826,38740
6,827,38740
6,828,38710
6,829,38711
6,830,38710
6,831,38710
6,832,38720
6,833,38701
6,834,38690
6,835,38770
6,836,38740
6,837,38741
6,838,38730
6,839,38720
6,840,38740
6,841,38721
6,842,38710
6,843,38740
6,844,38670
6,845,38731
6,846,38690
6,847,38740
6,848,38740
6,849,38701
6,850,39510
6,851,38720
6,852,38710
6,853,38721
6,854,38720
6,855,38700
6,856,38720
6,857,38691
6,858,38790
6,859,38750
6,860,38750
6,861,38741
6,862,38770
6,863,38740
6,864,38740
6,865,38740
6,866,38740
6,867,38720
6,868,38741
6,869,38710
6,870,38750
6,871,38750
6,872,38731
6,873,38720
6,874,38750
6,875,41040
6,876,38701
6,877,38670
6,878,38680
6,879,38700
6,880,38711
6,881,38750
6,882,38740
6,883,38720
6,884,38711
6,885,38720
6,886,38690
6,887,38690
6,888,38691
6,889,38720
6,890,38720
6,891,38710
6,892,38721
6,893,38730
6,894,38710
6,895,38710
6,896,38721
6,897,38700
6,898,38710
6,899,38710
6,900,38721
6,901,39550
6,902,38710
6,903,38711
6,904,38730
6,905,38700
6,906,38740
6,907,38741
6,908,38710
6,909,38730
6,910,38730
6,911,38701
6,912,38730
6,913,38720
6,914,38740
6,915,38741
6,916,38730
6,917,38690
6,918,38710
6,919,38721
6,920,38700
6,921,38680
6,922,38690
6,923,38701
6,924,38710
6,925,38770
6,926,39460
6,927,38691
6,928,38710
6,929,38700
6,930,38721
6,931,38710
6,932,38680
6,933,38740
6,934,38751
6,935,38740
6,936,38720
6,937,38700
6,938,38711
6,939,38770
6,940,38730
6,941,38740
6,942,38731
6,943,38710
6,944,38710
6,945,38710
6,946,38741
6,947,38760
6,948,38720
6,949,38730
6,950,38711
6,951,38720
6,952,39530
6,953,38740
6,954,38721
6,955,38740
6,956,38720
6,957,38720
6,958,38731
6,959,38730
6,960,38690
6,961,38720
6,962,38691
6,963,38760
6,964,38740
6,965,38700
6,966,38721
6,967,38720
6,968,38720
6,969,38760
6,970,38711
6,971,38690
6,972,38690
6,973,38720
6,974,38720
6,975,38690
6,976,38740
6,977,39441
6,978,38720
6,979,38720
6,980,38720
6,981,38731
6,982,38730
6,983,38700
6,984,38730
6,985,38741
6,986,38720
6,987,38750
6,988,38740
6,989,38711
6,990,38720
6,991,38720
6,992,38710
6,993,38711
6,994,38710
6,995,38680
6,996,38710
6,997,38761
6,998,38740
6,999,38730
7,0,44190
7,1,44281
7,2,44260
7,3,44260
7,4,44221
7,5,44300
7,6,44250
7,7,44260
7,8,44291
7,9,45080
7,10,44230
7,11,44281
7,12,44240
7,13,44270
7,14,44201
7,15,44220
7,16,44240
7,17,44220
7,18,44221
7,19,44200
7,20,44240
7,21,44221
7,22,44200
7,23,44220
7,24,44210
7,25,44191
7,26,44220
7,27,44190
7,28,44201
7,29,44210
7,30,44260
7,31,44221
7,32,45020
7,33,44220
7,34,44260
7,35,44261
7,36,44240
7,37,44220
7,38,44261
7,39,44270
7,40,44230
7,41,44240
7,42,44241
7,43,44250
7,44,44260
7,45,44211
7,46,44230
7,47,44230
7,48,44241
7,49,44270
7,50,44220
7,51,44260
7,52,44271
7,53,44230
7,54,45060
7,55,44261
7,56,44260
7,57,44250
7,58,44220
7,59,44241
7,60,44230
7,61,44240
7,62,44271
7,63,44290
7,64,44260
7,65,44251
7,66,44220
7,67,44240
7,68,44210
7,69,44221
7,70,44260
7,71,44290
7,72,44241
7,73,44230
7,74,44250
7,75,44250
7,76,45001
7,77,44250
7,78,44240
7,79,44251
7,80,44240
7,81,44270
7,82,44221
7,83,44240
7,84,44290
7,85,44290
7,86,44281
7,87,44300
7,88,44300
7,89,44291
7,90,44240
7,91,44230
7,92,44240
7,93,44241
7,94,44300
7,95,44240
7,96,44241
7,97,44280
7,98,44270
7,99,45090
7,100,44291
7,101,44280
7,102,44290
7,103,44281
7,104,44230
7,105,44250
7,106,44240
7,107,44230
7,108,44280
7,109,44270
7,110,44241
7,111,44220
7,112,44270
7,113,44241
7,114,44280
7,115,44270
7,116,44250
7,117,44261
7,118,44230
7,119,44240
7,120,44211
7,121,45030
7,122,44240
7,123,44281
7,124,44240
7,125,44260
7,126,44230
7,127,44241
7,128,44230
7,129,44260
7,130,44291
7,131,44270
7,132,44260
7,133,44260
7,134,44271
7,135,44250
7,136,44210
7,137,44231
7,138,44230
7,139,44280
7,140,44261
7,141,44210
7,142,44260
7,143,45010
7,144,44271
7,145,44250
7,146,44250
7,147,44231
7,148,44220
7,149,44220
7,150,44230
7,151,44231
7,152,44240
7,153,44220
7,154,44221
7,155,44190
7,156,44210
7,157,44221
7,158,44210
7,159,44230
7,160,44200
7,161,44221
7,162,44200
7,163,44190
7,164,44181
7,165,44190
7,166,45030
7,167,44200
7,168,44261
7,169,44260
7,170,44220
7,171,44231
7,172,44250
7,173,44220
7,174,44230
7,175,44281
7,176,44200
7,177,44280
7,178,44251
7,179,44220
7,180,44260
7,181,44241
7,182,44230
7,183,44230
7,184,44240
7,185,44191
7,186,44210
7,187,44220
7,188,44971
7,189,44250
7,190,44210
7,191,44230
7,192,44241
7,193,44230
7,194,44270
7,195,44221
7,196,44250
7,197,44260
7,198,44260
7,199,44291
7,200,44240
7,201,44260
7,202,44271
7,203,44230
7,204,44240
7,205,44261
7,206,44240
7,207,44260
7,208,44230
7,209,44231
7,210,44290
7,211,45040
7,212,44241
7,213,44200
7,214,44280
7,215,44291
7,216,44280
7,217,44250
7,218,44250
7,219,44261
7,220,44280
7,221,44240
7,222,44251
7,223,44260
7,224,44240
7,225,44250
7,226,44211
7,227,44250
7,228,44320
7,229,44271
7,230,44280
7,231,44260
7,232,44221
7,233,45070
7,234,44260
7,235,44300
7,236,44261
7,237,44240
7,238,44250
7,239,44261
7,240,44250
7,241,44290
7,242,44260
7,243,44241
7,244,44260
7,245,44270
7,246,44241
7,247,44270
7,248,44250
7,249,44260
7,250,44261
7,251,44240
7,252,44260
7,253,44231
7,254,44250
7,255,45040
7,256,44270
7,257,44271
7,258,44230
7,259,44250
7,260,44211
7,261,44190
7,262,44210
7,263,44221
7,264,44190
7,265,44220
7,266,44200
7,267,44211
7,268,44180
7,269,44190
7,270,44241
7,271,44200
7,272,44250
7,273,44190
7,274,44221
7,275,44260
7,276,44210
7,277,44261
7,278,45000
7,279,44240
7,280,44261
7,281,44200
7,282,44230
7,283,44210
7,284,44211
7,285,44180
7,286,44230
7,287,44191
7,288,44210
7,289,44180
7,290,44220
7,291,44201
7,292,44190
7,293,44220
7,294,44201
7,295,44210
7,296,44210
7,297,44221
7,298,44240
7,299,44180
7,300,44990
7,301,44251
7,302,44220
7,303,44250
7,304,44221
7,305,44210
7,306,44180
7,307,44180
7,308,44201
7,309,44220
7,310,44180
7,311,44191
7,312,44260
7,313,44230
7,314,44241
7,315,44190
7,316,44180
7,317,44200
7,318,44191
7,319,44210
7,320,44210
7,321,44191
7,322,44200
7,323,44940
7,324,44200
7,325,44231
7,326,44220
7,327,44250
7,328,44241
7,329,44270
7,330,44250
7,331,44260
7,332,44270
7,333,44260
7,334,44250
7,335,44281
7,336,44260
7,337,44260
7,338,44251
7,339,44270
7,340,44220
7,341,44290
7,342,44291
7,343,44250
7,344,44290
7,345,45601
7,346,44270
7,347,44290
7,348,44220
7,349,44311
7,350,44260
7,351,44290
7,352,44271
7,353,44290
7,354,44250
7,355,44221
7,356,44290
7,357,44240
7,358,44250
7,359,44231
7,360,44270
7,361,44260
7,362,44281
7,363,44270
7,364,44220
7,365,44240
7,366,44261
7,367,46440
7,368,44220
7,369,44261
7,370,44250
7,371,44250
7,372,44251
7,373,44210
7,374,44260
7,375,44310
7,376,44271
7,377,44260
7,378,44250
7,379,44251
7,380,44250
7,381,44260
7,382,44290
7,383,44281
7,384,44250
7,385,44300
7,386,44271
7,387,44260
7,388,44230
7,389,44251
7,390,45090
7,391,44260
7,392,44250
7,393,44231
7,394,44260
7,395,44210
7,396,44271
7,397,44300
7,398,44270
7,399,44240
7,400,44291
7,401,44260
7,402,44230
7,403,44261
7,404,44250
7,405,44270
7,406,44271
7,407,44270
7,408,44230
7,409,44260
7,410,44261
7,411,44250
7,412,53210
7,413,44261
7,414,44230
7,415,44310
7,416,44261
7,417,44280
7,418,44280
7,419,44280
7,420,44291
7,421,44230
7,422,44270
7,423,44301
7,424,44250
7,425,44280
7,426,44200
7,427,44241
7,428,44260
7,429,44250
7,430,44211
7,431,44260
7,432,44300
7,433,44230
7,434,45021
7,435,44200
7,436,44270
7,437,44221
7,438,44230
7,439,44240
7,440,44240
7,441,44240
7,442,44220
7,443,44220
7,444,44231
7,445,44210
7,446,44210
7,447,44181
7,448,44180
7,449,44190
7,450,44190
7,451,44201
7,452,44200
7,453,44210
7,454,44191
7,455,44190
7,456,44190
7,457,45021
7,458,44230
7,459,44280
7,460,44270
7,461,44271
7,462,44210
7,463,44250
7,464,44271
7,465,44290
7,466,44230
7,467,44250
7,468,44231
7,469,44250
7,470,44240
7,471,44251
7,472,44240
7,473,44290
7,474,44241
7,475,44260
7,476,44260
7,477,44290
7,478,44291
7,479,45060
7,480,44240
7,481,44261
7,482,44250
7,483,44240
7,484,44270
7,485,44241
7,486,44240
7,487,44250
7,488,44271
7,489,44220
7,490,44290
7,491,44271
7,492,44290
7,493,44250
7,494,44250
7,495,44271
7,496,44280
7,497,44260
7,498,44221
7,499,44240
7,500,44240
7,501,45070
7,502,44291
7,503,44230
7,504,44260
7,505,44221
7,506,44190
7,507,44240
7,508,44191
7,509,44240
7,510,44260
7,511,44250
7,512,44241
7,513,44220
7,514,44250
7,515,44231
7,516,44220
7,517,44240
7,518,44200
7,519,44211
7,520,44200
7,521,44220
7,522,44211
7,523,44240
7,524,44990
7,525,44220
7,526,44241
7,527,44230
7,528,44270
7,529,44251
7,530,44280
7,531,44300
7,532,44310
7,533,44321
7,534,44220
7,535,44280
7,536,44281
7,537,44280
7,538,44280
7,539,44241
7,540,44280
7,541,44280
7,542,44270
7,543,44271
7,544,44260
7,545,44270
7,546,45031
7,547,44250
7,548,44250
7,549,44261
7,550,44270
7,551,44250
7,552,44240
7,553,44261
7,554,44290
7,555,44260
7,556,44251
7,557,44240
7,558,44210
7,559,44300
7,560,44241
7,561,44260
7,562,44220
7,563,44201
7,564,44260
7,565,44260
7,566,44291
7,567,44250
7,568,45090
7,569,44290
7,570,44281
7,571,44260
7,572,44260
7,573,44251
7,574,44260
7,575,44240
7,576,44250
7,577,44261
7,578,44280
7,579,44260
7,580,44281
7,581,44270
7,582,44250
7,583,44240
7,584,44281
7,585,44230
7,586,44270
7,587,44281
7,588,44280
7,589,44240
7,590,44240
7,591,44991
7,592,44260
7,593,44260
7,594,44241
7,595,44230
7,596,44190
7,597,44251
7,598,44260
7,599,44270
7,600,44270
7,601,44281
7,602,44230
7,603,44250
7,604,44231
7,605,44250
7,606,44240
7,607,44260
7,608,44231
7,609,44300
7,610,44250
7,611,44261
7,612,44270
7,613,45070
7,614,44271
7,615,44240
7,616,44180
7,617,44230
7,618,44241
7,619,44250
7,620,44220
7,621,44291
7,622,44240
7,623,44200
7,624,44220
7,625,44241
7,626,44230
7,627,44250
7,628,44231
7,629,44200
7,630,44220
7,631,44191
7,632,44200
7,633,44260
7,634,44240
7,635,44251
7,636,45040
7,637,44230
7,638,44201
7,639,44230
7,640,44210
7,641,44221
7,642,44190
7,643,44220
7,644,44190
7,645,44221
7,646,44190
7,647,44260
7,648,44241
7,649,44200
7,650,44230
7,651,44230
7,652,44211
7,653,44180
7,654,44220
7,655,44211
7,656,44170
7,657,44230
7,658,45011
7,659,44200
7,660,44180
7,661,44230
7,662,44241
7,663,44220
7,664,44240
7,665,44201
7,666,44230
7,667,44200
7,668,44280
7,669,44251
7,670,44250
7,671,44230
7,672,44261
7,673,44240
7,674,44220
7,675,44220
7,676,44251
7,677,44240
7,678,44230
7,679,44241
7,680,44950
7,681,44230
7,682,44270
7,683,44201
7,684,44200
7,685,44220
7,686,44201
7,687,44200
7,688,44210
7,689,44200
7,690,44220
7,691,44210
7,692,44190
7,693,44231
7,694,44210
7,695,44210
7,696,44201
7,697,44220
7,698,44250
7,699,44250
7,700,44241
7,701,44210
7,702,44230
7,703,45031
7,704,44230
7,705,44210
7,706,44221
7,707,44250
7,708,44250
7,709,44230
7,710,44231
7,711,44200
7,712,44230
7,713,44231
7,714,44240
7,715,44350
7,716,44350
7,717,44361
7,718,44260
7,719,44220
7,720,44241
7,721,44260
7,722,44270
7,723,44291
7,724,44270
7,725,45040
7,726,44250
7,727,44291
7,728,44280
7,729,44270
7,730,44281
7,731,44240
7,732,44250
7,733,44230
7,734,44311
7,735,44250
7,736,44260
7,737,44301
7,738,44290
7,739,44240
7,740,44241
7,741,44260
7,742,44260
7,743,44240
7,744,44271
7,745,44260
7,746,44220
7,747,44251
7,748,45020
7,749,44260
7,750,44170
7,751,44231
7,752,44210
7,753,44210
7,754,44261
7,755,44230
7,756,44210
7,757,44220
7,758,44201
7,759,44230
7,760,44200
7,761,44181
7,762,44250
7,763,44220
7,764,44211
7,765,44220
7,766,44220
7,767,44200
7,768,44241
7,769,44260
7,770,45000
7,771,44261
7,772,44220
7,773,44210
7,774,44220
7,775,44231
7,776,44220
7,777,44220
7,778,44221
7,779,44230
7,780,44240
7,781,44220
7,782,44201
7,783,44170
7,784,44170
7,785,44211
7,786,44220
7,787,44180
7,788,44231
7,789,44210
7,790,44160
7,791,44200
7,792,45041
7,793,44240
7,794,44250
7,795,44271
7,796,44240
7,797,44160
7,798,44201
7,799,44240
7,800,44240
7,801,44240
7,802,44211
7,803,44230
7,804,44260
7,805,44231
7,806,44200
7,807,44210
7,808,44250
7,809,44241
7,810,44240
7,811,44180
7,812,44201
7,813,44220
7,814,44260
7,815,44961
7,816,44200
7,817,44250
7,818,44210
7,819,44241
7,820,44240
7,821,44180
7,822,44261
7,823,44230
7,824,44250
7,825,44270
7,826,44231
7,827,44200
7,828,44170
7,829,44241
7,830,44210
7,831,44200
7,832,44231
7,833,44180
7,834,44200
7,835,44290
7,836,44231
7,837,45000
7,838,44240
7,839,44201
7,840,44200
7,841,44220
7,842,44190
7,843,44201
7,844,44210
7,845,44200
7,846,44221
7,847,44210
7,848,44210
7,849,44220
7,850,44191
7,851,44210
7,852,44230
7,853,44201
7,854,44220
7,855,44200
7,856,44220
7,857,44211
7,858,44240
7,859,44220
7,860,46631
7,861,44230
7,862,44260
7,863,44291
7,864,44270
7,865,44280
7,866,44290
7,867,44281
7,868,44290
7,869,44270
7,870,44271
7,871,44240
7,872,44260
7,873,44220
7,874,44311
7,875,44300
7,876,44270
7,877,44241
7,878,44250
7,879,44300
7,880,44241
7,881,44220
7,882,45030
7,883,44270
7,884,44251
7,885,44250
7,886,44240
7,887,44241
7,888,44230
7,889,44280
7,890,44250
7,891,44230
7,892,44240
7,893,44250
7,894,44261
7,895,44290
7,896,44280
7,897,44251
7,898,44280
7,899,44270
7,900,44240
7,901,44221
7,902,44300
7,903,44230
7,904,45061
7,905,44260
7,906,44240
7,907,44210
7,908,44241
7,909,44220
7,910,44210
7,911,44231
7,912,44210
7,913,44200
7,914,44281
7,915,44250
7,916,44290
7,917,44240
7,918,44241
7,919,44220
7,920,44230
7,921,44231
7,922,44260
7,923,44240
7,924,44270
7,925,44211
7,926,44240
7,927,45000
7,928,44201
7,929,44220
7,930,44230
7,931,44230
7,932,44201
7,933,44230
7,934,44270
7,935,44231
7,936,44280
7,937,44240
7,938,44231
7,939,44240
7,940,44220
7,941,44230
7,942,44241
7,943,44250
7,944,44220
7,945,44261
7,946,44240
7,947,44240
7,948,44200
7,949,45031
7,950,44250
7,951,44230
7,952,44291
7,953,44240
7,954,44260
7,955,44231
7,956,44250
7,957,44240
7,958,44250
7,959,44231
7,960,44250
7,961,44230
7,962,44261
7,963,44250
7,964,44270
7,965,44280
7,966,44261
7,967,44260
7,968,44240
7,969,44291
7,970,44260
7,971,45060
7,972,44231
7,973,44200
7,974,44260
7,975,44190
7,976,44231
7,977,44220
7,978,44180
7,979,44191
7,980,44190
7,981,44200
7,982,44180
7,983,44231
7,984,44190
7,985,44190
7,986,44261
7,987,44240
7,988,44280
7,989,44231
7,990,44230
7,991,44160
7,992,44220
7,993,44231
7,994,45030
7,995,44230
7,996,44271
7,997,44240
7,998,44240
7,999,44210
8,0,49541
8,1,49600
8,2,49590
8,3,49581
8,4,49600
8,5,49620
8,6,49611
8,7,50400
8,8,49630
8,9,49591
8,10,49580
8,11,49540
8,12,49671
8,13,49580
8,14,49590
8,15,49571
8,16,49590
8,17,49590
8,18,49571
8,19,49630
8,20,49610
8,21,49581
8,22,49540
8,23,49620
8,24,49561
8,25,49580
8,26,49560
8,27,50431
8,28,49630
8,29,49580
8,30,49521
8,31,49530
8,32,49530
8,33,49530
8,34,49540
8,35,49520
8,36,49530
8,37,49551
8,38,49510
8,39,49560
8,40,49531
8,41,49530
8,42,49570
8,43,49561
8,44,49530
8,45,49530
8,46,49511
8,47,50270
8,48,49510
8,49,49471
8,50,49490
8,51,49530
8,52,49521
8,53,49530
8,54,49530
8,55,49481
8,56,49540
8,57,49540
8,58,49511
8,59,49510
8,60,49510
8,61,49501
8,62,49490
8,63,49570
8,64,49531
8,65,49550
8,66,49530
8,67,50291
8,68,49530
8,69,49500
8,70,49511
8,71,49530
8,72,49540
8,73,49571
8,74,49610
8,75,49590
8,76,49601
8,77,49610
8,78,49580
8,79,49571
8,80,49590
8,81,49590
8,82,49581
8,83,49570
8,84,49580
8,85,49541
8,86,49580
8,87,50350
8,88,49541
8,89,49590
8,90,49540
8,91,49581
8,92,49590
8,93,49580
8,94,49571
8,95,49580
8,96,49530
8,97,49601
8,98,49590
8,99,49610
8,100,49611
8,101,49590
8,102,49600
8,103,49600
8,104,49601
8,105,49610
8,106,49570
8,107,50381
8,108,49590
8,109,49650
8,110,49591
8,111,49620
8,112,49590
8,113,49591
8,114,49590
8,115,49520
8,116,49591
8,117,49580
8,118,49600
8,119,49561
8,120,49550
8,121,49560
8,122,49591
8,123,49530
8,124,49580
8,125,49551
8,126,49630
8,127,50340
8,128,49641
8,129,49610
8,130,49600
8,131,49631
8,132,49590
8,133,49690
8,134,49601
8,135,49600
8,136,49600
8,137,49581
8,138,49610
8,139,49630
8,140,49631
8,141,49620
8,142,49620
8,143,49591
8,144,49600
8,145,49580
8,146,49561
8,147,50350
8,148,49590
8,149,49591
8,150,49560
8,151,49570
8,152,49591
8,153,49570
8,154,49580
8,155,49591
8,156,49540
8,157,49550
8,158,49631
8,159,49590
8,160,49580
8,161,49621
8,162,49580
8,163,49620
8,164,49600
8,165,49621
8,166,49590
8,167,50400
8,168,49561
8,169,49560
8,170,49580
8,171,49591
8,172,49550
8,173,49560
8,174,49611
8,175,49560
8,176,49630
8,177,49611
8,178,49590
8,179,49620
8,180,49581
8,181,49570
8,182,49610
8,183,49601
8,184,49580
8,185,49550
8,186,49641
8,187,50400
8,188,49570
8,189,49601
8,190,49620
8,191,49600
8,192,49601
8,193,49620
8,194,49600
8,195,49611
8,196,49610
8,197,49620
8,198,49571
8,199,49550
8,200,49630
8,201,49621
8,202,49600
8,203,49620
8,204,49611
8,205,49580
8,206,49570
8,207,50391
8,208,49610
8,209,49550
8,210,49541
8,211,49500
8,212,49530
8,213,49531
8,214,49540
8,215,49530
8,216,49521
8,217,49570
8,218,49560
8,219,49561
8,220,49540
8,221,49530
8,222,49531
8,223,49500
8,224,49540
8,225,49591
8,226,49490
8,227,50280
8,228,49491
8,229,49590
8,230,49600
8,231,49601
8,232,49560
8,233,49550
8,234,49581
8,235,49550
8,236,49570
8,237,49590
8,238,49560
8,239,49580
8,240,49640
8,241,49611
8,242,49630
8,243,49600
8,244,49601
8,245,49550
8,246,49610
8,247,52211
8,248,49570
8,249,49640
8,250,49561
8,251,49590
8,252,49510
8,253,49541
8,254,49560
8,255,49550
8,256,49561
8,257,49540
8,258,49520
8,259,49551
8,260,49590
8,261,49520
8,262,49521
8,263,49560
8,264,49550
8,265,49521
8,266,49520
8,267,50350
8,268,49551
8,269,49520
8,270,49570
8,271,49561
8,272,49630
8,273,49610
8,274,49581
8,275,49610
8,276,49620
8,277,49591
8,278,49590
8,279,49550
8,280,49531
8,281,49570
8,282,49570
8,283,49571
8,284,49580
8,285,49670
8,286,49601
8,287,50420
8,288,49640
8,289,49591
8,290,49560
8,291,49580
8,292,49581
8,293,49630
8,294,49570
8,295,49561
8,296,49540
8,297,49580
8,298,49651
8,299,49590
8,300,49610
8,301,49621
8,302,49590
8,303,49600
8,304,49611
8,305,49600
8,306,49600
8,307,50331
8,308,49610
8,309,49620
8,310,49611
8,311,49660
8,312,49590
8,313,49630
8,314,49601
8,315,49630
8,316,49600
8,317,49601
8,318,49600
8,319,49610
8,320,49581
8,321,49600
8,322,49630
8,323,49591
8,324,49620
8,325,49540
8,326,49571
8,327,50440
8,328,49610
8,329,49621
8,330,49630
8,331,49620
8,332,49601
8,333,49580
8,334,49590
8,335,49661
8,336,49590
8,337,49640
8,338,49611
8,339,49620
8,340,49640
8,341,49651
8,342,49590
8,343,49610
8,344,49571
8,345,49560
8,346,49540
8,347,50341
8,348,49600
8,349,49560
8,350,49611
8,351,49620
8,352,49610
8,353,49621
8,354,49580
8,355,49570
8,356,49601
8,357,49630
8,358,49610
8,359,49611
8,360,49630
8,361,49590
8,362,49581
8,363,49570
8,364,49590
8,365,49581
8,366,49550
8,367,50360
8,368,49591
8,369,49630
8,370,49580
8,371,49591
8,372,49620
8,373,49590
8,374,49571
8,375,49590
8,376,49590
8,377,49621
8,378,49620
8,379,49580
8,380,49571
8,381,49570
8,382,49560
8,383,49551
8,384,49550
8,385,49640
8,386,49601
8,387,50390
8,388,49590
8,389,49530
8,390,49591
8,391,49560
8,392,49570
8,393,49561
8,394,49560
8,395,49580
8,396,49591
8,397,49580
8,398,49560
8,399,49561
8,400,49620
8,401,49640
8,402,49621
8,403,49590
8,404,49610
8,405,49581
8,406,49630
8,407,50360
8,408,49601
8,409,49620
8,410,49640
8,411,49631
8,412,49580
8,413,49610
8,414,49611
8,415,49600
8,416,49560
8,417,49631
8,418,49610
8,419,49610
8,420,49621
8,421,49620
8,422,49600
8,423,49641
8,424,49620
8,425,49600
8,426,49571
8,427,50380
8,428,49630
8,429,49611
8,430,49580
8,431,49630
8,432,49571
8,433,49620
8,434,49620
8,435,49581
8,436,49600
8,437,49620
8,438,49611
8,439,49550
8,440,49630
8,441,49591
8,442,49620
8,443,49610
8,444,49611
8,445,49560
8,446,49550
8,447,50401
8,448,49610
8,449,49590
8,450,49590
8,451,49641
8,452,49590
8,453,49630
8,454,49621
8,455,49610
8,456,49550
8,457,49581
8,458,49580
8,459,49590
8,460,49601
8,461,49580
8,462,49570
8,463,49571
8,464,49540
8,465,49610
8,466,49541
8,467,50390
8,468,49570
8,469,49601
8,470,49570
8,471,49550
8,472,49531
8,473,49560
8,474,49470
8,475,49531
8,476,49520
8,477,49530
8,478,49531
8,479,49530
8,480,49510
8,481,49521
8,482,49500
8,483,49500
8,484,49521
8,485,49520
8,486,49540
8,487,50291
8,488,49550
8,489,49580
8,490,49521
8,491,49590
8,492,49560
8,493,49571
8,494,49540
8,495,49570
8,496,49571
8,497,49610
8,498,49580
8,499,49591
8,500,49560
8,501,49600
8,502,49581
8,503,49550
8,504,49600
8,505,49611
8,506,49550
8,507,50400
8,508,49611
8,509,49650
8,510,49610
8,511,49590
8,512,49631
8,513,49630
8,514,49580
8,515,49601
8,516,49560
8,517,49600
8,518,49641
8,519,49620
8,520,49600
8,521,49631
8,522,49610
8,523,49600
8,524,49591
8,525,49590
8,526,49580
8,527,50401
8,528,49610
8,529,49600
8,530,49541
8,531,49560
8,532,49500
8,533,49571
8,534,49500
8,535,49560
8,536,49551
8,537,49550
8,538,49520
8,539,49571
8,540,49520
8,541,49510
8,542,49531
8,543,49490
8,544,49500
8,545,49521
8,546,49540
8,547,50270
8,548,49541
8,549,49510
8,550,49560
8,551,49561
8,552,49570
8,553,49540
8,554,49631
8,555,49560
8,556,49550
8,557,49571
8,558,49570
8,559,49560
8,560,49581
8,561,49550
8,562,49580
8,563,49541
8,564,49570
8,565,49550
8,566,49561
8,567,50380
8,568,49610
8,569,49560
8,570,49550
8,571,49650
8,572,49610
8,573,49631
8,574,49630
8,575,49630
8,576,49601
8,577,49540
8,578,49600
8,579,49611
8,580,49560
8,581,49590
8,582,49581
8,583,49570
8,584,49610
8,585,49581
8,586,49550
8,587,50740
8,588,49601
8,589,49580
8,590,49560
8,591,49521
8,592,49550
8,593,49600
8,594,49571
8,595,49590
8,596,49540
8,597,49551
8,598,49560
8,599,49560
8,600,49561
8,601,49590
8,602,49560
8,603,49651
8,604,49620
8,605,49600
8,606,49601
8,607,51890
8,608,49630
8,609,49591
8,610,49540
8,611,49540
8,612,49601
8,613,49590
8,614,49590
8,615,49591
8,616,49590
8,617,49640
8,618,49621
8,619,49540
8,620,49550
8,621,49581
8,622,49570
8,623,49560
8,624,49591
8,625,49560
8,626,49560
8,627,50491
8,628,49630
8,629,49640
8,630,49621
8,631,49570
8,632,49610
8,633,49561
8,634,49520
8,635,49560
8,636,49540
8,637,49601
8,638,49580
8,639,49600
8,640,49571
8,641,49580
8,642,49600
8,643,49611
8,644,49600
8,645,49620
8,646,49611
8,647,50370
8,648,49560
8,649,49601
8,650,49620
8,651,49570
8,652,49601
8,653,49540
8,654,49600
8,655,49591
8,656,49620
8,657,49610
8,658,49581
8,659,49580
8,660,49620
8,661,49621
8,662,49600
8,663,49630
8,664,49591
8,665,49610
8,666,49640
8,667,50421
8,668,49620
8,669,49590
8,670,49611
8,671,49640
8,672,49600
8,673,49611
8,674,49570
8,675,49540
8,676,49611
8,677,49590
8,678,49610
8,679,49591
8,680,49600
8,681,49610
8,682,49571
8,683,49540
8,684,49570
8,685,49561
8,686,49560
8,687,50360
8,688,49611
8,689,49610
8,690,49600
8,691,49601
8,692,49610
8,693,49570
8,694,49581
8,695,49610
8,696,49590
8,697,49621
8,698,49620
8,699,49640
8,700,49601
8,701,49580
8,702,49550
8,703,49581
8,704,49590
8,705,49580
8,706,49550
8,707,50481
8,708,49630
8,709,49590
8,710,49601
8,711,49600
8,712,49610
8,713,49621
8,714,49620
8,715,49580
8,716,49581
8,717,49580
8,718,49620
8,719,49611
8,720,49570
8,721,49570
8,722,49611
8,723,49570
8,724,49580
8,725,49591
8,726,49590
8,727,50380
8,728,49571
8,729,49590
8,730,49590
8,731,49591
8,732,49590
8,733,49600
8,734,49561
8,735,49600
8,736,49520
8,737,49551
8,738,49570
8,739,49620
8,740,49601
8,741,49620
8,742,49600
8,743,49601
8,744,49600
8,745,49580
8,746,49601
8,747,50410
8,748,49650
8,749,49621
8,750,49600
8,751,49580
8,752,49591
8,753,49590
8,754,49560
8,755,49591
8,756,49570
8,757,49630
8,758,49591
8,759,49600
8,760,49640
8,761,49621
8,762,49570
8,763,49590
8,764,49660
8,765,49631
8,766,49660
8,767,50420
8,768,49621
8,769,49580
8,770,49630
8,771,49601
8,772,49580
8,773,49550
8,774,49601
8,775,49620
8,776,49610
8,777,49621
8,778,49580
8,779,49580
8,780,49571
8,781,49540
8,782,49550
8,783,49591
8,784,49570
8,785,49570
8,786,49571
8,787,50350
8,788,49550
8,789,49561
8,790,49610
8,791,49580
8,792,49571
8,793,49560
8,794,49620
8,795,49611
8,796,49580
8,797,49610
8,798,49591
8,799,49550
8,800,49610
8,801,49621
8,802,49600
8,803,49610
8,804,49651
8,805,49620
8,806,49650
8,807,50411
8,808,49590
8,809,49630
8,810,49631
8,811,49610
8,812,49590
8,813,49571
8,814,49600
8,815,49560
8,816,49581
8,817,49580
8,818,49560
8,819,49561
8,820,49550
8,821,49580
8,822,49541
8,823,49560
8,824,49560
8,825,49591
8,826,49550
8,827,50320
8,828,49551
8,829,49580
8,830,49540
8,831,49571
8,832,49540
8,833,49630
8,834,49581
8,835,49560
8,836,49550
8,837,49591
8,838,49530
8,839,49630
8,840,49550
8,841,49571
8,842,49560
8,843,49580
8,844,49581
8,845,49560
8,846,49550
8,847,50401
8,848,49600
8,849,49570
8,850,49581
8,851,49590
8,852,49570
8,853,49571
8,854,49590
8,855,49590
8,856,49581
8,857,49610
8,858,49620
8,859,49571
8,860,49560
8,861,49570
8,862,49601
8,863,49620
8,864,49610
8,865,49621
8,866,49560
8,867,50410
8,868,49611
8,869,49590
8,870,49540
8,871,49551
8,872,49570
8,873,49640
8,874,49611
8,875,49590
8,876,49590
8,877,49621
8,878,49600
8,879,49610
8,880,49561
8,881,49620
8,882,49630
8,883,49591
8,884,49600
8,885,49590
8,886,49601
8,887,50390
8,888,49580
8,889,49581
8,890,49570
8,891,49600
8,892,49611
8,893,49630
8,894,49630
8,895,49551
8,896,49560
8,897,49580
8,898,49571
8,899,49610
8,900,49630
8,901,49601
8,902,49590
8,903,49570
8,904,49631
8,905,49610
8,906,49620
8,907,50361
8,908,49570
8,909,49640
8,910,49611
8,911,49580
8,912,49600
8,913,49601
8,914,49570
8,915,49610
8,916,49580
8,917,49601
8,918,49550
8,919,49550
8,920,49571
8,921,49580
8,922,49560
8,923,49591
8,924,49580
8,925,49540
8,926,49541
8,927,50360
8,928,49580
8,929,49571
8,930,49560
8,931,49570
8,932,49541
8,933,49580
8,934,49570
8,935,49541
8,936,49570
8,937,49650
8,938,49631
8,939,49580
8,940,49560
8,941,49651
8,942,49570
8,943,49590
8,944,49621
8,945,49600
8,946,49550
8,947,50411
8,948,49610
8,949,49590
8,950,49621
8,951,49580
8,952,49600
8,953,49591
8,954,49620
8,955,49600
8,956,49591
8,957,49600
8,958,49550
8,959,49541
8,960,49610
8,961,49590
8,962,49601
8,963,49590
8,964,49570
8,965,49581
8,966,49620
8,967,49580
8,968,49581
8,969,49560
8,970,49590
8,971,49561
8,972,49560
8,973,49570
8,974,49551
8,975,49570
8,976,49590
8,977,49551
8,978,49550
8,979,49550
8,980,49561
8,981,49570
8,982,49560
8,983,49571
8,984,49550
8,985,49560
8,986,49561
8,987,49600
8,988,49640
8,989,49580
8,990,49651
8,991,49580
8,992,49540
8,993,49541
8,994,49550
8,995,49540
8,996,49561
8,997,49580
8,998,49610
8,999,49621
9,0,19470
9,1,19530
9,2,19540
9,3,19520
9,4,19530
9,5,19511
9,6,19540
9,7,19550
9,8,20370
9,9,19540
9,10,19560
9,11,19500
9,12,19511
9,13,19530
9,14,19500
9,15,19520
9,16,19540
9,17,19510
9,18,19530
9,19,19510
9,20,19541
9,21,19530
9,22,19540
9,23,19540
9,24,19540
9,25,19510
9,26,19540
9,27,19511
9,28,19530
9,29,19530
9,30,19540
9,31,19510
9,32,19490
9,33,19500
9,34,19550
9,35,19511
9,36,19560
9,37,19490
9,38,19490
9,39,19520
9,40,19510
9,41,19510
9,42,19530
9,43,19511
9,44,19520
9,45,19530
9,46,19550
9,47,19530
9,48,19510
9,49,19530
9,50,19531
9,51,19530
9,52,19530
9,53,19530
9,54,19500
9,55,19540
9,56,19520
9,57,19540
9,58,19521
9,59,20340
9,60,19530
9,61,19530
9,62,19540
9,63,19510
9,64,19530
9,65,19510
9,66,19550
9,67,19500
9,68,19540
9,69,19540
9,70,19510
9,71,19530
9,72,19530
9,73,19521
9,74,19490
9,75,19540
9,76,19520
9,77,19510
9,78,19510
9,79,19510
9,80,19550
9,81,19511
9,82,19550
9,83,19510
9,84,19520
9,85,19510
9,86,19570
9,87,19540
9,88,19530
9,89,19541
9,90,19530
9,91,19500
9,92,19510
9,93,19520
9,94,19530
9,95,19560
9,96,19520
9,97,19531
9,98,19530
9,99,19490
9,100,19520
9,101,19530
9,102,19500
9,103,19510
9,104,19511
9,105,19530
9,106,19510
9,107,19520
9,108,19520
9,109,20310
9,110,19500
9,111,19540
9,112,19571
9,113,19530
9,114,19540
9,115,19500
9,116,19510
9,117,19520
9,118,19520
9,119,19510
9,120,19521
9,121,19530
9,122,19550
9,123,19530
9,124,19560
9,125,19510
9,126,19530
9,127,19511
9,128,19560
9,129,19500
9,130,19540
9,131,19510
9,132,19530
9,133,19530
9,134,19540
9,135,19531
9,136,19560
9,137,19500
9,138,19540
9,139,19520
9,140,19540
9,141,19520
9,142,19521
9,143,19510
9,144,19510
9,145,19530
9,146,19570
9,147,19530
9,148,19500
9,149,19520
9,150,19581
9,151,19550
9,152,19540
9,153,19500
9,154,19510
9,155,19500
9,156,19540
9,157,19510
9,158,19541
9,159,20310
9,160,19500
9,161,19550
9,162,19570
9,163,19550
9,164,19490
9,165,19561
9,166,19540
9,167,19520
9,168,19550
9,169,19510
9,170,19540
9,171,19500
9,172,19530
9,173,19511
9,174,19560
9,175,19530
9,176,19520
9,177,19550
9,178,19560
9,179,19510
9,180,19511
9,181,19520
9,182,19570
9,183,19520
9,184,19540
9,185,19530
9,186,19570
9,187,19520
9,188,19561
9,189,19520
9,190,19570
9,191,19520
9,192,19530
9,193,19550
9,194,19570
9,195,19510
9,196,19531
9,197,19550
9,198,19560
9,199,19530
9,200,19540
9,201,19550
9,202,19540
9,203,19531
9,204,19520
9,205,19550
9,206,19540
9,207,19520
9,208,19540
9,209,20290
9,210,19550
9,211,19531
9,212,19530
9,213,19540
9,214,19520
9,215,19520
9,216,19580
9,217,19540
9,218,19530
9,219,19561
9,220,19530
9,221,19510
9,222,19550
9,223,19570
9,224,19550
9,225,19550
9,226,19511
9,227,19540
9,228,19530
9,229,19520
9,230,19550
9,231,19520
9,232,19550
9,233,19550
9,234,19571
9,235,19490
9,236,19550
9,237,19520
9,238,19530
9,239,19520
9,240,19560
9,241,19550
9,242,19561
9,243,19570
9,244,19580
9,245,19540
9,246,19530
9,247,19530
9,248,19550
9,249,19540
9,250,19541
9,251,19530
9,252,19550
9,253,19530
9,254,19550
9,255,19530
9,256,19580
9,257,19540
9,258,19520
9,259,20300
9,260,19530
9,261,19550
9,262,19530
9,263,19530
9,264,19510
9,265,19541
9,266,19510
9,267,19520
9,268,19520
9,269,19540
9,270,19520
9,271,19530
9,272,19520
9,273,19551
9,274,19500
9,275,19530
9,276,19520
9,277,19520
9,278,19530
9,279,19530
9,280,19531
9,281,19500
9,282,19500
9,283,19560
9,284,19500
9,285,19520
9,286,19530
9,287,19530
9,288,19531
9,289,19510
9,290,19550
9,291,19550
9,292,19530
9,293,19530
9,294,19520
9,295,19560
9,296,19531
9,297,19500
9,298,19530
9,299,19550
9,300,19540
9,301,19520
9,302,19550
9,303,19561
9,304,19560
9,305,19500
9,306,19510
9,307,19520
9,308,19540
9,309,20350
9,310,19530
9,311,19511
9,312,19560
9,313,19540
9,314,19510
9,315,19530
9,316,19540
9,317,19500
9,318,19541
9,319,19530
9,320,19540
9,321,19540
9,322,19540
9,323,19550
9,324,19560
9,325,19550
9,326,19531
9,327,19550
9,328,19510
9,329,19520
9,330,19530
9,331,19540
9,332,19510
9,333,19521
9,334,19520
9,335,19530
9,336,19500
9,337,19520
9,338,19530
9,339,19530
9,340,19500
9,341,19521
9,342,19530
9,343,19530
9,344,19500
9,345,19510
9,346,19510
9,347,19530
9,348,19510
9,349,19521
9,350,19500
9,351,19570
9,352,19550
9,353,19530
9,354,19500
9,355,19580
9,356,19501
9,357,19570
9,358,19510
9,359,19530
9,360,20320
9,361,19540
9,362,19530
9,363,19540
9,364,19521
9,365,19500
9,366,19530
9,367,19550
9,368,19520
9,369,19500
9,370,19520
9,371,19541
9,372,19530
9,373,19530
9,374,19520
9,375,19590
9,376,19490
9,377,19520
9,378,19500
9,379,19541
9,380,19530
9,381,19530
9,382,19490
9,383,19510
9,384,19540
9,385,19540
9,386,19520
9,387,19521
9,388,19520
9,389,19530
9,390,19500
9,391,19560
9,392,19530
9,393,19530
9,394,19531
9,395,19500
9,396,19520
9,397,19570
9,398,19520
9,399,19570
9,400,19530
9,401,19530
9,402,19521
9,403,19520
9,404,19550
9,405,19520
9,406,19540
9,407,19540
9,408,19520
9,409,19551
9,410,20680
9,411,19530
9,412,19510
9,413,19560
9,414,19520
9,415,19550
9,416,19500
9,417,19561
9,418,19530
9,419,19540
9,420,19520
9,421,19500
9,422,19550
9,423,19520
9,424,19500
9,425,19511
9,426,19540
9,427,19540
9,428,19540
9,429,19520
9,430,19550
9,431,19540
9,432,19530
9,433,19521
9,434,19530
9,435,19520
9,436,19520
9,437,19530
9,438,19520
9,439,19550
9,440,19560
9,441,19541
9,442,19570
9,443,19520
9,444,19520
9,445,19530
9,446,19560
9,447,19520
9,448,19531
9,449,19540
9,450,19550
9,451,19540
9,452,19550
9,453,19530
9,454,19560
9,455,19510
9,456,19521
9,457,19500
9,458,19550
9,459,19530
9,460,21800
9,461,19530
9,462,19550
9,463,19540
9,464,19541
9,465,19530
9,466,19550
9,467,19540
9,468,19510
9,469,19520
9,470,19560
9,471,19511
9,472,19540
9,473,19520
9,474,19560
9,475,19530
9,476,19550
9,477,19520
9,478,19550
9,479,19521
9,480,19520
9,481,19530
9,482,19550
9,483,19520
9,484,19550
9,485,19560
9,486,19561
9,487,19530
9,488,19530
9,489,19540
9,490,19520
9,491,19560
9,492,19520
9,493,19530
9,494,19511
9,495,19560
9,496,19530
9,497,19550
9,498,19500
9,499,19550
9,500,19510
9,501,19600
9,502,19531
9,503,19540
9,504,19550
9,505,19560
9,506,19510
9,507,19510
9,508,19530
9,509,19531
9,510,20340
9,511,19550
9,512,19560
9,513,19520
9,514,19530
9,515,19570
9,516,19520
9,517,19551
9,518,19520
9,519,19560
9,520,19510
9,521,19520
9,522,19520
9,523,19580
9,524,19521
9,525,19530
9,526,19530
9,527,19560
9,528,19500
9,529,19530
9,530,19540
9,531,19540
9,532,19541
9,533,19550
9,534,19530
9,535,19540
9,536,19520
9,537,19520
9,538,19540
9,539,19560
9,540,19541
9,541,19570
9,542,19530
9,543,19550
9,544,19530
9,545,19530
9,546,19540
9,547,19551
9,548,19510
9,549,19510
9,550,19530
9,551,19530
9,552,19540
9,553,19550
9,554,19530
9,555,19571
9,556,19520
9,557,19530
9,558,19520
9,559,19550
9,560,20330
9,561,19520
9,562,19581
9,563,19530
9,564,19560
9,565,19540
9,566,19550
9,567,19550
9,568,19540
9,569,19580
9,570,19531
9,571,19510
9,572,19550
9,573,19550
9,574,19510
9,575,19540
9,576,19530
9,577,19530
9,578,19531
9,579,19540
9,580,19520
9,581,19520
9,582,19540
9,583,19540
9,584,19550
9,585,19541
9,586,19520
9,587,19520
9,588,19560
9,589,19520
9,590,19510
9,591,19510
9,592,19550
9,593,19551
9,594,19530
9,595,19500
9,596,19540
9,597,19510
9,598,19540
9,599,19550
9,600,19511
9,601,19510
9,602,19500
9,603,19540
9,604,19490
9,605,19540
9,606,19520
9,607,19530
9,608,19511
9,609,19520
9,610,20330
9,611,19530
9,612,19530
9,613,19560
9,614,19520
9,615,19530
9,616,19551
9,617,19550
9,618,19530
9,619,19520
9,620,19510
9,621,19540
9,622,19540
9,623,19541
9,624,19540
9,625,19540
9,626,19560
9,627,19520
9,628,19530
9,629,19540
9,630,19550
9,631,19521
9,632,19540
9,633,19540
9,634,19530
9,635,19540
9,636,19540
9,637,19510
9,638,19520
9,639,19541
9,640,19560
9,641,19540
9,642,19540
9,643,19550
9,644,19530
9,645,19530
9,646,19550
9,647,19561
9,648,19520
9,649,19540
9,650,19520
9,651,19550
9,652,19520
9,653,19550
9,654,19540
9,655,19571
9,656,19530
9,657,19540
9,658,19540
9,659,19540
9,660,20340
9,661,19520
9,662,19531
9,663,19580
9,664,19510
9,665,19500
9,666,19540
9,667,19570
9,668,19540
9,669,19510
9,670,19521
9,671,19550
9,672,19550
9,673,19530
9,674,19520
9,675,19540
9,676,19530
9,677,19521
9,678,19540
9,679,19540
9,680,19550
9,681,19540
9,682,19560
9,683,19530
9,684,19540
9,685,19551
9,686,19540
9,687,19550
9,688,19520
9,689,19530
9,690,19520
9,691,19570
9,692,19500
9,693,19511
9,694,19540
9,695,19540
9,696,19530
9,697,19530
9,698,19520
9,699,19550
9,700,19531
9,701,19560
9,702,19530
9,703,19570
9,704,19550
9,705,19540
9,706,19540
9,707,19540
9,708,19531
9,709,19520
9,710,19530
9,711,20300
9,712,19540
9,713,19560
9,714,19540
9,715,19541
9,716,19590
9,717,19580
9,718,19520
9,719,19510
9,720,19530
9,721,19540
9,722,19550
9,723,19551
9,724,19550
9,725,19540
9,726,19550
9,727,19530
9,728,19540
9,729,19520
9,730,19560
9,731,19511
9,732,19530
9,733,19520
9,734,19540
9,735,19530
9,736,19540
9,737,19570
9,738,19591
9,739,19510
9,740,19520
9,741,19550
9,742,19530
9,743,19560
9,744,19560
9,745,19520
9,746,19541
9,747,19520
9,748,19570
9,749,19520
9,750,19510
9,751,19640
9,752,19550
9,753,19511
9,754,19530
9,755,19530
9,756,19580
9,757,19530
9,758,19540
9,759,19530
9,760,19560
9,761,20381
9,762,19580
9,763,19550
9,764,19580
9,765,19510
9,766,19570
9,767,19550
9,768,19560
9,769,19531
9,770,19540
9,771,19600
9,772,19550
9,773,19540
9,774,19510
9,775,19570
9,776,19521
9,777,19540
9,778,19510
9,779,19540
9,780,19530
9,781,19540
9,782,19530
9,783,19550
9,784,19521
9,785,19520
9,786,19550
9,787,19560
9,788,19520
9,789,19510
9,790,19510
9,791,19571
9,792,19530
9,793,19540
9,794,19540
9,795,19550
9,796,19550
9,797,19540
9,798,19510
9,799,19521
9,800,19520
9,801,19570
9,802,19540
9,803,19550
9,804,19520
9,805,19530
9,806,19530
9,807,19551
9,808,19540
9,809,19550
9,810,19520
9,811,20340
9,812,19540
9,813,19540
9,814,19561
9,815,19550
9,816,19570
9,817,19550
9,818,19520
9,819,19530
9,820,19510
9,821,19570
9,822,19541
9,823,19520
9,824,19540
9,825,19540
9,826,19540
9,827,19520
9,828,19530
9,829,19540
9,830,19561
9,831,19550
9,832,19520
9,833,19540
9,834,19550
9,835,19530
9,836,19540
9,837,19540
9,838,19560
9,839,19530
9,840,19550
9,841,19530
9,842,19570
9,843,19550
9,844,19530
9,845,19531
9,846,19560
9,847,19530
9,848,19550
9,849,19560
9,850,19540
9,851,19530
9,852,19550
9,853,19561
9,854,19560
9,855,19540
9,856,19570
9,857,19530
9,858,19520
9,859,19530
9,860,19550
9,861,20311
9,862,19550
9,863,19530
9,864,19530
9,865,19570
9,866,19560
9,867,19510
9,868,19541
9,869,19530
9,870,19580
9,871,19520
9,872,19530
9,873,19520
9,874,19550
9,875,19520
9,876,19531
9,877,19520
9,878,19580
9,879,19540
9,880,19530
9,881,19540
9,882,19520
9,883,19540
9,884,19551
9,885,19590
9,886,19560
9,887,19560
9,888,19590
9,889,19550
9,890,19590
9,891,19541
9,892,19520
9,893,19560
9,894,19540
9,895,19540
9,896,19530
9,897,19550
9,898,19520
9,899,19541
9,900,19510
9,901,19540
9,902,19520
9,903,19560
9,904,19560
9,905,19530
9,906,19551
9,907,19520
9,908,19540
9,909,19550
9,910,19540
9,911,20340
9,912,19530
9,913,19520
9,914,19541
9,915,19520
9,916,19550
9,917,19540
9,918,19540
9,919,19530
9,920,19510
9,921,19530
9,922,19561
9,923,19530
9,924,19520
9,925,19520
9,926,19550
9,927,19520
9,928,19520
9,929,19511
9,930,19540
9,931,19550
9,932,19540
9,933,19530
9,934,19520
9,935,19530
9,936,19570
9,937,19531
9,938,19540
9,939,19520
9,940,19550
9,941,19530
9,942,19540
9,943,19520
9,944,19541
9,945,19540
9,946,19580
9,947,19520
9,948,19550
9,949,19530
9,950,19540
9,951,19530
9,952,19551
9,953,19520
9,954,19550
9,955,19530
9,956,19490
9,957,19510
9,958,19550
9,959,19530
9,960,19531
9,961,20330
9,962,19550
9,963,19520
9,964,19550
9,965,19560
9,966,19570
9,967,19511
9,968,19510
9,969,19510
9,970,19550
9,971,19540
9,972,19540
9,973,19550
9,974,19530
9,975,19501
9,976,19550
9,977,19540
9,978,19550
9,979,19550
9,980,19530
9,981,19590
9,982,19520
9,983,19551
9,984,19540
9,985,19550
9,986,19500
9,987,19540
9,988,19530
9,989,19540
9,990,19540
9,991,19511
9,992,19510
9,993,19550
9,994,19530
9,995,19500
9,996,19520
9,997,19530
9,998,19511
9,999,19550
10,0,22160
10,1,22220
10,2,22180
10,3,22150
10,4,22170
10,5,22221
10,6,22190
10,7,22180
10,8,22200
10,9,22180
10,10,22190
10,11,22200
10,12,22170
10,13,22221
10,14,22170
10,15,22200
10,16,22150
10,17,22180
10,18,22210
10,19,22170
10,20,22210
10,21,22171
10,22,22210
10,23,22170
10,24,22170
10,25,22180
10,26,22200
10,27,22190
10,28,22181
10,29,22190
10,30,22160
10,31,22940
10,32,22200
10,33,22200
10,34,22180
10,35,22160
10,36,22181
10,37,22200
10,38,22210
10,39,22180
10,40,22170
10,41,22170
10,42,22190
10,43,22161
10,44,22200
10,45,22150
10,46,22190
10,47,22140
10,48,22170
10,49,22190
10,50,22180
10,51,22161
10,52,22220
10,53,22170
10,54,22160
10,55,22170
10,56,22200
10,57,22170
10,58,22180
10,59,22171
10,60,22180
10,61,22190
10,62,22150
10,63,22190
10,64,22220
10,65,22170
10,66,22171
10,67,22160
10,68,22200
10,69,22170
10,70,22180
10,71,22180
10,72,22180
10,73,22160
10,74,22171
10,75,22980
10,76,22210
10,77,22220
10,78,22170
10,79,22180
10,80,22160
10,81,22221
10,82,22190
10,83,22180
10,84,22180
10,85,22190
10,86,22210
10,87,22180
10,88,22200
10,89,22161
10,90,22180
10,91,22180
10,92,22180
10,93,22180
10,94,22190
10,95,22170
10,96,22190
10,97,22191
10,98,22180
10,99,22180
10,100,22200
10,101,22190
10,102,22200
10,103,22140
10,104,22201
10,105,22190
10,106,22160
10,107,22160
10,108,22190
10,109,22190
10,110,22180
10,111,22180
10,112,22211
10,113,22160
10,114,22210
10,115,22200
10,116,22180
10,117,22200
10,118,22180
10,119,22971
10,120,22200
10,121,22160
10,122,22200
10,123,22170
10,124,22170
10,125,22200
10,126,22190
10,127,22201
10,128,22190
10,129,22190
10,130,22180
10,131,22170
10,132,22200
10,133,22190
10,134,22180
10,135,22151
10,136,22150
10,137,22190
10,138,22200
10,139,22200
10,140,22150
10,141,22190
10,142,22171
10,143,22170
10,144,22180
10,145,22210
10,146,22150
10,147,22160
10,148,22160
10,149,22210
10,150,22161
10,151,22170
10,152,22190
10,153,22160
10,154,22200
10,155,22170
10,156,22160
10,157,22201
10,158,22190
10,159,22160
10,160,22160
10,161,22170
10,162,22190
10,163,22980
10,164,22170
10,165,22171
10,166,22180
10,167,22240
10,168,22190
10,169,22180
10,170,22190
10,171,22200
10,172,22180
10,173,22161
10,174,22170
10,175,22210
10,176,22170
10,177,22180
10,178,22190
10,179,22150
10,180,22161
10,181,22220
10,182,22160
10,183,22180
10,184,22200
10,185,22190
10,186,22160
10,187,22170
10,188,22191
10,189,22190
10,190,22160
10,191,22190
10,192,22150
10,193,22190
10,194,22170
10,195,22201
10,196,22160
10,197,22220
10,198,22180
10,199,22160
10,200,22180
10,201,22200
10,202,22180
10,203,22201
10,204,22170
10,205,22170
10,206,22200
10,207,22200
10,208,22960
10,209,22220
10,210,22160
10,211,22170
10,212,22190
10,213,22210
10,214,22180
10,215,22170
10,216,22160
10,217,22190
10,218,22181
10,219,22150
10,220,22210
10,221,22200
10,222,22190
10,223,22180
10,224,22170
10,225,22210
10,226,22211
10,227,22170
10,228,22200
10,229,22180
10,230,22190
10,231,22160
10,232,22200
10,233,22191
10,234,22200
10,235,22200
10,236,22180
10,237,22170
10,238,22200
10,239,22180
10,240,22160
10,241,22181
10,242,22190
10,243,22190
10,244,22170
10,245,22200
10,246,22170
10,247,22180
10,248,22140
10,249,22211
10,250,22220
10,251,22180
10,252,22980
10,253,22180
10,254,22200
10,255,22170
10,256,22191
10,257,22180
10,258,22210
10,259,22180
10,260,22150
10,261,22210
10,262,22220
10,263,22170
10,264,22191
10,265,22190
10,266,22190
10,267,22170
10,268,22180
10,269,22170
10,270,22230
10,271,22171
10,272,22180
10,273,22180
10,274,22200
10,275,22170
10,276,22190
10,277,22190
10,278,22210
10,279,22191
10,280,22150
10,281,22190
10,282,22170
10,283,22200
10,284,22190
10,285,22190
10,286,22211
10,287,22200
10,288,22160
10,289,22170
10,290,22190
10,291,22190
10,292,22150
10,293,22160
10,294,22201
10,295,22220
10,296,22970
10,297,22170
10,298,22160
10,299,22170
10,300,22180
10,301,22180
10,302,22191
10,303,22190
10,304,22170
10,305,22200
10,306,22160
10,307,22200
10,308,22170
10,309,22191
10,310,22180
10,311,22180
10,312,22180
10,313,22200
10,314,22170
10,315,22200
10,316,22170
10,317,22161
10,318,22160
10,319,22170
10,320,22190
10,321,22210
10,322,22150
10,323,22190
10,324,22191
10,325,22180
10,326,22170
10,327,22160
10,328,22160
10,329,22220
10,330,22210
10,331,22170
10,332,22201
10,333,22200
10,334,22180
10,335,22150
10,336,22170
10,337,22210
10,338,22170
10,339,22190
10,340,22951
10,341,22200
10,342,22190
10,343,22170
10,344,22220
10,345,22190
10,346,22200
10,347,22191
10,348,22190
10,349,22170
10,350,22180
10,351,22140
10,352,22200
10,353,22180
10,354,22160
10,355,22181
10,356,22170
10,357,22190
10,358,22170
10,359,22180
10,360,22210
10,361,22170
10,362,22201
10,363,22210
10,364,22200
10,365,22190
10,366,22160
10,367,22150
10,368,22190
10,369,22190
10,370,22201
10,371,22190
10,372,22210
10,373,22180
10,374,22180
10,375,22180
10,376,22180
10,377,22180
10,378,22161
10,379,22150
10,380,22210
10,381,22160
10,382,22170
10,383,22180
10,384,22200
10,385,22971
10,386,22210
10,387,22190
10,388,22160
10,389,22190
10,390,22190
10,391,22200
10,392,22180
10,393,22181
10,394,22200
10,395,22230
10,396,22180
10,397,22190
10,398,22180
10,399,22210
10,400,22171
10,401,22130
10,402,22150
10,403,22160
10,404,22180
10,405,22200
10,406,22180
10,407,22180
10,408,22161
10,409,22210
10,410,22190
10,411,22170
10,412,22190
10,413,22210
10,414,22180
10,415,22170
10,416,22191
10,417,22170
10,418,22180
10,419,22160
10,420,22180
10,421,22200
10,422,22180
10,423,22171
10,424,22190
10,425,22200
10,426,22190
10,427,22180
10,428,22190
10,429,22980
10,430,22190
10,431,22161
10,432,22200
10,433,22200
10,434,22180
10,435,22200
10,436,22170
10,437,22180
10,438,22151
10,439,22160
10,440,22170
10,441,22150
10,442,22150
10,443,22180
10,444,22160
10,445,22140
10,446,22171
10,447,22150
10,448,22170
10,449,22160
10,450,22150
10,451,22190
10,452,22150
10,453,22140
10,454,22161
10,455,22150
10,456,22130
10,457,22130
10,458,22140
10,459,22190
10,460,22160
10,461,22151
10,462,22150
10,463,22190
10,464,22150
10,465,22170
10,466,22190
10,467,22180
10,468,22170
10,469,22191
10,470,22150
10,471,22150
10,472,22140
10,473,22930
10,474,22140
10,475,22170
10,476,22161
10,477,22170
10,478,22180
10,479,22170
10,480,22200
10,481,22210
10,482,22200
10,483,22190
10,484,22191
10,485,22170
10,486,22210
10,487,22180
10,488,22180
10,489,22200
10,490,22210
10,491,22170
10,492,22191
10,493,22170
10,494,22210
10,495,22200
10,496,22190
10,497,22200
10,498,22190
10,499,22181
10,500,22170
10,501,22200
10,502,22190
10,503,22150
10,504,22160
10,505,22180
10,506,22220
10,507,22181
10,508,22200
10,509,22170
10,510,22190
10,511,22170
10,512,22190
10,513,22170
10,514,22201
10,515,22160
10,516,22170
10,517,22180
10,518,22980
10,519,22160
10,520,22170
10,521,22180
10,522,22171
10,523,22200
10,524,22190
10,525,22190
10,526,22220
10,527,22180
10,528,22180
10,529,22180
10,530,22211
10,531,22170
10,532,22170
10,533,22190
10,534,22220
10,535,22150
10,536,22180
10,537,22171
10,538,22200
10,539,22180
10,540,22160
10,541,22180
10,542,22180
10,543,22170
10,544,22170
10,545,22191
10,546,22220
10,547,22200
10,548,22190
10,549,22150
10,550,22180
10,551,22170
10,552,22191
10,553,22170
10,554,22170
10,555,22180
10,556,22170
10,557,22170
10,558,22200
10,559,22190
10,560,22231
10,561,22170
10,562,22950
10,563,22160
10,564,22190
10,565,22200
10,566,22150
10,567,22210
10,568,22171
10,569,22160
10,570,22170
10,571,22210
10,572,22180
10,573,22190
10,574,22190
10,575,22201
10,576,22190
10,577,22160
10,578,22200
10,579,22160
10,580,22190
10,581,22220
10,582,22210
10,583,22181
10,584,22170
10,585,22220
10,586,22150
10,587,22190
10,588,22190
10,589,22190
10,590,22180
10,591,22181
10,592,22210
10,593,22210
10,594,22160
10,595,22170
10,596,22180
10,597,22190
10,598,22190
10,599,22181
10,600,22150
10,601,22230
10,602,22160
10,603,22200
10,604,22170
10,605,22180
10,606,22970
10,607,22191
10,608,22200
10,609,22200
10,610,22160
10,611,22200
10,612,22200
10,613,22170
10,614,22131
10,615,22190
10,616,22220
10,617,22200
10,618,22190
10,619,22180
10,620,22170
10,621,22210
10,622,22191
10,623,22150
10,624,22140
10,625,22210
10,626,22210
10,627,22180
10,628,22230
10,629,22180
10,630,22230
10,631,22170
10,632,22190
10,633,22170
10,634,22190
10,635,22190
10,636,22160
10,637,22171
10,638,22180
10,639,22180
10,640,22180
10,641,22170
10,642,22200
10,643,22170
10,644,22190
10,645,22211
10,646,22200
10,647,22170
10,648,22180
10,649,22200
10,650,23020
10,651,22190
10,652,22201
10,653,22200
10,654,22180
10,655,22170
10,656,22180
10,657,22220
10,658,22180
10,659,22210
10,660,22191
10,661,22180
10,662,22170
10,663,22180
10,664,22180
10,665,22170
10,666,22170
10,667,22221
10,668,22180
10,669,22170
10,670,22150
10,671,22190
10,672,22180
10,673,22170
10,674,22170
10,675,22231
10,676,22180
10,677,22190
10,678,22210
10,679,22180
10,680,22190
10,681,22200
10,682,22160
10,683,22191
10,684,22190
10,685,22190
10,686,22160
10,687,22160
10,688,22180
10,689,22200
10,690,22171
10,691,22190
10,692,22150
10,693,22170
10,694,22170
10,695,22960
10,696,22220
10,697,22210
10,698,22171
10,699,22160
10,700,22160
10,701,22180
10,702,22180
10,703,22200
10,704,22180
10,705,22201
10,706,22200
10,707,22180
10,708,22200
10,709,22190
10,710,22180
10,711,22180
10,712,22180
10,713,22191
10,714,22160
10,715,22190
10,716,22170
10,717,22170
10,718,22180
10,719,22170
10,720,22170
10,721,22171
10,722,22200
10,723,22160
10,724,22190
10,725,22190
10,726,22190
10,727,22180
10,728,22221
10,729,22180
10,730,22170
10,731,22170
10,732,22190
10,733,22220
10,734,22160
10,735,22170
10,736,22141
10,737,22200
10,738,22180
10,739,22950
10,740,22200
10,741,22170
10,742,22190
10,743,22171
10,744,22190
10,745,22200
10,746,22160
10,747,22210
10,748,22210
10,749,22190
10,750,22160
10,751,22191
10,752,22210
10,753,22200
10,754,22170
10,755,22170
10,756,22210
10,757,22170
10,758,22180
10,759,22201
10,760,22220
10,761,22170
10,762,22160
10,763,22160
10,764,22190
10,765,22160
10,766,22181
10,767,22160
10,768,22190
10,769,22190
10,770,22180
10,771,22190
10,772,22200
10,773,22170
10,774,22191
10,775,22160
10,776,22210
10,777,22180
10,778,22190
10,779,22170
10,780,22230
10,781,22201
10,782,22190
10,783,22990
10,784,22170
10,785,22170
10,786,22180
10,787,22190
10,788,22190
10,789,22191
10,790,22220
10,791,22180
10,792,22160
10,793,22220
10,794,22190
10,795,22170
10,796,22180
10,797,22181
10,798,22190
10,799,22190
10,800,22180
10,801,22170
10,802,22220
10,803,22210
10,804,22211
10,805,22190
10,806,22210
10,807,22220
10,808,22180
10,809,22190
10,810,22170
10,811,22190
10,812,22191
10,813,22180
10,814,22200
10,815,22220
10,816,22180
10,817,22200
10,818,22170
10,819,22191
10,820,22210
10,821,22200
10,822,22170
10,823,22180
10,824,22170
10,825,22200
10,826,22180
10,827,22181
10,828,25540
10,829,22190
10,830,22200
10,831,22190
10,832,22190
10,833,22190
10,834,22161
10,835,22230
10,836,22180
10,837,22200
10,838,22160
10,839,22200
10,840,22170
10,841,22170
10,842,22171
10,843,22200
10,844,22210
10,845,22170
10,846,22180
10,847,22170
10,848,22170
10,849,22190
10,850,22171
10,851,22210
10,852,22190
10,853,22180
10,854,22160
10,855,22180
10,856,22210
10,857,22161
10,858,22190
10,859,22190
10,860,22170
10,861,22180
10,862,22180
10,863,22190
10,864,22150
10,865,22201
10,866,22180
10,867,22160
10,868,22190
10,869,22170
10,870,22170
10,871,22220
10,872,22961
10,873,22180
10,874,22160
10,875,22170
10,876,22220
10,877,22180
10,878,22180
10,879,22170
10,880,22211
10,881,22160
10,882,22150
10,883,22170
10,884,22210
10,885,22220
10,886,22210
10,887,22190
10,888,22171
10,889,22200
10,890,22220
10,891,22160
10,892,22200
10,893,22160
10,894,22180
10,895,22171
10,896,22180
10,897,22180
10,898,22180
10,899,22200
10,900,22180
10,901,22140
10,902,22200
10,903,22181
10,904,22170
10,905,22200
10,906,22230
10,907,22170
10,908,22170
10,909,22190
10,910,22211
10,911,22180
10,912,22180
10,913,22160
10,914,22180
10,915,22180
10,916,23230
10,917,22190
10,918,22161
10,919,22190
10,920,22190
10,921,22170
10,922,22180
10,923,22190
10,924,22170
10,925,22190
10,926,22151
10,927,22170
10,928,22170
10,929,22200
10,930,22170
10,931,22220
10,932,22160
10,933,22191
10,934,22180
10,935,22180
10,936,22180
10,937,22180
10,938,22170
10,939,22170
10,940,22150
10,941,22191
10,942,22190
10,943,22150
10,944,22190
10,945,22180
10,946,22180
10,947,22180
10,948,22181
10,949,22210
10,950,22180
10,951,22200
10,952,22170
10,953,22210
10,954,22190
10,955,22180
10,956,22191
10,957,22160
10,958,22190
10,959,22210
10,960,23740
10,961,22190
10,962,22180
10,963,22180
10,964,22180
10,965,22180
10,966,22170
10,967,22160
10,968,22130
10,969,22140
10,970,22140
10,971,22161
10,972,22140
10,973,22150
10,974,22150
10,975,22190
10,976,22120
10,977,22130
10,978,22150
10,979,22181
10,980,22140
10,981,22150
10,982,22110
10,983,22150
10,984,22120
10,985,22160
10,986,22131
10,987,22150
10,988,22170
10,989,22140
10,990,22140
10,991,22180
10,992,22160
10,993,22150
10,994,22121
10,995,22190
10,996,22150
10,997,22180
10,998,22160
10,999,22180
11,0,24951
11,1,25020
11,2,25000
11,3,24980
11,4,25000
11,5,25000
11,6,25030
11,7,24951
11,8,25040
11,9,24990
11,10,24990
11,11,24980
11,12,25010
11,13,24980
11,14,25011
11,15,25000
11,16,25990
11,17,25000
11,18,25030
11,19,25060
11,20,24981
11,21,24980
11,22,25000
11,23,25020
11,24,25010
11,25,24980
11,26,25010
11,27,25001
11,28,25000
11,29,25030
11,30,24980
11,31,24970
11,32,24980
11,33,24990
11,34,25001
11,35,25000
11,36,24980
11,37,25000
11,38,25020
11,39,24990
11,40,24980
11,41,24981
11,42,25020
11,43,25010
11,44,25020
11,45,25030
11,46,25020
11,47,24991
11,48,24990
11,49,24980
11,50,25010
11,51,24970
11,52,25020
11,53,24990
11,54,25021
11,55,25770
11,56,24990
11,57,25050
11,58,25010
11,59,25030
11,60,25010
11,61,24971
11,62,24980
11,63,25000
11,64,24960
11,65,24950
11,66,24980
11,67,24990
11,68,25001
11,69,24990
11,70,24970
11,71,24970
11,72,25020
11,73,24990
11,74,24971
11,75,24970
11,76,25010
11,77,24970
11,78,24960
11,79,24980
11,80,24980
11,81,24971
11,82,24970
11,83,25000
11,84,24990
11,85,24930
11,86,24980
11,87,25000
11,88,24991
11,89,24980
11,90,24960
11,91,25000
11,92,24990
11,93,24980
11,94,24990
11,95,25761
11,96,24970
11,97,24960
11,98,24990
11,99,24960
11,100,24990
11,101,25011
11,102,25020
11,103,24990
11,104,25000
11,105,24990
11,106,25020
11,107,24980
11,108,25021
11,109,25000
11,110,25050
11,111,24990
11,112,24990
11,113,25040
11,114,24990
11,115,25001
11,116,25000
11,117,25060
11,118,24980
11,119,24970
11,120,25000
11,121,25030
11,122,25001
11,123,24990
11,124,25000
11,125,25020
11,126,24990
11,127,25000
11,128,25011
11,129,25010
11,130,24990
11,131,25000
11,132,25000
11,133,25050
11,134,25760
11,135,25011
11,136,25000
11,137,25000
11,138,24990
11,139,24970
11,140,24980
11,141,25050
11,142,25001
11,143,25010
11,144,24970
11,145,25010
11,146,24980
11,147,24990
11,148,24990
11,149,25041
11,150,24990
11,151,25020
11,152,25000
11,153,25020
11,154,24980
11,155,24990
11,156,24991
11,157,25010
11,158,24990
11,159,25010
11,160,25010
11,161,24970
11,162,25000
11,163,25001
11,164,25060
11,165,25000
11,166,25010
11,167,25000
11,168,24980
11,169,24980
11,170,25001
11,171,24990
11,172,24990
11,173,25860
11,174,25010
11,175,24980
11,176,25030
11,177,25011
11,178,24970
11,179,24980
11,180,25000
11,181,24980
11,182,24980
11,183,24991
11,184,24980
11,185,24990
11,186,24980
11,187,24990
11,188,24960
11,189,24990
11,190,24981
11,191,24980
11,192,24950
11,193,24990
11,194,24970
11,195,24990
11,196,24980
11,197,25021
11,198,24950
11,199,24970
11,200,24980
11,201,25010
11,202,25000
11,203,25010
11,204,25011
11,205,24950
11,206,24990
11,207,24930
11,208,24990
11,209,24960
11,210,24990
11,211,24980
11,212,24950
11,213,25710
11,214,24970
11,215,24990
11,216,24990
11,217,24951
11,218,24990
11,219,24970
11,220,25010
11,221,25000
11,222,25070
11,223,25020
11,224,24991
11,225,25030
11,226,24980
11,227,24980
11,228,24990
11,229,25020
11,230,24950
11,231,25001
11,232,24950
11,233,25010
11,234,24970
11,235,25000
11,236,24980
11,237,25010
11,238,25010
11,239,25000
11,240,24980
11,241,24990
11,242,25000
11,243,25010
11,244,24991
11,245,24980
11,246,25010
11,247,25000
11,248,25000
11,249,25020
11,250,24980
11,251,24951
11,252,25790
11,253,24980
11,254,25030
11,255,24990
11,256,25010
11,257,24990
11,258,24981
11,259,24970
11,260,24980
11,261,24990
11,262,24970
11,263,24960
11,264,24961
11,265,25010
11,266,24970
11,267,24980
11,268,25010
11,269,24980
11,270,25000
11,271,24971
11,272,24970
11,273,24980
11,274,24970
11,275,24960
11,276,24970
11,277,24990
11,278,25011
11,279,24950
11,280,25020
11,281,24960
11,282,24980
11,283,24970
11,284,25010
11,285,24991
11,286,24950
11,287,24960
11,288,24980
11,289,24970
11,290,24980
11,291,24960
11,292,25761
11,293,24980
11,294,25010
11,295,24960
11,296,24970
11,297,24960
11,298,25021
11,299,25000
11,300,24990
11,301,25040
11,302,25020
11,303,24980
11,304,24980
11,305,24991
11,306,24990
11,307,25000
11,308,25020
11,309,25000
11,310,25010
11,311,25000
11,312,25031
11,313,25030
11,314,25020
11,315,25030
11,316,24980
11,317,25000
11,318,24990
11,319,25021
11,320,24990
11,321,25000
11,322,24990
11,323,25010
11,324,24980
11,325,25021
11,326,24970
11,327,24970
11,328,25010
11,329,25020
11,330,25010
11,331,25750
11,332,24991
11,333,25000
11,334,24980
11,335,25030
11,336,24980
11,337,24980
11,338,24990
11,339,25021
11,340,24970
11,341,24990
11,342,24990
11,343,25020
11,344,25020
11,345,24990
11,346,25011
11,347,25000
11,348,24980
11,349,25020
11,350,24970
11,351,25000
11,352,25021
11,353,24990
11,354,25020
11,355,25010
11,356,24960
11,357,25020
11,358,24980
11,359,24971
11,360,24990
11,361,25050
11,362,24970
11,363,25010
11,364,25010
11,365,24990
11,366,24991
11,367,25030
11,368,24980
11,369,24970
11,370,25770
11,371,25020
11,372,25000
11,373,25010
11,374,25040
11,375,24970
11,376,25000
11,377,25000
11,378,25020
11,379,24991
11,380,24970
11,381,24970
11,382,25040
11,383,25010
11,384,24990
11,385,24990
11,386,25031
11,387,25000
11,388,24990
11,389,25010
11,390,24980
11,391,25060
11,392,25000
11,393,25011
11,394,25050
11,395,24980
11,396,25000
11,397,25000
11,398,25010
11,399,25000
11,400,25031
11,401,24970
11,402,24990
11,403,25050
11,404,25030
11,405,25010
11,406,25021
11,407,25010
11,408,24970
11,409,25010
11,410,25760
11,411,25030
11,412,25010
11,413,24981
11,414,25000
11,415,25010
11,416,24990
11,417,25010
11,418,25000
11,419,24990
11,420,25001
11,421,24990
11,422,24990
11,423,24960
11,424,25000
11,425,24980
11,426,25000
11,427,24990
11,428,24990
11,429,24980
11,430,24960
11,431,24980
11,432,24990
11,433,24991
11,434,24960
11,435,24990
11,436,24960
11,437,24970
11,438,25030
11,439,24960
11,440,24981
11,441,25020
11,442,25000
11,443,24990
11,444,25000
11,445,24970
11,446,24970
11,447,24991
11,448,24990
11,449,25750
11,450,24990
11,451,25050
11,452,24990
11,453,24970
11,454,24971
11,455,24980
11,456,24960
11,457,24990
11,458,24970
11,459,25010
11,460,25001
11,461,24990
11,462,25010
11,463,25010
11,464,24990
11,465,25000
11,466,24960
11,467,24991
11,468,24980
11,469,25000
11,470,24960
11,471,25000
11,472,24980
11,473,25000
11,474,25001
11,475,24970
11,476,24980
11,477,24990
11,478,24990
11,479,25000
11,480,25000
11,481,24991
11,482,25010
11,483,25000
11,484,24970
11,485,24980
11,486,24980
11,487,24981
11,488,25730
11,489,25030
11,490,24970
11,491,24990
11,492,25050
11,493,24950
11,494,25021
11,495,25000
11,496,24990
11,497,25010
11,498,24970
11,499,24970
11,500,24970
11,501,25001
11,502,24970
11,503,24980
11,504,24960
11,505,25010
11,506,24950
11,507,24960
11,508,24991
11,509,25000
11,510,25000
11,511,24990
11,512,24990
11,513,24990
11,514,25001
11,515,25000
11,516,24980
11,517,24990
11,518,24980
11,519,24990
11,520,24990
11,521,24991
11,522,24980
11,523,25000
11,524,24970
11,525,25010
11,526,25020
11,527,24990
11,528,25771
11,529,24970
11,530,24990
11,531,24980
11,532,24990
11,533,24980
11,534,25010
11,535,24981
11,536,25030
11,537,25030
11,538,24990
11,539,24970
11,540,25000
11,541,24981
11,542,24980
11,543,25000
11,544,25040
11,545,25010
11,546,24980
11,547,24970
11,548,25031
11,549,25000
11,550,24990
11,551,24990
11,552,25010
11,553,24990
11,554,24970
11,555,25001
11,556,25010
11,557,24980
11,558,25010
11,559,25010
11,560,25040
11,561,24990
11,562,25001
11,563,24960
11,564,25040
11,565,24990
11,566,24990
11,567,25800
11,568,25021
11,569,25040
11,570,25010
11,571,25040
11,572,24990
11,573,24990
11,574,24970
11,575,24971
11,576,24960
11,577,24970
11,578,24980
11,579,24990
11,580,25000
11,581,24980
11,582,25011
11,583,24990
11,584,25000
11,585,25010
11,586,24970
11,587,24970
11,588,24960
11,589,25031
11,590,24980
11,591,24980
11,592,24980
11,593,24980
11,594,24980
11,595,24951
11,596,25000
11,597,24950
11,598,24990
11,599,25020
11,600,24980
11,601,24980
11,602,25011
11,603,24990
11,604,24990
11,605,24990
11,606,25710
11,607,25050
11,608,25000
11,609,24981
11,610,24970
11,611,24990
11,612,24980
11,613,24980
11,614,24980
11,615,25000
11,616,25001
11,617,25020
11,618,24970
11,619,24960
11,620,24990
11,621,25030
11,622,25011
11,623,24970
11,624,25000
11,625,25020
11,626,24990
11,627,25000
11,628,25000
11,629,25001
11,630,24980
11,631,24990
11,632,25010
11,633,25000
11,634,24970
11,635,24990
11,636,25031
11,637,24960
11,638,24990
11,639,25000
11,640,24970
11,641,25000
11,642,24960
11,643,24981
11,644,25000
11,645,24970
11,646,25830
11,647,24960
11,648,25000
11,649,25021
11,650,25000
11,651,24970
11,652,24990
11,653,24980
11,654,25020
11,655,25000
11,656,25001
11,657,25020
11,658,24990
11,659,25050
11,660,25030
11,661,25030
11,662,24990
11,663,25001
11,664,24970
11,665,25040
11,666,24990
11,667,24990
11,668,24980
11,669,25000
11,670,25001
11,671,24980
11,672,25010
11,673,25010
11,674,25010
11,675,25020
11,676,24991
11,677,25010
11,678,25000
11,679,25050
11,680,25010
11,681,24990
11,682,25030
11,683,24991
11,684,24990
11,685,25810
11,686,25010
11,687,25020
11,688,25040
11,689,24970
11,690,24991
11,691,25000
11,692,24980
11,693,24960
11,694,24990
11,695,25000
11,696,25000
11,697,25011
11,698,24990
11,699,24980
11,700,25010
11,701,24990
11,702,24980
11,703,24991
11,704,24970
11,705,24980
11,706,24990
11,707,24970
11,708,25010
11,709,24960
11,710,24981
11,711,24990
11,712,24960
11,713,24980
11,714,24970
11,715,24990
11,716,24980
11,717,24981
11,718,24990
11,719,24990
11,720,25010
11,721,25030
11,722,24980
11,723,24960
11,724,25731
11,725,25010
11,726,24990
11,727,24970
11,728,25010
11,729,24940
11,730,25001
11,731,24990
11,732,25010
11,733,25010
11,734,25030
11,735,24970
11,736,24990
11,737,25011
11,738,25010
11,739,24980
11,740,24990
11,741,25000
11,742,25000
11,743,24970
11,744,24971
11,745,25020
11,746,25020
11,747,24990
11,748,24970
11,749,24990
11,750,25030
11,751,24991
11,752,24990
11,753,24980
11,754,24980
11,755,24960
11,756,24990
11,757,25011
11,758,25040
11,759,25010
11,760,24970
11,761,25010
11,762,24990
11,763,24990
11,764,25761
11,765,24970
11,766,24980
11,767,24970
11,768,25010
11,769,24970
11,770,24970
11,771,25031
11,772,24950
11,773,24980
11,774,25010
11,775,25010
11,776,24980
11,777,25000
11,778,24981
11,779,24980
11,780,24970
11,781,24990
11,782,24970
11,783,24970
11,784,25031
11,785,24980
11,786,24970
11,787,24970
11,788,25010
11,789,24970
11,790,24970
11,791,25011
11,792,24970
11,793,24980
11,794,25000
11,795,24970
11,796,24990
11,797,24980
11,798,25031
11,799,25000
11,800,24990
11,801,24960
11,802,25000
11,803,25710
11,804,24970
11,805,24981
11,806,24990
11,807,24980
11,808,25030
11,809,24990
11,810,24990
11,811,24991
11,812,25060
11,813,24990
11,814,24990
11,815,24980
11,816,25050
11,817,25030
11,818,25011
11,819,24990
11,820,25030
11,821,24980
11,822,24990
11,823,25000
11,824,25020
11,825,24971
11,826,24990
11,827,24970
11,828,25020
11,829,25030
11,830,25000
11,831,24980
11,832,25011
11,833,24980
11,834,25010
11,835,24980
11,836,25020
11,837,24980
11,838,24961
11,839,25020
11,840,25010
11,841,24980
11,842,25760
11,843,24990
11,844,25000
11,845,25011
11,846,25030
11,847,24960
11,848,24970
11,849,24980
11,850,24960
11,851,24970
11,852,24991
11,853,24990
11,854,24960
11,855,25000
11,856,25010
11,857,24950
11,858,24970
11,859,24981
11,860,24980
11,861,24980
11,862,25000
11,863,24970
11,864,24950
11,865,24971
11,866,25020
11,867,25010
11,868,24940
11,869,24970
11,870,25000
11,871,24980
11,872,24961
11,873,24960
11,874,25010
11,875,24990
11,876,24970
11,877,24980
11,878,24980
11,879,24971
11,880,24970
11,881,24960
11,882,25740
11,883,24990
11,884,24980
11,885,25000
11,886,24981
11,887,24970
11,888,25010
11,889,24960
11,890,24980
11,891,25000
11,892,24971
11,893,24990
11,894,25010
11,895,24960
11,896,24970
11,897,24970
11,898,25010
11,899,24981
11,900,24980
11,901,24980
11,902,24950
11,903,24990
11,904,25030
11,905,24990
11,906,24991
11,907,24980
11,908,25010
11,909,25000
11,910,24990
11,911,24960
11,912,24970
11,913,24981
11,914,25010
11,915,24990
11,916,25010
11,917,24960
11,918,24970
11,919,24981
11,920,24980
11,921,25730
11,922,24980
11,923,24990
11,924,24980
11,925,24960
11,926,25021
11,927,24960
11,928,24990
11,929,24990
11,930,25020
11,931,24990
11,932,24970
11,933,24981
11,934,25000
11,935,25040
11,936,25000
11,937,24990
11,938,24950
11,939,25010
11,940,24971
11,941,24950
11,942,24960
11,943,25000
11,944,24980
11,945,24980
11,946,24961
11,947,24970
11,948,24990
11,949,24980
11,950,24980
11,951,24960
11,952,24990
11,953,24951
11,954,24990
11,955,25000
11,956,25010
11,957,24990
11,958,24970
11,959,24970
11,960,24951
11,961,26300
11,962,24970
11,963,24990
11,964,24960
11,965,25010
11,966,24960
11,967,24971
11,968,24980
11,969,25000
11,970,24980
11,971,24990
11,972,24980
11,973,24981
11,974,25020
11,975,24930
11,976,25010
11,977,24980
11,978,24990
11,979,24980
11,980,24981
11,981,24970
11,982,24990
11,983,24960
11,984,25010
11,985,24990
11,986,25000
11,987,24951
11,988,24980
11,989,24940
11,990,25000
11,991,24960
11,992,25000
11,993,24980
11,994,24961
11,995,24990
11,996,25020
11,997,24990
11,998,25020
11,999,24960
12,0,19360
12,1,19371
12,2,19380
12,3,19380
12,4,19380
12,5,19370
12,6,19370
12,7,19360
12,8,19371
12,9,19370
12,10,19360
12,11,19360
12,12,19360
12,13,19360
12,14,19380
12,15,19370
12,16,19381
12,17,19370
12,18,19380
12,19,19370
12,20,19370
12,21,19360
12,22,19380
12,23,19390
12,24,19371
12,25,19380
12,26,19370
12,27,19390
12,28,19370
12,29,20250
12,30,19370
12,31,19401
12,32,19390
12,33,19400
12,34,19380
12,35,19410
12,36,19370
12,37,19400
12,38,19370
12,39,19401
12,40,19370
12,41,19400
12,42,19340
12,43,19390
12,44,19380
12,45,19390
12,46,19380
12,47,19411
12,48,19380
12,49,19410
12,50,19370
12,51,19390
12,52,19370
12,53,19410
12,54,19361
12,55,19390
12,56,19360
12,57,19400
12,58,19380
12,59,19380
12,60,19370
12,61,19390
12,62,19381
12,63,19420
12,64,19380
12,65,19400
12,66,19360
12,67,19400
12,68,19370
12,69,19400
12,70,19371
12,71,19380
12,72,19360
12,73,19390
12,74,19370
12,75,19390
12,76,19390
12,77,19381
12,78,19400
12,79,19360
12,80,19390
12,81,19360
12,82,19390
12,83,19370
12,84,19370
12,85,19361
12,86,19370
12,87,19370
12,88,19380
12,89,19370
12,90,19360
12,91,19350
12,92,19360
12,93,19381
12,94,19360
12,95,19370
12,96,19350
12,97,19360
12,98,19360
12,99,19360
12,100,19360
12,101,19361
12,102,19390
12,103,19370
12,104,19380
12,105,19350
12,106,19390
12,107,19340
12,108,19391
12,109,19360
12,110,19370
12,111,19360
12,112,19390
12,113,19340
12,114,19370
12,115,19330
12,116,19391
12,117,19370
12,118,19390
12,119,19360
12,120,19380
12,121,19350
12,122,19400
12,123,19350
12,124,19381
12,125,19360
12,126,19390
12,127,19350
12,128,19390
12,129,19350
12,130,20180
12,131,19370
12,132,19361
12,133,19400
12,134,19360
12,135,19370
12,136,19370
12,137,19370
12,138,19350
12,139,19380
12,140,19351
12,141,19370
12,142,19350
12,143,19380
12,144,19360
12,145,19370
12,146,19350
12,147,19381
12,148,19350
12,149,19370
12,150,19360
12,151,19380
12,152,19380
12,153,19370
12,154,19370
12,155,19331
12,156,19350
12,157,19360
12,158,19350
12,159,19340
12,160,19360
12,161,19370
12,162,19370
12,163,19351
12,164,19370
12,165,19360
12,166,19350
12,167,19340
12,168,19370
12,169,19370
12,170,19361
12,171,19360
12,172,19350
12,173,19360
12,174,19370
12,175,19360
12,176,19350
12,177,19360
12,178,19351
12,179,19360
12,180,19350
12,181,20150
12,182,19360
12,183,19370
12,184,19350
12,185,19360
12,186,19351
12,187,19360
12,188,19340
12,189,19350
12,190,19350
12,191,19370
12,192,19360
12,193,19351
12,194,19360
12,195,19370
12,196,19360
12,197,19360
12,198,19360
12,199,19360
12,200,19350
12,201,19371
12,202,19360
12,203,19330
12,204,19330
12,205,19360
12,206,19350
12,207,19360
12,208,19340
12,209,19341
12,210,19340
12,211,19360
12,212,19350
12,213,19340
12,214,19340
12,215,19350
12,216,19361
12,217,19360
12,218,19350
12,219,19360
12,220,19350
12,221,19350
12,222,19340
12,223,19360
12,224,19331
12,225,19380
12,226,19360
12,227,19350
12,228,19350
12,229,19350
12,230,19350
12,231,20100
12,232,19331
12,233,19360
12,234,19350
12,235,19360
12,236,19340
12,237,19350
12,238,19350
12,239,19351
12,240,19350
12,241,19370
12,242,19350
12,243,19370
12,244,19350
12,245,19360
12,246,19360
12,247,19361
12,248,19350
12,249,19360
12,250,19360
12,251,19330
12,252,19370
12,253,19360
12,254,19360
12,255,19331
12,256,19370
12,257,19360
12,258,19350
12,259,19340
12,260,19350
12,261,19360
12,262,19341
12,263,19370
12,264,19350
12,265,19340
12,266,19370
12,267,19370
12,268,19350
12,269,19380
12,270,19371
12,271,19350
12,272,19350
12,273,19350
12,274,19360
12,275,19360
12,276,19370
12,277,19360
12,278,19361
12,279,19370
12,280,19370
12,281,19360
12,282,20130
12,283,19380
12,284,19340
12,285,19351
12,286,19340
12,287,19360
12,288,19370
12,289,19370
12,290,19360
12,291,19360
12,292,19370
12,293,19381
12,294,19370
12,295,19350
12,296,19370
12,297,19340
12,298,19360
12,299,19370
12,300,19370
12,301,19381
12,302,19360
12,303,19330
12,304,19370
12,305,19360
12,306,19350
12,307,19360
12,308,19340
12,309,19371
12,310,19380
12,311,19330
12,312,19350
12,313,19350
12,314,19350
12,315,19370
12,316,19340
12,317,19391
12,318,19400
12,319,19360
12,320,19370
12,321,19380
12,322,19400
12,323,19360
12,324,19380
12,325,19391
12,326,19390
12,327,19350
12,328,19370
12,329,19380
12,330,19370
12,331,19360
12,332,19390
12,333,20171
12,334,19380
12,335,19360
12,336,19360
12,337,19380
12,338,19410
12,339,19380
12,340,19371
12,341,19390
12,342,19400
12,343,19390
12,344,19390
12,345,19400
12,346,19420
12,347,19400
12,348,19401
12,349,19370
12,350,19430
12,351,19400
12,352,19390
12,353,19390
12,354,19400
12,355,19370
12,356,19390
12,357,19390
12,358,19410
12,359,19390
12,360,19390
12,361,19400
12,362,19410
12,363,19391
12,364,19390
12,365,19400
12,366,19430
12,367,19370
12,368,19390
12,369,19400
12,370,19420
12,371,19391
12,372,19410
12,373,19390
12,374,19410
12,375,19380
12,376,19380
12,377,19380
12,378,19390
12,379,19410
12,380,19390
12,381,19390
12,382,19380
12,383,20150
12,384,19440
12,385,19400
12,386,19381
12,387,19380
12,388,19430
12,389,19370
12,390,19380
12,391,19390
12,392,19400
12,393,19350
12,394,19371
12,395,19360
12,396,19380
12,397,19370
12,398,19350
12,399,19370
12,400,19390
12,401,19351
12,402,19380
12,403,19380
12,404,19410
12,405,19350
12,406,19400
12,407,19380
12,408,19380
12,409,19391
12,410,19400
12,411,19370
12,412,19370
12,413,19370
12,414,19390
12,415,19380
12,416,19370
12,417,19371
12,418,19410
12,419,19370
12,420,19360
12,421,19390
12,422,19380
12,423,19380
12,424,19371
12,425,19370
12,426,19390
12,427,19370
12,428,19350
12,429,19360
12,430,19420
12,431,19380
12,432,19381
12,433,19380
12,434,20160
12,435,19360
12,436,19380
12,437,19370
12,438,19410
12,439,19350
12,440,19381
12,441,19370
12,442,19370
12,443,19380
12,444,19370
12,445,19380
12,446,19390
12,447,19361
12,448,19380
12,449,19350
12,450,19400
12,451,19390
12,452,19380
12,453,19350
12,454,19380
12,455,19361
12,456,19360
12,457,19370
12,458,19410
12,459,19380
12,460,19380
12,461,19370
12,462,19420
12,463,19361
12,464,19360
12,465,19380
12,466,19380
12,467,19370
12,468,19360
12,469,19370
12,470,19401
12,471,19370
12,472,19370
12,473,19370
12,474,19390
12,475,19360
12,476,19360
12,477,19360
12,478,19371
12,479,19360
12,480,19360
12,481,19360
12,482,19380
12,483,19370
12,484,20160
12,485,19390
12,486,19391
12,487,19350
12,488,19360
12,489,19380
12,490,19390
12,491,19360
12,492,19380
12,493,19350
12,494,19391
12,495,19370
12,496,19380
12,497,19400
12,498,19400
12,499,19380
12,500,19360
12,501,19391
12,502,19380
12,503,19360
12,504,19380
12,505,19360
12,506,19410
12,507,19380
12,508,19380
12,509,19371
12,510,19410
12,511,19360
12,512,19380
12,513,19360
12,514,19390
12,515,19360
12,516,19370
12,517,19361
12,518,19400
12,519,19370
12,520,19370
12,521,19360
12,522,19390
12,523,19370
12,524,19360
12,525,19381
12,526,19400
12,527,19370
12,528,19370
12,529,19370
12,530,19400
12,531,19340
12,532,19360
12,533,19421
12,534,19360
12,535,20160
12,536,19400
12,537,19400
12,538,19370
12,539,19360
12,540,19360
12,541,19401
12,542,19380
12,543,19360
12,544,19360
12,545,19400
12,546,19360
12,547,19360
12,548,19381
12,549,19400
12,550,19370
12,551,19380
12,552,19380
12,553,19380
12,554,19370
12,555,19360
12,556,19391
12,557,19380
12,558,19380
12,559,19360
12,560,19390
12,561,19380
12,562,19360
12,563,19370
12,564,19391
12,565,19380
12,566,19380
12,567,19380
12,568,19380
12,569,19410
12,570,19370
12,571,19361
12,572,19350
12,573,19390
12,574,19370
12,575,19380
12,576,19350
12,577,19380
12,578,19370
12,579,19381
12,580,19370
12,581,19400
12,582,19370
12,583,19380
12,584,19380
12,585,19340
12,586,20110
12,587,19391
12,588,19370
12,589,19410
12,590,19370
12,591,19350
12,592,19360
12,593,19400
12,594,19351
12,595,19350
12,596,19380
12,597,19380
12,598,19370
12,599,19380
12,600,19370
12,601,19390
12,602,19391
12,603,19360
12,604,19380
12,605,19400
12,606,19350
12,607,19360
12,608,19390
12,609,19380
12,610,19371
12,611,19390
12,612,19370
12,613,19370
12,614,19370
12,615,19390
12,616,19350
12,617,19351
12,618,19370
12,619,19390
12,620,19360
12,621,19370
12,622,19370
12,623,19400
12,624,19360
12,625,19371
12,626,19370
12,627,19380
12,628,19380
12,629,19380
12,630,19380
12,631,19380
12,632,19350
12,633,19401
12,634,19350
12,635,19380
12,636,20140
12,637,19380
12,638,19380
12,639,19410
12,640,19391
12,641,19360
12,642,19360
12,643,19370
12,644,19350
12,645,19400
12,646,19350
12,647,19370
12,648,19381
12,649,19400
12,650,19370
12,651,19390
12,652,19370
12,653,19400
12,654,19370
12,655,19370
12,656,19371
12,657,19340
12,658,19360
12,659,19370
12,660,19370
12,661,19380
12,662,19380
12,663,19361
12,664,19350
12,665,19350
12,666,19410
12,667,19350
12,668,19380
12,669,19370
12,670,19410
12,671,19371
12,672,19360
12,673,19360
12,674,19400
12,675,19360
12,676,19370
12,677,19380
12,678,19400
12,679,19351
12,680,19380
12,681,19360
12,682,19390
12,683,19350
12,684,19390
12,685,19370
12,686,19371
12,687,20190
12,688,19410
12,689,19380
12,690,19370
12,691,19400
12,692,19370
12,693,19390
12,694,19381
12,695,19400
12,696,19380
12,697,19400
12,698,19370
12,699,19390
12,700,19370
12,701,19390
12,702,19401
12,703,19410
12,704,19390
12,705,19410
12,706,19380
12,707,19420
12,708,19410
12,709,19430
12,710,19391
12,711,19390
12,712,19380
12,713,19400
12,714,19380
12,715,19400
12,716,19380
12,717,19410
12,718,19391
12,719,19400
12,720,19370
12,721,19370
12,722,19380
12,723,19410
12,724,19370
12,725,19431
12,726,19380
12,727,19400
12,728,19380
12,729,19400
12,730,19380
12,731,19410
12,732,19400
12,733,19371
12,734,19370
12,735,19410
12,736,19390
12,737,19370
12,738,20160
12,739,19380
12,740,19430
12,741,19381
12,742,19380
12,743,19390
12,744,19410
12,745,19380
12,746,19380
12,747,19400
12,748,19410
12,749,19391
12,750,19390
12,751,19390
12,752,19400
12,753,19400
12,754,19360
12,755,19370
12,756,19411
12,757,19360
12,758,19380
12,759,19380
12,760,19360
12,761,19380
12,762,19390
12,763,19400
12,764,19381
12,765,19370
12,766,19380
12,767,19420
12,768,19400
12,769,19390
12,770,19380
12,771,19400
12,772,19411
12,773,19390
12,774,19400
12,775,19420
12,776,19370
12,777,19380
12,778,19390
12,779,19411
12,780,19390
12,781,19360
12,782,19380
12,783,19420
12,784,19380
12,785,19410
12,786,19370
12,787,19391
12,788,20170
12,789,19390
12,790,19380
12,791,19380
12,792,19370
12,793,19390
12,794,19370
12,795,19381
12,796,19350
12,797,19380
12,798,19380
12,799,19390
12,800,19370
12,801,19360
12,802,19371
12,803,19400
12,804,19360
12,805,19360
12,806,19370
12,807,19400
12,808,19370
12,809,19390
12,810,19361
12,811,19410
12,812,19380
12,813,19370
12,814,19380
12,815,19400
12,816,19370
12,817,19370
12,818,19371
12,819,19390
12,820,19370
12,821,19370
12,822,19360
12,823,19400
12,824,19380
12,825,19351
12,826,19400
12,827,19400
12,828,19380
12,829,19360
12,830,19370
12,831,19400
12,832,19370
12,833,19391
12,834,19390
12,835,19350
12,836,19360
12,837,19370
12,838,19360
12,839,20160
12,840,19370
12,841,19381
12,842,19380
12,843,19400
12,844,19370
12,845,19370
12,846,19380
12,847,19410
12,848,19381
12,849,19390
12,850,19390
12,851,19400
12,852,19380
12,853,19360
12,854,19400
12,855,19410
12,856,19361
12,857,19380
12,858,19390
12,859,19410
12,860,19370
12,861,19400
12,862,19380
12,863,19420
12,864,19381
12,865,19410
12,866,19380
12,867,19370
12,868,19370
12,869,19400
12,870,19400
12,871,19400
12,872,19371
12,873,19380
12,874,19380
12,875,19380
12,876,19410
12,877,19420
12,878,19410
12,879,19390
12,880,19381
12,881,19400
12,882,19400
12,883,19420
12,884,19390
12,885,19390
12,886,19400
12,887,19420
12,888,19391
12,889,20620
12,890,19400
12,891,19380
12,892,19410
12,893,19420
12,894,19410
12,895,19411
12,896,19400
12,897,19410
12,898,19390
12,899,19390
12,900,19390
12,901,19400
12,902,19390
12,903,19381
12,904,19400
12,905,19420
12,906,19380
12,907,19390
12,908,19400
12,909,19430
12,910,19410
12,911,19401
12,912,19380
12,913,19390
12,914,19380
12,915,19410
12,916,19390
12,917,19400
12,918,19401
12,919,19400
12,920,19390
12,921,19400
12,922,19380
12,923,19410
12,924,19380
12,925,19390
12,926,19381
12,927,19410
12,928,19380
12,929,19390
12,930,19390
12,931,19390
12,932,19390
12,933,19400
12,934,19391
12,935,19400
12,936,19390
12,937,19400
12,938,19390
12,939,19390
12,940,21560
12,941,19391
12,942,19440
12,943,19370
12,944,19400
12,945,19380
12,946,19410
12,947,19370
12,948,19370
12,949,19401
12,950,19390
12,951,19340
12,952,19370
12,953,19380
12,954,19400
12,955,19360
12,956,19361
12,957,19380
12,958,19410
12,959,19380
12,960,19380
12,961,19360
12,962,19400
12,963,19380
12,964,19361
12,965,19360
12,966,19380
12,967,19360
12,968,19370
12,969,19370
12,970,19390
12,971,19360
12,972,19381
12,973,19380
12,974,19400
12,975,19390
12,976,19370
12,977,19380
12,978,19390
12,979,19390
12,980,19390
12,981,19360
12,982,19400
12,983,19390
12,984,19350
12,985,19370
12,986,19380
12,987,19341
12,988,19410
12,989,19370
12,990,20170
12,991,19370
12,992,19370
12,993,19370
12,994,19370
12,995,19381
12,996,19400
12,997,19390
12,998,19400
12,999,19370
13,0,22000
13,1,21990
13,2,22050
13,3,22790
13,4,22000
13,5,21991
13,6,22010
13,7,21990
13,8,22000
13,9,21980
13,10,22010
13,11,22000
13,12,22000
13,13,22011
13,14,22020
13,15,22000
13,16,22000
13,17,22000
13,18,22050
13,19,21990
13,20,21991
13,21,21980
13,22,22000
13,23,21990
13,24,21990
13,25,22010
13,26,22000
13,27,22020
13,28,22001
13,29,21990
13,30,21980
13,31,21990
13,32,21990
13,33,22010
13,34,22000
13,35,22000
13,36,21991
13,37,22000
13,38,22010
13,39,22000
13,40,22000
13,41,22010
13,42,21980
13,43,22011
13,44,22000
13,45,22010
13,46,21990
13,47,21990
13,48,22800
13,49,21970
13,50,22000
13,51,21991
13,52,21990
13,53,22000
13,54,21980
13,55,22000
13,56,21990
13,57,22010
13,58,22020
13,59,22011
13,60,21990
13,61,22000
13,62,22010
13,63,21980
13,64,22010
13,65,22020
13,66,22000
13,67,21981
13,68,21990
13,69,22000
13,70,22010
13,71,21990
13,72,21980
13,73,22030
13,74,22010
13,75,22011
13,76,21990
13,77,21990
13,78,21990
13,79,22010
13,80,21990
13,81,21990
13,82,21981
13,83,22000
13,84,22010
13,85,22010
13,86,21980
13,87,22010
13,88,21990
13,89,21990
13,90,21991
13,91,21990
13,92,22750
13,93,21960
13,94,21980
13,95,21980
13,96,21970
13,97,21990
13,98,21991
13,99,22000
13,100,22000
13,101,22020
13,102,21990
13,103,21980
13,104,21990
13,105,21980
13,106,22001
13,107,21990
13,108,21980
13,109,22000
13,110,21970
13,111,21980
13,112,21970
13,113,21981
13,114,22000
13,115,22000
13,116,22000
13,117,22010
13,118,22000
13,119,22000
13,120,22030
13,121,22001
13,122,22000
13,123,22020
13,124,22000
13,125,21990
13,126,22000
13,127,21990
13,128,22010
13,129,22011
13,130,22000
13,131,22000
13,132,22000
13,133,21980
13,134,22020
13,135,22000
13,136,21991
13,137,22800
13,138,22000
13,139,22020
13,140,22010
13,141,21990
13,142,22010
13,143,22020
13,144,21981
13,145,22010
13,146,22000
13,147,22020
13,148,21990
13,149,22040
13,150,21990
13,151,22040
13,152,21971
13,153,22040
13,154,21990
13,155,22030
13,156,21990
13,157,22020
13,158,22000
13,159,22011
13,160,21990
13,161,22030
13,162,21980
13,163,22040
13,164,22000
13,165,22030
13,166,21990
13,167,22031
13,168,22000
13,169,22040
13,170,22010
13,171,22020
13,172,21990
13,173,22010
13,174,22000
13,175,22021
13,176,21980
13,177,22010
13,178,22020
13,179,22010
13,180,22020
13,181,21970
13,182,22791
13,183,22010
13,184,21990
13,185,22010
13,186,21990
13,187,21990
13,188,21990
13,189,21990
13,190,22011
13,191,22010
13,192,22010
13,193,22010
13,194,22000
13,195,21980
13,196,22000
13,197,22011
13,198,22010
13,199,21990
13,200,22000
13,201,21990
13,202,21990
13,203,21990
13,204,22000
13,205,21991
13,206,21980
13,207,21990
13,208,22000
13,209,21980
13,210,22030
13,211,21990
13,212,22010
13,213,21991
13,214,21990
13,215,22010
13,216,21980
13,217,21990
13,218,22010
13,219,21970
13,220,21991
13,221,21980
13,222,22010
13,223,22010
13,224,22000
13,225,22060
13,226,22800
13,227,21980
13,228,22011
13,229,22030
13,230,21990
13,231,22030
13,232,22000
13,233,22030
13,234,22000
13,235,22000
13,236,22001
13,237,22020
13,238,21980
13,239,22050
13,240,22020
13,241,22040
13,242,22010
13,243,22021
13,244,22000
13,245,22020
13,246,22010
13,247,22020
13,248,22010
13,249,22030
13,250,21980
13,251,22021
13,252,22010
13,253,22020
13,254,22010
13,255,21980
13,256,22010
13,257,21990
13,258,22010
13,259,21991
13,260,22020
13,261,21990
13,262,22010
13,263,22020
13,264,22040
13,265,22020
13,266,22021
13,267,22000
13,268,22030
13,269,22020
13,270,22000
13,271,22770
13,272,21990
13,273,21970
13,274,22011
13,275,21980
13,276,22000
13,277,22000
13,278,22000
13,279,21980
13,280,22010
13,281,22020
13,282,21991
13,283,22000
13,284,21990
13,285,22010
13,286,22000
13,287,22000
13,288,22000
13,289,21991
13,290,21980
13,291,22010
13,292,21990
13,293,21990
13,294,22030
13,295,21970
13,296,21990
13,297,21971
13,298,22010
13,299,22000
13,300,21990
13,301,22020
13,302,21990
13,303,22000
13,304,22010
13,305,22021
13,306,22010
13,307,22030
13,308,21990
13,309,22040
13,310,22030
13,311,22050
13,312,21991
13,313,22050
13,314,22010
13,315,22030
13,316,22790
13,317,21990
13,318,22010
13,319,21980
13,320,21971
13,321,21980
13,322,21990
13,323,21990
13,324,21990
13,325,22000
13,326,21980
13,327,22000
13,328,22011
13,329,21990
13,330,22010
13,331,21990
13,332,22010
13,333,21990
13,334,21980
13,335,22001
13,336,22010
13,337,22010
13,338,21990
13,339,21990
13,340,22010
13,341,21990
13,342,22000
13,343,22001
13,344,21990
13,345,22000
13,346,22010
13,347,22000
13,348,22010
13,349,21990
13,350,21990
13,351,22001
13,352,22010
13,353,22000
13,354,21990
13,355,22000
13,356,22010
13,357,22020
13,358,22001
13,359,22010
13,360,22740
13,361,22000
13,362,22020
13,363,22000
13,364,22030
13,365,22010
13,366,22011
13,367,21990
13,368,22030
13,369,21990
13,370,22020
13,371,22000
13,372,21990
13,373,22000
13,374,22011
13,375,21970
13,376,22030
13,377,21990
13,378,22030
13,379,21980
13,380,22000
13,381,22001
13,382,22040
13,383,21980
13,384,22010
13,385,22010
13,386,22020
13,387,22000
13,388,22020
13,389,22001
13,390,22030
13,391,21990
13,392,22010
13,393,22000
13,394,21990
13,395,22000
13,396,21980
13,397,22011
13,398,22010
13,399,21990
13,400,22020
13,401,22020
13,402,22000
13,403,21980
13,404,21981
13,405,23980
13,406,21990
13,407,21980
13,408,21990
13,409,22010
13,410,21990
13,411,21980
13,412,22011
13,413,21970
13,414,22000
13,415,22010
13,416,21990
13,417,22020
13,418,21990
13,419,21991
13,420,21980
13,421,21990
13,422,21990
13,423,22030
13,424,22000
13,425,22020
13,426,22000
13,427,22001
13,428,21990
13,429,21990
13,430,22000
13,431,21990
13,432,22010
13,433,22010
13,434,21960
13,435,22011
13,436,21990
13,437,21980
13,438,22000
13,439,22010
13,440,22000
13,441,22020
13,442,22000
13,443,21990
13,444,22000
13,445,21990
13,446,22000
13,447,21990
13,448,21990
13,449,22010
13,450,27371
13,451,22040
13,452,22000
13,453,22050
13,454,22010
13,455,22020
13,456,21990
13,457,22010
13,458,22011
13,459,22010
13,460,22010
13,461,22010
13,462,22000
13,463,22020
13,464,21990
13,465,21991
13,466,22020
13,467,22010
13,468,21970
13,469,22020
13,470,22010
13,471,22010
13,472,22020
13,473,21991
13,474,22000
13,475,22000
13,476,21990
13,477,22020
13,478,22000
13,479,21990
13,480,21990
13,481,22011
13,482,21990
13,483,22020
13,484,22000
13,485,22000
13,486,21970
13,487,22010
13,488,22001
13,489,21980
13,490,22020
13,491,22000
13,492,22000
13,493,22000
13,494,24490
13,495,22030
13,496,21991
13,497,22030
13,498,21980
13,499,22020
13,500,22000
13,501,22010
13,502,21980
13,503,22001
13,504,21990
13,505,22020
13,506,21970
13,507,22020
13,508,22010
13,509,22020
13,510,22030
13,511,22031
13,512,22000
13,513,22000
13,514,21980
13,515,22020
13,516,22000
13,517,22040
13,518,21980
13,519,22041
13,520,21980
13,521,22050
13,522,22000
13,523,22040
13,524,22000
13,525,22020
13,526,22001
13,527,22030
13,528,21980
13,529,22030
13,530,22000
13,531,22000
13,532,22010
13,533,22010
13,534,21981
13,535,22000
13,536,22010
13,537,22020
13,538,22740
13,539,22000
13,540,22000
13,541,22010
13,542,22011
13,543,22000
13,544,21970
13,545,21970
13,546,21990
13,547,22000
13,548,22010
13,549,21961
13,550,22000
13,551,21980
13,552,22010
13,553,22010
13,554,22000
13,555,22000
13,556,21990
13,557,22011
13,558,22000
13,559,22000
13,560,22020
13,561,22000
13,562,22000
13,563,21990
13,564,22000
13,565,21971
13,566,22000
13,567,21990
13,568,21990
13,569,21980
13,570,22000
13,571,21980
13,572,21981
13,573,22010
13,574,22010
13,575,21970
13,576,21980
13,577,21970
13,578,22010
13,579,21980
13,580,22001
13,581,21980
13,582,22000
13,583,22790
13,584,21990
13,585,21990
13,586,21990
13,587,22000
13,588,22001
13,589,21990
13,590,22010
13,591,21980
13,592,22000
13,593,21990
13,594,21980
13,595,22021
13,596,21980
13,597,22010
13,598,21990
13,599,22010
13,600,21990
13,601,22010
13,602,21990
13,603,22001
13,604,21980
13,605,21990
13,606,21970
13,607,22000
13,608,21990
13,609,21990
13,610,22000
13,611,22001
13,612,21980
13,613,22000
13,614,21990
13,615,21970
13,616,22010
13,617,22010
13,618,21991
13,619,22000
13,620,21980
13,621,22000
13,622,21990
13,623,22000
13,624,22010
13,625,21990
13,626,22001
13,627,22010
13,628,22760
13,629,22000
13,630,22010
13,631,22000
13,632,21990
13,633,21980
13,634,22011
13,635,22020
13,636,22020
13,637,21990
13,638,22040
13,639,22000
13,640,22010
13,641,21991
13,642,22060
13,643,22000
13,644,22020
13,645,21990
13,646,22000
13,647,21990
13,648,21990
13,649,22001
13,650,21990
13,651,22000
13,652,22010
13,653,22000
13,654,22010
13,655,21980
13,656,21990
13,657,22011
13,658,22000
13,659,22000
13,660,21990
13,661,21980
13,662,22000
13,663,21980
13,664,22001
13,665,21980
13,666,21990
13,667,21980
13,668,22000
13,669,21970
13,670,22000
13,671,21970
13,672,22751
13,673,21990
13,674,22010
13,675,21990
13,676,22020
13,677,21990
13,678,22020
13,679,21990
13,680,22011
13,681,22000
13,682,22050
13,683,22000
13,684,22000
13,685,21970
13,686,21990
13,687,22001
13,688,22020
13,689,22000
13,690,21990
13,691,21990
13,692,22000
13,693,22000
13,694,22000
13,695,22001
13,696,21980
13,697,21980
13,698,21980
13,699,21980
13,700,21990
13,701,22000
13,702,21990
13,703,22011
13,704,22000
13,705,21990
13,706,21980
13,707,21990
13,708,22000
13,709,22000
13,710,21991
13,711,22000
13,712,21990
13,713,22000
13,714,21990
13,715,21980
13,716,22010
13,717,22750
13,718,22011
13,719,21990
13,720,22030
13,721,21990
13,722,21990
13,723,22000
13,724,21990
13,725,21981
13,726,22020
13,727,22000
13,728,21980
13,729,22000
13,730,21990
13,731,22000
13,732,22010
13,733,21991
13,734,22010
13,735,21970
13,736,22000
13,737,22000
13,738,22010
13,739,21990
13,740,22010
13,741,21991
13,742,21990
13,743,22000
13,744,21990
13,745,22020
13,746,21990
13,747,22000
13,748,22010
13,749,21990
13,750,22000
13,751,21990
13,752,22000
13,753,21990
13,754,22000
13,755,21990
13,756,22001
13,757,21990
13,758,21980
13,759,22000
13,760,22020
13,761,21980
13,762,22720
13,763,22030
13,764,21991
13,765,22020
13,766,21990
13,767,22010
13,768,21990
13,769,22030
13,770,21990
13,771,22021
13,772,21990
13,773,22000
13,774,21980
13,775,22030
13,776,21980
13,777,22020
13,778,21980
13,779,22011
13,780,22010
13,781,22010
13,782,22000
13,783,22030
13,784,22000
13,785,22000
13,786,22060
13,787,22001
13,788,21990
13,789,22050
13,790,21990
13,791,22040
13,792,22000
13,793,22040
13,794,21991
13,795,22010
13,796,22000
13,797,22010
13,798,22000
13,799,22060
13,800,22010
13,801,22020
13,802,22001
13,803,22030
13,804,22000
13,805,22040
13,806,22740
13,807,22010
13,808,22050
13,809,22010
13,810,22031
13,811,21970
13,812,22010
13,813,22000
13,814,22020
13,815,22000
13,816,22040
13,817,21991
13,818,22010
13,819,22000
13,820,22020
13,821,21990
13,822,22010
13,823,21990
13,824,22020
13,825,21981
13,826,22020
13,827,21980
13,828,22000
13,829,21980
13,830,21990
13,831,22020
13,832,22020
13,833,21991
13,834,22020
13,835,21990
13,836,22010
13,837,22030
13,838,21990
13,839,22020
13,840,22011
13,841,22040
13,842,22000
13,843,22020
13,844,21990
13,845,22020
13,846,22010
13,847,22010
13,848,22001
13,849,22020
13,850,21990
13,851,22810
13,852,22010
13,853,22050
13,854,22000
13,855,22000
13,856,21981
13,857,22040
13,858,21990
13,859,22040
13,860,21990
13,861,22010
13,862,22020
13,863,21991
13,864,21990
13,865,22000
13,866,22020
13,867,22000
13,868,22010
13,869,21990
13,870,22020
13,871,21971
13,872,22000
13,873,21990
13,874,21990
13,875,22010
13,876,22020
13,877,21990
13,878,22030
13,879,21991
13,880,22030
13,881,21990
13,882,22040
13,883,21990
13,884,22030
13,885,22000
13,886,22041
13,887,21990
13,888,22040
13,889,22010
13,890,22020
13,891,21990
13,892,22000
13,893,21980
13,894,22001
13,895,21980
13,896,24830
13,897,21980
13,898,22010
13,899,21990
13,900,22020
13,901,21980
13,902,22041
13,903,21980
13,904,22020
13,905,22000
13,906,22030
13,907,22020
13,908,22030
13,909,21971
13,910,22020
13,911,21990
13,912,22040
13,913,22020
13,914,22030
13,915,21990
13,916,22030
13,917,21991
13,918,22020
13,919,22000
13,920,22030
13,921,21980
13,922,22010
13,923,22000
13,924,22021
13,925,21990
13,926,22020
13,927,22000
13,928,22030
13,929,22020
13,930,22020
13,931,22020
13,932,22021
13,933,21980
13,934,22020
13,935,22000
13,936,22040
13,937,22010
13,938,22010
13,939,22010
13,940,22771
13,941,22000
13,942,22010
13,943,22010
13,944,22000
13,945,22010
13,946,22010
13,947,22001
13,948,22010
13,949,22020
13,950,21990
13,951,22000
13,952,22010
13,953,22000
13,954,21990
13,955,22001
13,956,21990
13,957,22000
13,958,21970
13,959,21990
13,960,22010
13,961,21990
13,962,21990
13,963,22011
13,964,22010
13,965,22000
13,966,22010
13,967,21980
13,968,22010
13,969,22020
13,970,22011
13,971,21990
13,972,21990
13,973,22000
13,974,21990
13,975,21990
13,976,22000
13,977,22020
13,978,22001
13,979,22000
13,980,21990
13,981,22000
13,982,21990
13,983,22010
13,984,21990
13,985,22770
13,986,22031
13,987,21980
13,988,21980
13,989,22010
13,990,21990
13,991,22000
13,992,21990
13,993,22031
13,994,22010
13,995,21980
13,996,21990
13,997,22000
13,998,21980
13,999,22010
14,0,24990
14,1,24990
14,2,24950
14,3,24920
14,4,24990
14,5,24950
14,6,24971
14,7,24940
14,8,24990
14,9,24950
14,10,24980
14,11,25740
14,12,25000
14,13,24941
14,14,24970
14,15,24950
14,16,24990
14,17,24930
14,18,25000
14,19,24951
14,20,24980
14,21,24950
14,22,24970
14,23,24930
14,24,24970
14,25,24950
14,26,24961
14,27,24960
14,28,24980
14,29,24950
14,30,24980
14,31,24960
14,32,24980
14,33,24951
14,34,24990
14,35,24920
14,36,24990
14,37,24930
14,38,24960
14,39,24940
14,40,24971
14,41,24970
14,42,24980
14,43,24940
14,44,25000
14,45,24930
14,46,24960
14,47,24971
14,48,24960
14,49,24960
14,50,24940
14,51,25730
14,52,24960
14,53,24951
14,54,24940
14,55,24960
14,56,24920
14,57,24930
14,58,24950
14,59,24940
14,60,24921
14,61,24940
14,62,24940
14,63,24940
14,64,24960
14,65,24940
14,66,24940
14,67,24951
14,68,24960
14,69,24940
14,70,24940
14,71,24920
14,72,24960
14,73,24930
14,74,24921
14,75,24920
14,76,24940
14,77,24960
14,78,24980
14,79,24900
14,80,24971
14,81,24950
14,82,24960
14,83,24960
14,84,24980
14,85,24960
14,86,24970
14,87,24931
14,88,24970
14,89,24960
14,90,25750
14,91,24940
14,92,24970
14,93,24940
14,94,24971
14,95,24970
14,96,24970
14,97,24960
14,98,25040
14,99,24950
14,100,24930
14,101,24931
14,102,24970
14,103,24950
14,104,24960
14,105,24950
14,106,24960
14,107,24951
14,108,24960
14,109,24930
14,110,24940
14,111,24940
14,112,24940
14,113,24930
14,114,24941
14,115,24940
14,116,24960
14,117,24950
14,118,24960
14,119,24950
14,120,24940
14,121,24941
14,122,24950
14,123,24980
14,124,24930
14,125,24950
14,126,24950
14,127,24940
14,128,24941
14,129,26100
14,130,24980
14,131,24970
14,132,24950
14,133,24960
14,134,24961
14,135,24960
14,136,24960
14,137,24950
14,138,24970
14,139,24980
14,140,24980
14,141,25001
14,142,24980
14,143,24980
14,144,24980
14,145,24970
14,146,24990
14,147,24980
14,148,25001
14,149,24990
14,150,24980
14,151,24980
14,152,25000
14,153,24970
14,154,24950
14,155,24951
14,156,24950
14,157,24960
14,158,24950
14,159,24960
14,160,24970
14,161,24941
14,162,24950
14,163,24960
14,164,24960
14,165,24940
14,166,24970
14,167,24950
14,168,24921
14,169,27130
14,170,24950
14,171,24960
14,172,24950
14,173,24950
14,174,24950
14,175,24951
14,176,24950
14,177,24960
14,178,24950
14,179,24940
14,180,24950
14,181,24940
14,182,24941
14,183,24930
14,184,24960
14,185,24940
14,186,24930
14,187,24940
14,188,24931
14,189,24950
14,190,24960
14,191,24960
14,192,24950
14,193,24930
14,194,24960
14,195,24941
14,196,24960
14,197,24950
14,198,24940
14,199,24940
14,200,24930
14,201,24940
14,202,24941
14,203,24940
14,204,24980
14,205,24930
14,206,24930
14,207,24950
14,208,25770
14,209,24961
14,210,24950
14,211,24950
14,212,24940
14,213,24950
14,214,24930
14,215,24920
14,216,24931
14,217,24930
14,218,24960
14,219,24940
14,220,24970
14,221,24960
14,222,24951
14,223,24950
14,224,24930
14,225,24950
14,226,24960
14,227,24960
14,228,24960
14,229,24951
14,230,24940
14,231,24960
14,232,24940
14,233,24950
14,234,24930
14,235,24960
14,236,24921
14,237,24960
14,238,24930
14,239,24950
14,240,24960
14,241,24950
14,242,24950
14,243,24961
14,244,24940
14,245,24940
14,246,24960
14,247,24960
14,248,25700
14,249,24941
14,250,24960
14,251,24950
14,252,24960
14,253,24950
14,254,24950
14,255,24960
14,256,24971
14,257,24940
14,258,24940
14,259,24950
14,260,24950
14,261,24950
14,262,24960
14,263,24971
14,264,24960
14,265,24950
14,266,24940
14,267,24960
14,268,24950
14,269,24940
14,270,24961
14,271,24960
14,272,24950
14,273,24940
14,274,24970
14,275,24940
14,276,24941
14,277,24970
14,278,24980
14,279,24990
14,280,24970
14,281,24990
14,282,24970
14,283,24961
14,284,24970
14,285,24990
14,286,24960
14,287,25660
14,288,24950
14,289,24920
14,290,24941
14,291,24960
14,292,24950
14,293,24960
14,294,24950
14,295,24940
14,296,24960
14,297,24951
14,298,24960
14,299,24960
14,300,24940
14,301,24960
14,302,24960
14,303,24990
14,304,24951
14,305,24940
14,306,24970
14,307,24980
14,308,24970
14,309,24970
14,310,25011
14,311,24990
14,312,25000
14,313,24990
14,314,24980
14,315,24980
14,316,24970
14,317,24991
14,318,24980
14,319,24980
14,320,24990
14,321,24980
14,322,24980
14,323,25000
14,324,25001
14,325,24980
14,326,24980
14,327,25740
14,328,24930
14,329,24950
14,330,24930
14,331,24941
14,332,24960
14,333,24950
14,334,24970
14,335,24960
14,336,24960
14,337,24931
14,338,24930
14,339,24930
14,340,24940
14,341,24950
14,342,24930
14,343,24960
14,344,24951
14,345,24940
14,346,24940
14,347,24950
14,348,24950
14,349,24940
14,350,24940
14,351,24951
14,352,24950
14,353,24940
14,354,24920
14,355,24940
14,356,24940
14,357,24950
14,358,24951
14,359,24950
14,360,24950
14,361,24950
14,362,24940
14,363,24920
14,364,24941
14,365,24950
14,366,25680
14,367,24950
14,368,24930
14,369,24960
14,370,24920
14,371,24951
14,372,24950
14,373,24950
14,374,24960
14,375,24950
14,376,24960
14,377,24950
14,378,24941
14,379,24960
14,380,24950
14,381,24950
14,382,24960
14,383,24930
14,384,24930
14,385,24951
14,386,24960
14,387,24950
14,388,24960
14,389,24960
14,390,24960
14,391,24950
14,392,24950
14,393,24940
14,394,24980
14,395,24950
14,396,24950
14,397,24960
14,398,24981
14,399,24970
14,400,24980
14,401,24970
14,402,24950
14,403,24970
14,404,24940
14,405,25691
14,406,24970
14,407,24970
14,408,24960
14,409,24920
14,410,24950
14,411,24960
14,412,24951
14,413,24970
14,414,24990
14,415,24950
14,416,24950
14,417,24970
14,418,24960
14,419,24961
14,420,24960
14,421,24960
14,422,24970
14,423,24970
14,424,24960
14,425,24941
14,426,24980
14,427,24950
14,428,24960
14,429,24960
14,430,24950
14,431,24960
14,432,25001
14,433,24970
14,434,24950
14,435,24960
14,436,24940
14,437,24950
14,438,24980
14,439,24961
14,440,24950
14,441,24970
14,442,24950
14,443,24970
14,444,24950
14,445,25740
14,446,24951
14,447,24960
14,448,24950
14,449,24950
14,450,24960
14,451,24950
14,452,24961
14,453,24940
14,454,24970
14,455,24940
14,456,24950
14,457,24950
14,458,24950
14,459,24961
14,460,24950
14,461,24960
14,462,24960
14,463,24940
14,464,24960
14,465,24950
14,466,24941
14,467,24940
14,468,24950
14,469,24960
14,470,24950
14,471,24940
14,472,24950
14,473,24981
14,474,24950
14,475,24970
14,476,24970
14,477,24960
14,478,24980
14,479,24981
14,480,24940
14,481,24960
14,482,24960
14,483,24910
14,484,25720
14,485,24950
14,486,24971
14,487,24950
14,488,24950
14,489,24940
14,490,24940
14,491,24940
14,492,24950
14,493,24941
14,494,24940
14,495,24940
14,496,24970
14,497,24970
14,498,24970
14,499,24950
14,500,24951
14,501,24950
14,502,24950
14,503,24950
14,504,24950
14,505,24960
14,506,24960
14,507,24961
14,508,24950
14,509,24950
14,510,24960
14,511,24960
14,512,24950
14,513,24961
14,514,24940
14,515,24960
14,516,24960
14,517,24940
14,518,24970
14,519,24930
14,520,24961
14,521,24970
14,522,24930
14,523,24930
14,524,25740
14,525,25010
14,526,25020
14,527,24981
14,528,24990
14,529,24990
14,530,24990
14,531,25000
14,532,24990
14,533,24980
14,534,24981
14,535,24970
14,536,25000
14,537,24990
14,538,24990
14,539,24990
14,540,25001
14,541,24970
14,542,24990
14,543,24990
14,544,24980
14,545,24980
14,546,24970
14,547,24951
14,548,24950
14,549,24980
14,550,24980
14,551,24940
14,552,24960
14,553,24950
14,554,24961
14,555,24960
14,556,24940
14,557,24930
14,558,24970
14,559,24960
14,560,24960
14,561,24931
14,562,24960
14,563,25730
14,564,24970
14,565,24950
14,566,24970
14,567,24971
14,568,24960
14,569,24960
14,570,24950
14,571,24970
14,572,24940
14,573,24980
14,574,24951
14,575,24930
14,576,24980
14,577,24960
14,578,24940
14,579,24950
14,580,24930
14,581,24961
14,582,24950
14,583,24950
14,584,24930
14,585,24930
14,586,24930
14,587,24950
14,588,24951
14,589,24940
14,590,24950
14,591,24950
14,592,24960
14,593,24970
14,594,24940
14,595,24941
14,596,24960
14,597,24960
14,598,24960
14,599,24960
14,600,24950
14,601,24941
14,602,24940
14,603,25700
14,604,24960
14,605,24950
14,606,24950
14,607,24940
14,608,24971
14,609,25000
14,610,24970
14,611,24980
14,612,24990
14,613,24990
14,614,24980
14,615,24981
14,616,24980
14,617,24970
14,618,24980
14,619,24980
14,620,25000
14,621,24980
14,622,24971
14,623,24970
14,624,24970
14,625,24990
14,626,24960
14,627,24990
14,628,24981
14,629,25000
14,630,24990
14,631,25000
14,632,24980
14,633,25000
14,634,24980
14,635,24971
14,636,24980
14,637,24990
14,638,24960
14,639,24990
14,640,25010
14,641,24980
14,642,25741
14,643,24980
14,644,24980
14,645,25010
14,646,25000
14,647,25000
14,648,25000
14,649,24991
14,650,24970
14,651,24980
14,652,24990
14,653,24980
14,654,24980
14,655,24961
14,656,24990
14,657,24980
14,658,25020
14,659,24980
14,660,24990
14,661,24980
14,662,25001
14,663,25010
14,664,25000
14,665,25000
14,666,24980
14,667,24990
14,668,24980
14,669,24991
14,670,24960
14,671,24940
14,672,24950
14,673,24950
14,674,24970
14,675,24940
14,676,24941
14,677,24950
14,678,24940
14,679,24950
14,680,24960
14,681,24960
14,682,24931
14,683,24960
14,684,24940
14,685,24940
14,686,24950
14,687,24940
14,688,24950
14,689,24911
14,690,24930
14,691,24960
14,692,24940
14,693,24940
14,694,24980
14,695,24940
14,696,24961
14,697,24960
14,698,24950
14,699,24940
14,700,24950
14,701,24940
14,702,24940
14,703,24961
14,704,24940
14,705,24970
14,706,24950
14,707,24970
14,708,24970
14,709,24941
14,710,24970
14,711,24930
14,712,24960
14,713,24940
14,714,24940
14,715,24940
14,716,24951
14,717,24950
14,718,24970
14,719,24970
14,720,24950
14,721,25770
14,722,24940
14,723,24931
14,724,24940
14,725,24930
14,726,24940
14,727,24970
14,728,24960
14,729,24940
14,730,24941
14,731,24940
14,732,24960
14,733,24950
14,734,24940
14,735,24950
14,736,24950
14,737,24961
14,738,24940
14,739,25000
14,740,24960
14,741,24970
14,742,24940
14,743,24931
14,744,24940
14,745,24930
14,746,24930
14,747,24930
14,748,24920
14,749,24980
14,750,24961
14,751,24950
14,752,24930
14,753,24940
14,754,24940
14,755,24930
14,756,24940
14,757,24941
14,758,24930
14,759,24960
14,760,25710
14,761,24960
14,762,24950
14,763,24940
14,764,24951
14,765,24970
14,766,24950
14,767,24940
14,768,24970
14,769,24940
14,770,24951
14,771,24960
14,772,24960
14,773,24960
14,774,24950
14,775,24930
14,776,24960
14,777,24961
14,778,24960
14,779,24950
14,780,24950
14,781,24940
14,782,24970
14,783,24940
14,784,24971
14,785,24980
14,786,24940
14,787,24970
14,788,24990
14,789,24960
14,790,24960
14,791,24961
14,792,24950
14,793,24970
14,794,24960
14,795,24970
14,796,24930
14,797,24941
14,798,24940
14,799,24940
14,800,25730
14,801,24940
14,802,24950
14,803,24950
14,804,24941
14,805,24910
14,806,24970
14,807,24960
14,808,24950
14,809,24940
14,810,24950
14,811,24961
14,812,24960
14,813,24940
14,814,24960
14,815,24940
14,816,24950
14,817,24940
14,818,24941
14,819,24950
14,820,24970
14,821,24950
14,822,24930
14,823,24960
14,824,24930
14,825,24941
14,826,24930
14,827,24960
14,828,24960
14,829,24960
14,830,24960
14,831,24951
14,832,24960
14,833,24970
14,834,24980
14,835,24950
14,836,24940
14,837,24960
14,838,24941
14,839,25700
14,840,24960
14,841,24940
14,842,24980
14,843,24970
14,844,24980
14,845,25001
14,846,25000
14,847,24990
14,848,24990
14,849,24970
14,850,24990
14,851,24980
14,852,24981
14,853,24990
14,854,24970
14,855,24960
14,856,24990
14,857,24950
14,858,24971
14,859,24940
14,860,24970
14,861,24950
14,862,24970
14,863,24960
14,864,24960
14,865,24951
14,866,24950
14,867,24970
14,868,24940
14,869,24940
14,870,24920
14,871,24950
14,872,24961
14,873,24940
14,874,24960
14,875,24940
14,876,24950
14,877,24950
14,878,24950
14,879,25731
14,880,24990
14,881,25000
14,882,25010
14,883,24990
14,884,25000
14,885,24981
14,886,24980
14,887,24980
14,888,24990
14,889,24990
14,890,24970
14,891,24970
14,892,24981
14,893,24980
14,894,24980
14,895,24960
14,896,24980
14,897,24950
14,898,24960
14,899,24971
14,900,24980
14,901,24960
14,902,24930
14,903,24950
14,904,24940
14,905,24950
14,906,24941
14,907,24970
14,908,24960
14,909,24950
14,910,24940
14,911,24950
14,912,24941
14,913,24970
14,914,24950
14,915,24930
14,916,24960
14,917,24960
14,918,25730
14,919,24981
14,920,24950
14,921,24970
14,922,24950
14,923,24950
14,924,24980
14,925,24950
14,926,24961
14,927,24960
14,928,24970
14,929,24960
14,930,24960
14,931,24960
14,932,24950
14,933,24971
14,934,24950
14,935,24960
14,936,24940
14,937,24980
14,938,24960
14,939,24940
14,940,24961
14,941,24970
14,942,24950
14,943,24990
14,944,24930
14,945,24950
14,946,24951
14,947,24950
14,948,24970
14,949,24960
14,950,24950
14,951,24940
14,952,24940
14,953,24941
14,954,24940
14,955,24970
14,956,24930
14,957,24950
14,958,25720
14,959,24970
14,960,24971
14,961,24990
14,962,24990
14,963,24990
14,964,25010
14,965,24970
14,966,24980
14,967,24981
14,968,24990
14,969,25000
14,970,24970
14,971,25000
14,972,24970
14,973,24961
14,974,24940
14,975,24940
14,976,24950
14,977,24950
14,978,24950
14,979,24940
14,980,24941
14,981,24960
14,982,24920
14,983,24950
14,984,24930
14,985,24950
14,986,24960
14,987,24941
14,988,24960
14,989,24970
14,990,24930
14,991,24970
14,992,24970
14,993,24970
14,994,24981
14,995,24950
14,996,24960
14,997,25710
14,998,24980
14,999,24930
15,0,44090
15,1,44190
15,2,44170
15,3,44130
15,4,44121
15,5,44150
15,6,44170
15,7,44160
15,8,44141
15,9,44220
15,10,44160
15,11,44170
15,12,44191
15,13,44160
15,14,44140
15,15,44150
15,16,44961
15,17,44150
15,18,44150
15,19,44140
15,20,44151
15,21,44150
15,22,44150
15,23,44150
15,24,44131
15,25,44140
15,26,44120
15,27,44151
15,28,44130
15,29,44190
15,30,44160
15,31,44151
15,32,44160
15,33,44170
15,34,44170
15,35,44171
15,36,44180
15,37,44130
15,38,44930
15,39,44171
15,40,44200
15,41,44150
15,42,44100
15,43,44151
15,44,44140
15,45,44160
15,46,44120
15,47,44141
15,48,44150
15,49,44160
15,50,44121
15,51,44170
15,52,44180
15,53,44160
15,54,44191
15,55,44160
15,56,44180
15,57,44150
15,58,44171
15,59,44130
15,60,44920
15,61,44160
15,62,44151
15,63,44180
15,64,44150
15,65,44200
15,66,44181
15,67,44140
15,68,44120
15,69,44160
15,70,44131
15,71,44150
15,72,44150
15,73,44180
15,74,44151
15,75,44160
15,76,44110
15,77,44121
15,78,44180
15,79,44180
15,80,44190
15,81,44191
15,82,44160
15,83,44920
15,84,44200
15,85,44171
15,86,44170
15,87,44170
15,88,44180
15,89,44191
15,90,44180
15,91,44170
15,92,44150
15,93,44181
15,94,44130
15,95,44140
15,96,44170
15,97,44151
15,98,44120
15,99,44140
15,100,44151
15,101,44160
15,102,44130
15,103,44110
15,104,44181
15,105,44950
15,106,44180
15,107,44180
15,108,44171
15,109,44180
15,110,44160
15,111,44110
15,112,44151
15,113,44070
15,114,44180
15,115,44150
15,116,44171
15,117,44130
15,118,44150
15,119,44170
15,120,44181
15,121,44170
15,122,44160
15,123,44160
15,124,44181
15,125,44160
15,126,44160
15,127,44141
15,128,44990
15,129,44170
15,130,44130
15,131,44161
15,132,44150
15,133,44140
15,134,44160
15,135,44141
15,136,44170
15,137,44170
15,138,44100
15,139,44141
15,140,44180
15,141,44140
15,142,44140
15,143,44141
15,144,44130
15,145,44160
15,146,44160
15,147,44121
15,148,44150
15,149,44150
15,150,44951
15,151,44150
15,152,44160
15,153,44140
15,154,44131
15,155,44120
15,156,44150
15,157,44180
15,158,44171
15,159,44150
15,160,44170
15,161,44170
15,162,44141
15,163,44150
15,164,44170
15,165,44140
15,166,44121
15,167,44140
15,168,44170
15,169,44140
15,170,44151
15,171,44130
15,172,44150
15,173,44920
15,174,44171
15,175,44150
15,176,44170
15,177,44171
15,178,44180
15,179,44180
15,180,44140
15,181,44151
15,182,44140
15,183,44180
15,184,44170
15,185,44131
15,186,44160
15,187,44150
15,188,44160
15,189,44171
15,190,44140
15,191,44160
15,192,44190
15,193,44121
15,194,44130
15,195,44920
15,196,44170
15,197,44141
15,198,44180
15,199,44180
15,200,44151
15,201,44130
15,202,44140
15,203,44150
15,204,44161
15,205,44110
15,206,44140
15,207,44120
15,208,44171
15,209,44120
15,210,44120
15,211,44170
15,212,44131
15,213,44140
15,214,44140
15,215,44150
15,216,44151
15,217,44920
15,218,44190
15,219,44160
15,220,44151
15,221,44160
15,222,44140
15,223,44100
15,224,44111
15,225,44130
15,226,44160
15,227,44121
15,228,44140
15,229,44120
15,230,44120
15,231,44151
15,232,44160
15,233,44130
15,234,44130
15,235,44131
15,236,44150
15,237,44140
15,238,44140
15,239,44151
15,240,44900
15,241,44160
15,242,44110
15,243,44131
15,244,44170
15,245,44130
15,246,44140
15,247,44121
15,248,44200
15,249,44190
15,250,44170
15,251,44201
15,252,44180
15,253,44190
15,254,44161
15,255,44140
15,256,44150
15,257,44160
15,258,44131
15,259,44120
15,260,44180
15,261,44130
15,262,44931
15,263,44190
15,264,44180
15,265,44160
15,266,44171
15,267,44170
15,268,44170
15,269,44180
15,270,44171
15,271,44140
15,272,44140
15,273,44170
15,274,44171
15,275,44160
15,276,44150
15,277,44151
15,278,44180
15,279,44160
15,280,44150
15,281,44121
15,282,44150
15,283,44140
15,284,44130
15,285,44991
15,286,44160
15,287,44170
15,288,44160
15,289,44161
15,290,44140
15,291,44150
15,292,44170
15,293,44161
15,294,44080
15,295,44170
15,296,44160
15,297,44131
15,298,44170
15,299,44160
15,300,44160
15,301,44121
15,302,44130
15,303,44150
15,304,44121
15,305,44140
15,306,44120
15,307,44890
15,308,44151
15,309,44130
15,310,44130
15,311,44150
15,312,44151
15,313,44180
15,314,44120
15,315,44140
15,316,44121
15,317,44160
15,318,44130
15,319,44140
15,320,44101
15,321,44150
15,322,44140
15,323,44150
15,324,44131
15,325,44140
15,326,44170
15,327,44160
15,328,44150
15,329,44140
15,330,44960
15,331,44171
15,332,44170
15,333,44160
15,334,44180
15,335,44181
15,336,44160
15,337,44170
15,338,44170
15,339,44201
15,340,44180
15,341,44180
15,342,44140
15,343,44141
15,344,44170
15,345,44130
15,346,44130
15,347,44141
15,348,44130
15,349,44140
15,350,44150
15,351,44121
15,352,44860
15,353,44180
15,354,44141
15,355,44170
15,356,44180
15,357,44140
15,358,44131
15,359,44120
15,360,44160
15,361,44140
15,362,44161
15,363,44170
15,364,44140
15,365,44130
15,366,44151
15,367,44150
15,368,44140
15,369,44110
15,370,44161
15,371,44120
15,372,44120
15,373,44150
15,374,44901
15,375,44130
15,376,44150
15,377,44181
15,378,44160
15,379,44160
15,380,44150
15,381,44161
15,382,44180
15,383,44150
15,384,44160
15,385,44151
15,386,44130
15,387,44140
15,388,44150
15,389,44131
15,390,44160
15,391,44190
15,392,44160
15,393,44161
15,394,44170
15,395,44160
15,396,44130
15,397,46721
15,398,44150
15,399,44180
15,400,44150
15,401,44131
15,402,44160
15,403,44150
15,404,44191
15,405,44170
15,406,44130
15,407,44160
15,408,44161
15,409,44150
15,410,44150
15,411,44150
15,412,44131
15,413,44120
15,414,44130
15,415,44150
15,416,44171
15,417,44140
15,418,44150
15,419,44980
15,420,44151
15,421,44210
15,422,44200
15,423,44190
15,424,44151
15,425,44150
15,426,44110
15,427,44141
15,428,44140
15,429,44100
15,430,44190
15,431,44171
15,432,44170
15,433,44150
15,434,44150
15,435,44171
15,436,44170
15,437,44160
15,438,44150
15,439,44171
15,440,44200
15,441,44190
15,442,44970
15,443,44191
15,444,44180
15,445,44190
15,446,44200
15,447,44181
15,448,44190
15,449,44180
15,450,44190
15,451,44141
15,452,44200
15,453,44180
15,454,44151
15,455,44150
15,456,44100
15,457,44140
15,458,44151
15,459,44090
15,460,44120
15,461,44110
15,462,44151
15,463,44130
15,464,44870
15,465,44150
15,466,44181
15,467,44190
15,468,44190
15,469,44210
15,470,44161
15,471,44100
15,472,44130
15,473,44150
15,474,44131
15,475,44160
15,476,44160
15,477,44121
15,478,44140
15,479,44180
15,480,44140
15,481,44211
15,482,44190
15,483,44190
15,484,44180
15,485,44181
15,486,44920
15,487,44160
15,488,44210
15,489,44131
15,490,44160
15,491,44150
15,492,44140
15,493,44171
15,494,44150
15,495,44140
15,496,44140
15,497,44141
15,498,44140
15,499,44120
15,500,44130
15,501,44141
15,502,44170
15,503,44160
15,504,44131
15,505,44170
15,506,44140
15,507,44190
15,508,44161
15,509,44970
15,510,44120
15,511,44150
15,512,44191
15,513,44180
15,514,44170
15,515,44150
15,516,44171
15,517,44130
15,518,44120
15,519,44140
15,520,44181
15,521,44160
15,522,44170
15,523,44140
15,524,44151
15,525,44200
15,526,44180
15,527,44161
15,528,44140
15,529,44160
15,530,44170
15,531,49141
15,532,44140
15,533,44150
15,534,44210
15,535,44171
15,536,44160
15,537,44140
15,538,44150
15,539,44121
15,540,44140
15,541,44170
15,542,44200
15,543,44151
15,544,44140
15,545,44150
15,546,44160
15,547,44171
15,548,44150
15,549,44150
15,550,44131
15,551,44130
15,552,44130
15,553,44170
15,554,44931
15,555,44180
15,556,44140
15,557,44170
15,558,44201
15,559,44180
15,560,44130
15,561,44150
15,562,44131
15,563,44160
15,564,44170
15,565,44160
15,566,44151
15,567,44130
15,568,44170
15,569,44180
15,570,44151
15,571,44160
15,572,44140
15,573,44150
15,574,44161
15,575,44150
15,576,44920
15,577,44131
15,578,44110
15,579,44140
15,580,44130
15,581,44111
15,582,44200
15,583,44210
15,584,44160
15,585,44151
15,586,44150
15,587,44130
15,588,44130
15,589,44151
15,590,44120
15,591,44190
15,592,44190
15,593,44151
15,594,44160
15,595,44160
15,596,44190
15,597,44161
15,598,44140
15,599,44950
15,600,44181
15,601,44150
15,602,44120
15,603,44140
15,604,44131
15,605,44140
15,606,44160
15,607,44150
15,608,44151
15,609,44170
15,610,44130
15,611,44190
15,612,44191
15,613,44170
15,614,44130
15,615,44170
15,616,44151
15,617,44180
15,618,44170
15,619,44180
15,620,44151
15,621,44930
15,622,44160
15,623,44170
15,624,44111
15,625,44140
15,626,44160
15,627,44141
15,628,44140
15,629,44160
15,630,44160
15,631,44181
15,632,44130
15,633,44190
15,634,44140
15,635,44161
15,636,44180
15,637,44100
15,638,44160
15,639,44131
15,640,44170
15,641,44130
15,642,44170
15,643,44941
15,644,44160
15,645,44120
15,646,44150
15,647,44141
15,648,44160
15,649,44130
15,650,44181
15,651,44120
15,652,44140
15,653,44180
15,654,44151
15,655,44160
15,656,44190
15,657,44170
15,658,44171
15,659,44170
15,660,44110
15,661,44110
15,662,44141
15,663,44130
15,664,44170
15,665,44150
15,666,44921
15,667,44160
15,668,44140
15,669,44160
15,670,44191
15,671,44150
15,672,44140
15,673,44180
15,674,44161
15,675,44150
15,676,44130
15,677,44141
15,678,44150
15,679,44160
15,680,44150
15,681,44151
15,682,44170
15,683,44140
15,684,44190
15,685,44121
15,686,44190
15,687,44130
15,688,44960
15,689,44211
15,690,44190
15,691,44130
15,692,44150
15,693,44161
15,694,44180
15,695,44180
15,696,44180
15,697,44191
15,698,44160
15,699,44170
15,700,44120
15,701,44161
15,702,44160
15,703,44190
15,704,44131
15,705,44170
15,706,44150
15,707,44170
15,708,44171
15,709,44160
15,710,44160
15,711,44910
15,712,44191
15,713,44150
15,714,44160
15,715,44170
15,716,44201
15,717,44150
15,718,44170
15,719,44140
15,720,44161
15,721,44160
15,722,44160
15,723,44190
15,724,44171
15,725,44170
15,726,44150
15,727,44161
15,728,44110
15,729,44170
15,730,44130
15,731,44171
15,732,44150
15,733,44950
15,734,44170
15,735,44151
15,736,44130
15,737,44170
15,738,44170
15,739,44121
15,740,44140
15,741,44160
15,742,44200
15,743,44201
15,744,44160
15,745,44130
15,746,44160
15,747,44131
15,748,44140
15,749,44220
15,750,44170
15,751,44171
15,752,44150
15,753,44150
15,754,44131
15,755,44190
15,756,44960
15,757,44180
15,758,44181
15,759,44160
15,760,44160
15,761,44140
15,762,44191
15,763,44160
15,764,44210
15,765,44200
15,766,44161
15,767,44150
15,768,44170
15,769,44170
15,770,44171
15,771,44130
15,772,44180
15,773,44160
15,774,44171
15,775,44190
15,776,44170
15,777,44191
15,778,45030
15,779,44190
15,780,44170
15,781,44151
15,782,44140
15,783,44130
15,784,44130
15,785,44141
15,786,44130
15,787,44090
15,788,44160
15,789,44151
15,790,44140
15,791,44130
15,792,44170
15,793,44161
15,794,44170
15,795,44180
15,796,44180
15,797,44181
15,798,44170
15,799,44190
15,800,44910
15,801,44191
15,802,44150
15,803,44150
15,804,44161
15,805,44160
15,806,44180
15,807,44170
15,808,44141
15,809,44180
15,810,44160
15,811,44140
15,812,44171
15,813,44130
15,814,44180
15,815,44170
15,816,44161
15,817,44150
15,818,44200
15,819,44170
15,820,44161
15,821,44140
15,822,44160
15,823,44950
15,824,44191
15,825,44150
15,826,44130
15,827,44151
15,828,44090
15,829,44170
15,830,44200
15,831,44201
15,832,44170
15,833,44120
15,834,44130
15,835,44101
15,836,44160
15,837,44110
15,838,44120
15,839,44121
15,840,44100
15,841,44120
15,842,44110
15,843,44111
15,844,44150
15,845,44880
15,846,44160
15,847,44171
15,848,44140
15,849,44190
15,850,44170
15,851,44191
15,852,44180
15,853,44160
15,854,44211
15,855,44160
15,856,44190
15,857,44140
15,858,44141
15,859,44170
15,860,44210
15,861,44170
15,862,44181
15,863,44180
15,864,44170
15,865,44190
15,866,44141
15,867,44150
15,868,44920
15,869,44150
15,870,44161
15,871,44120
15,872,44160
15,873,44160
15,874,44161
15,875,44200
15,876,44180
15,877,44171
15,878,44190
15,879,44200
15,880,44180
15,881,44121
15,882,44170
15,883,44170
15,884,44180
15,885,44171
15,886,44140
15,887,44140
15,888,44140
15,889,44141
15,890,45060
15,891,44200
15,892,44180
15,893,44151
15,894,44230
15,895,44200
15,896,44190
15,897,44201
15,898,44170
15,899,44120
15,900,44130
15,901,44111
15,902,44120
15,903,44190
15,904,44161
15,905,44160
15,906,44160
15,907,44210
15,908,44151
15,909,44150
15,910,44160
15,911,44150
15,912,44901
15,913,44160
15,914,44140
15,915,44120
15,916,44171
15,917,44130
15,918,44150
15,919,44130
15,920,44181
15,921,44160
15,922,44160
15,923,44180
15,924,44181
15,925,44160
15,926,44190
15,927,44191
15,928,44150
15,929,44170
15,930,44210
15,931,44191
15,932,44150
15,933,44180
15,934,44180
15,935,44931
15,936,44170
15,937,44190
15,938,44190
15,939,44171
15,940,44170
15,941,44160
15,942,44160
15,943,44171
15,944,44190
15,945,44130
15,946,44160
15,947,44161
15,948,44160
15,949,44150
15,950,44150
15,951,44161
15,952,44180
15,953,44140
15,954,44171
15,955,44220
15,956,44200
15,957,44960
15,958,44211
15,959,44190
15,960,44160
15,961,44160
15,962,44171
15,963,44130
15,964,44170
15,965,44160
15,966,44181
15,967,44150
15,968,44190
15,969,44150
15,970,44171
15,971,44200
15,972,44160
15,973,44180
15,974,44181
15,975,44170
15,976,44180
15,977,44171
15,978,44170
15,979,44190
15,980,45010
15,981,44171
15,982,44170
15,983,44150
15,984,44170
15,985,44191
15,986,44190
15,987,44180
15,988,44150
15,989,44171
15,990,44200
15,991,44170
15,992,44200
15,993,44161
15,994,44150
15,995,44110
15,996,44170
15,997,44151
15,998,44130
15,999,44140
16,0,44291
16,1,45160
16,2,44320
16,3,44311
16,4,44300
16,5,44330
16,6,44280
16,7,44281
16,8,44280
16,9,44340
16,10,44270
16,11,44341
16,12,44320
16,13,44320
16,14,44250
16,15,44291
16,16,44260
16,17,44280
16,18,44330
16,19,44291
16,20,44300
16,21,44300
16,22,44300
16,23,45041
16,24,44300
16,25,44330
16,26,44291
16,27,44270
16,28,44250
16,29,44320
16,30,44281
16,31,44310
16,32,44330
16,33,44310
16,34,44301
16,35,44320
16,36,44330
16,37,44300
16,38,44311
16,39,44390
16,40,44310
16,41,44280
16,42,44301
16,43,44290
16,44,44320
16,45,44340
16,46,45071
16,47,44290
16,48,44290
16,49,44261
16,50,44270
16,51,44370
16,52,44290
16,53,44321
16,54,44330
16,55,44330
16,56,44300
16,57,44301
16,58,44290
16,59,44320
16,60,44330
16,61,44291
16,62,44310
16,63,44310
16,64,44320
16,65,44321
16,66,44320
16,67,44330
16,68,45340
16,69,44291
16,70,44300
16,71,44290
16,72,44271
16,73,44360
16,74,44300
16,75,44330
16,76,44311
16,77,44310
16,78,44310
16,79,44310
16,80,44301
16,81,44310
16,82,44320
16,83,44310
16,84,44291
16,85,44320
16,86,44300
16,87,44300
16,88,44361
16,89,44320
16,90,45150
16,91,44310
16,92,44341
16,93,44270
16,94,44300
16,95,44301
16,96,44290
16,97,44270
16,98,44300
16,99,44301
16,100,44320
16,101,44300
16,102,44300
16,103,44291
16,104,44290
16,105,44260
16,106,44310
16,107,44301
16,108,44280
16,109,44260
16,110,44300
16,111,44271
16,112,44290
16,113,45040
16,114,44300
16,115,44321
16,116,44330
16,117,44300
16,118,44281
16,119,44330
16,120,44320
16,121,44300
16,122,44261
16,123,44280
16,124,44300
16,125,44280
16,126,44301
16,127,44320
16,128,44300
16,129,44350
16,130,44311
16,131,44330
16,132,44320
16,133,44300
16,134,44331
16,135,45090
16,136,44300
16,137,44300
16,138,44301
16,139,44300
16,140,44340
16,141,44251
16,142,44290
16,143,44310
16,144,44280
16,145,44271
16,146,44280
16,147,44280
16,148,44270
16,149,44301
16,150,44340
16,151,44360
16,152,44290
16,153,44281
16,154,44310
16,155,44300
16,156,44300
16,157,45091
16,158,44300
16,159,44300
16,160,44310
16,161,44281
16,162,44290
16,163,44290
16,164,44291
16,165,44330
16,166,44320
16,167,44350
16,168,44321
16,169,44330
16,170,44310
16,171,44310
16,172,44321
16,173,44350
16,174,44280
16,175,44330
16,176,44361
16,177,44300
16,178,44300
16,179,44270
16,180,45141
16,181,44310
16,182,44310
16,183,44330
16,184,44321
16,185,44330
16,186,44340
16,187,44331
16,188,44320
16,189,44330
16,190,44340
16,191,44341
16,192,44320
16,193,44290
16,194,44280
16,195,44271
16,196,44280
16,197,44350
16,198,44330
16,199,44281
16,200,44280
16,201,44280
16,202,45060
16,203,44301
16,204,44330
16,205,44290
16,206,44330
16,207,44351
16,208,44310
16,209,44350
16,210,44301
16,211,44340
16,212,44300
16,213,44320
16,214,44291
16,215,44290
16,216,44300
16,217,44310
16,218,44311
16,219,44310
16,220,44270
16,221,44370
16,222,44301
16,223,44330
16,224,45520
16,225,44310
16,226,44311
16,227,44320
16,228,44320
16,229,44300
16,230,44361
16,231,44340
16,232,44320
16,233,44331
16,234,44300
16,235,44300
16,236,44310
16,237,44281
16,238,44310
16,239,44290
16,240,44280
16,241,44311
16,242,44280
16,243,44280
16,244,44300
16,245,44301
16,246,44280
16,247,46450
16,248,44310
16,249,44311
16,250,44320
16,251,44330
16,252,44290
16,253,44311
16,254,44270
16,255,44310
16,256,44301
16,257,44290
16,258,44270
16,259,44290
16,260,44281
16,261,44290
16,262,44330
16,263,44290
16,264,44341
16,265,44320
16,266,44310
16,267,44310
16,268,44321
16,269,45110
16,270,44360
16,271,44330
16,272,44341
16,273,44330
16,274,44350
16,275,44290
16,276,44321
16,277,44310
16,278,44310
16,279,44331
16,280,44290
16,281,44310
16,282,44310
16,283,44321
16,284,44310
16,285,44330
16,286,44370
16,287,44321
16,288,44330
16,289,44350
16,290,44340
16,291,45081
16,292,44320
16,293,44340
16,294,44320
16,295,44351
16,296,44320
16,297,44310
16,298,44300
16,299,44341
16,300,44300
16,301,44350
16,302,44341
16,303,44350
16,304,44300
16,305,44300
16,306,44321
16,307,44310
16,308,44260
16,309,44310
16,310,44321
16,311,44290
16,312,44300
16,313,44310
16,314,45071
16,315,44280
16,316,44300
16,317,44270
16,318,44301
16,319,44340
16,320,44290
16,321,44320
16,322,44271
16,323,44310
16,324,44280
16,325,44271
16,326,44280
16,327,44280
16,328,44300
16,329,44271
16,330,44300
16,331,44300
16,332,44290
16,333,44311
16,334,44260
16,335,44340
16,336,45080
16,337,44321
16,338,44320
16,339,44340
16,340,44340
16,341,44341
16,342,44290
16,343,44310
16,344,44320
16,345,44321
16,346,44340
16,347,44320
16,348,44311
16,349,44310
16,350,44340
16,351,44330
16,352,44311
16,353,44310
16,354,44320
16,355,44290
16,356,44311
16,357,44300
16,358,44300
16,359,45120
16,360,44351
16,361,44340
16,362,44290
16,363,44300
16,364,44301
16,365,44280
16,366,44340
16,367,44310
16,368,44321
16,369,44290
16,370,44310
16,371,44331
16,372,44360
16,373,44330
16,374,44300
16,375,44301
16,376,44310
16,377,44330
16,378,44340
16,379,44321
16,380,44280
16,381,45120
16,382,44340
16,383,44331
16,384,44330
16,385,44340
16,386,44360
16,387,44311
16,388,44320
16,389,44320
16,390,44350
16,391,44351
16,392,44290
16,393,44310
16,394,44331
16,395,44350
16,396,44340
16,397,44320
16,398,44311
16,399,44320
16,400,44300
16,401,44310
16,402,44301
16,403,45030
16,404,44310
16,405,44320
16,406,44341
16,407,44320
16,408,44280
16,409,44340
16,410,44301
16,411,44310
16,412,44330
16,413,44270
16,414,44341
16,415,44360
16,416,44310
16,417,44301
16,418,44300
16,419,44320
16,420,44290
16,421,44311
16,422,44310
16,423,44290
16,424,44360
16,425,44311
16,426,45070
16,427,44310
16,428,44300
16,429,44331
16,430,44320
16,431,44340
16,432,44300
16,433,44271
16,434,44290
16,435,44280
16,436,44310
16,437,44281
16,438,44300
16,439,44310
16,440,44311
16,441,44330
16,442,44310
16,443,44290
16,444,44351
16,445,44310
16,446,44330
16,447,44300
16,448,46351
16,449,44300
16,450,44310
16,451,44340
16,452,44321
16,453,44310
16,454,44320
16,455,44320
16,456,44321
16,457,44310
16,458,44290
16,459,44300
16,460,44271
16,461,44280
16,462,44270
16,463,44311
16,464,44300
16,465,44360
16,466,44310
16,467,44321
16,468,44320
16,469,44320
16,470,45070
16,471,44331
16,472,44300
16,473,44290
16,474,44300
16,475,44351
16,476,44320
16,477,44280
16,478,44300
16,479,44291
16,480,44290
16,481,44300
16,482,44330
16,483,44311
16,484,44300
16,485,44310
16,486,44301
16,487,44320
16,488,44320
16,489,44350
16,490,44281
16,491,44350
16,492,44310
16,493,45070
16,494,44321
16,495,44370
16,496,44310
16,497,44310
16,498,44331
16,499,44290
16,500,44280
16,501,44280
16,502,44321
16,503,44320
16,504,44340
16,505,44310
16,506,44351
16,507,44320
16,508,44260
16,509,44320
16,510,44330
16,511,44330
16,512,44320
16,513,44311
16,514,44320
16,515,45170
16,516,44290
16,517,44301
16,518,44280
16,519,44330
16,520,44330
16,521,44321
16,522,44300
16,523,44290
16,524,44320
16,525,44331
16,526,44370
16,527,44330
16,528,44320
16,529,44301
16,530,44320
16,531,44300
16,532,44331
16,533,44330
16,534,44340
16,535,44320
16,536,44321
16,537,45090
16,538,44290
16,539,44340
16,540,44291
16,541,44300
16,542,44300
16,543,44320
16,544,44311
16,545,44310
16,546,44350
16,547,44310
16,548,44361
16,549,44320
16,550,44310
16,551,44310
16,552,44311
16,553,44290
16,554,44310
16,555,44281
16,556,44300
16,557,44330
16,558,44320
16,559,44291
16,560,45150
16,561,44350
16,562,44300
16,563,44301
16,564,44300
16,565,44290
16,566,44270
16,567,44291
16,568,44290
16,569,44330
16,570,44360
16,571,44321
16,572,44330
16,573,44290
16,574,44330
16,575,44331
16,576,44320
16,577,44290
16,578,44340
16,579,44300
16,580,44300
16,581,44320
16,582,48381
16,583,44300
16,584,44310
16,585,44280
16,586,44291
16,587,44290
16,588,44290
16,589,44290
16,590,44301
16,591,44280
16,592,44310
16,593,44320
16,594,44281
16,595,44300
16,596,44310
16,597,44330
16,598,44331
16,599,44320
16,600,44310
16,601,44301
16,602,44340
16,603,44300
16,604,45120
16,605,44291
16,606,44310
16,607,44300
16,608,44280
16,609,44311
16,610,44300
16,611,44330
16,612,44320
16,613,44341
16,614,44340
16,615,44360
16,616,44330
16,617,44361
16,618,44370
16,619,44310
16,620,44300
16,621,44331
16,622,44300
16,623,44370
16,624,44281
16,625,44350
16,626,44310
16,627,45090
16,628,44341
16,629,44350
16,630,44310
16,631,44300
16,632,44301
16,633,44270
16,634,44300
16,635,44280
16,636,44301
16,637,44320
16,638,44340
16,639,44340
16,640,44341
16,641,44320
16,642,44290
16,643,44340
16,644,44281
16,645,44290
16,646,44320
16,647,44341
16,648,44310
16,649,45100
16,650,44330
16,651,44301
16,652,44290
16,653,44300
16,654,44300
16,655,44321
16,656,44300
16,657,44320
16,658,44300
16,659,44291
16,660,44310
16,661,44320
16,662,44350
16,663,44291
16,664,44320
16,665,44350
16,666,44330
16,667,44331
16,668,44260
16,669,44300
16,670,44281
16,671,45110
16,672,44340
16,673,44340
16,674,44331
16,675,44320
16,676,44310
16,677,44340
16,678,44321
16,679,44290
16,680,44290
16,681,44330
16,682,44281
16,683,44290
16,684,44350
16,685,44330
16,686,44351
16,687,44310
16,688,44320
16,689,44260
16,690,44311
16,691,44320
16,692,44310
16,693,44321
16,694,45140
16,695,44310
16,696,44330
16,697,44311
16,698,44340
16,699,44300
16,700,44330
16,701,44331
16,702,44330
16,703,44340
16,704,44330
16,705,44291
16,706,44320
16,707,44280
16,708,44300
16,709,44261
16,710,44310
16,711,44310
16,712,44290
16,713,44301
16,714,44310
16,715,44300
16,716,45081
16,717,44310
16,718,44330
16,719,44330
16,720,44331
16,721,44330
16,722,44320
16,723,44350
16,724,44291
16,725,44360
16,726,44320
16,727,44330
16,728,44341
16,729,44310
16,730,44350
16,731,44330
16,732,44371
16,733,44330
16,734,44290
16,735,44280
16,736,44371
16,737,44340
16,738,45100
16,739,44301
16,740,44310
16,741,44370
16,742,44320
16,743,44341
16,744,44360
16,745,44310
16,746,44310
16,747,44371
16,748,44300
16,749,44310
16,750,44300
16,751,44301
16,752,44310
16,753,44290
16,754,44320
16,755,44301
16,756,44300
16,757,44290
16,758,44360
16,759,44301
16,760,44320
16,761,45060
16,762,44321
16,763,44280
16,764,44320
16,765,44310
16,766,44331
16,767,44350
16,768,44350
16,769,44310
16,770,44351
16,771,44330
16,772,44300
16,773,44290
16,774,44311
16,775,44330
16,776,44310
16,777,44350
16,778,44331
16,779,44280
16,780,44340
16,781,44340
16,782,44331
16,783,45120
16,784,44340
16,785,44301
16,786,44350
16,787,44300
16,788,44310
16,789,44301
16,790,44380
16,791,44330
16,792,44300
16,793,44311
16,794,44350
16,795,44340
16,796,44340
16,797,44321
16,798,44290
16,799,44310
16,800,44330
16,801,44361
16,802,44340
16,803,44300
16,804,44290
16,805,45101
16,806,44350
16,807,44330
16,808,44321
16,809,44360
16,810,44320
16,811,44330
16,812,44311
16,813,44290
16,814,44310
16,815,44340
16,816,44331
16,817,44340
16,818,44370
16,819,44320
16,820,44351
16,821,44310
16,822,44290
16,823,44290
16,824,44311
16,825,44320
16,826,44310
16,827,44300
16,828,45081
16,829,44280
16,830,44310
16,831,44281
16,832,44300
16,833,44310
16,834,44320
16,835,44321
16,836,44290
16,837,44290
16,838,44310
16,839,44301
16,840,44350
16,841,44320
16,842,44330
16,843,44311
16,844,44320
16,845,44310
16,846,44310
16,847,44331
16,848,44310
16,849,44310
16,850,45050
16,851,44331
16,852,44300
16,853,44330
16,854,44301
16,855,44330
16,856,44350
16,857,44290
16,858,44291
16,859,44290
16,860,44300
16,861,44270
16,862,44291
16,863,44300
16,864,44290
16,865,44320
16,866,44321
16,867,44340
16,868,44320
16,869,44330
16,870,44361
16,871,44330
16,872,44310
16,873,45120
16,874,44341
16,875,44290
16,876,44320
16,877,44291
16,878,44260
16,879,44300
16,880,44310
16,881,44281
16,882,44300
16,883,44270
16,884,44300
16,885,44271
16,886,44300
16,887,44320
16,888,44300
16,889,44291
16,890,44290
16,891,44310
16,892,44290
16,893,44311
16,894,44300
16,895,45110
16,896,44330
16,897,44311
16,898,44300
16,899,44320
16,900,44300
16,901,44281
16,902,44310
16,903,44280
16,904,44321
16,905,44420
16,906,44320
16,907,44320
16,908,44291
16,909,44350
16,910,44310
16,911,44380
16,912,44331
16,913,44300
16,914,44340
16,915,44330
16,916,44321
16,917,45050
16,918,44360
16,919,44330
16,920,44331
16,921,44310
16,922,44330
16,923,44330
16,924,44291
16,925,44300
16,926,44290
16,927,44301
16,928,44280
16,929,44320
16,930,44340
16,931,44281
16,932,44320
16,933,44330
16,934,44350
16,935,44301
16,936,44300
16,937,44270
16,938,44290
16,939,44291
16,940,45100
16,941,44320
16,942,44310
16,943,44311
16,944,44320
16,945,44310
16,946,44320
16,947,44301
16,948,44320
16,949,44330
16,950,44351
16,951,44320
16,952,44320
16,953,44340
16,954,44311
16,955,44320
16,956,44300
16,957,44280
16,958,44331
16,959,44320
16,960,44300
16,961,44340
16,962,45561
16,963,44320
16,964,44360
16,965,44320
16,966,44331
16,967,44350
16,968,44300
16,969,44361
16,970,44270
16,971,44340
16,972,44360
16,973,44301
16,974,44320
16,975,44340
16,976,44360
16,977,44301
16,978,44330
16,979,44350
16,980,44310
16,981,44311
16,982,44300
16,983,44300
16,984,46350
16,985,44291
16,986,44300
16,987,44250
16,988,44270
16,989,44301
16,990,44310
16,991,44300
16,992,44381
16,993,44290
16,994,44310
16,995,44320
16,996,44301
16,997,44280
16,998,44330
16,999,44340
17,0,50541
17,1,49790
17,2,49800
17,3,49780
17,4,49811
17,5,49760
17,6,49770
17,7,49811
17,8,49770
17,9,49790
17,10,49790
17,11,49801
17,12,49800
17,13,49770
17,14,49821
17,15,49800
17,16,49750
17,17,49801
17,18,49740
17,19,49740
17,20,50590
17,21,49831
17,22,49770
17,23,49760
17,24,49781
17,25,49770
17,26,49760
17,27,49780
17,28,49751
17,29,49780
17,30,49810
17,31,49791
17,32,49790
17,33,49810
17,34,49780
17,35,49811
17,36,49780
17,37,49800
17,38,49781
17,39,49750
17,40,50910
17,41,49791
17,42,49800
17,43,49750
17,44,49750
17,45,49771
17,46,49730
17,47,49790
17,48,49761
17,49,49770
17,50,49760
17,51,49770
17,52,49801
17,53,49750
17,54,49770
17,55,49761
17,56,49740
17,57,49740
17,58,49741
17,59,49820
17,60,51940
17,61,49770
17,62,49771
17,63,49780
17,64,49800
17,65,49831
17,66,49790
17,67,49820
17,68,49780
17,69,49811
17,70,49810
17,71,49790
17,72,49761
17,73,49740
17,74,49810
17,75,49801
17,76,49840
17,77,49760
17,78,49780
17,79,49811
17,80,50720
17,81,49820
17,82,49811
17,83,49770
17,84,49810
17,85,49770
17,86,49771
17,87,49790
17,88,49830
17,89,49791
17,90,49830
17,91,49780
17,92,49770
17,93,49821
17,94,49750
17,95,49810
17,96,49811
17,97,49830
17,98,49770
17,99,50591
17,100,49820
17,101,49790
17,102,49790
17,103,49781
17,104,49780
17,105,49770
17,106,49771
17,107,49800
17,108,49760
17,109,49770
17,110,49791
17,111,49790
17,112,49770
17,113,49731
17,114,49760
17,115,49770
17,116,49821
17,117,49760
17,118,49750
17,119,50580
17,120,49801
17,121,49780
17,122,49780
17,123,49781
17,124,49830
17,125,49790
17,126,49770
17,127,49791
17,128,49800
17,129,49760
17,130,49731
17,131,49800
17,132,49770
17,133,49770
17,134,49771
17,135,49770
17,136,49750
17,137,49801
17,138,49770
17,139,50570
17,140,49811
17,141,49780
17,142,49770
17,143,49780
17,144,49761
17,145,49810
17,146,49790
17,147,49761
17,148,49750
17,149,49750
17,150,49780
17,151,49811
17,152,49790
17,153,49780
17,154,49821
17,155,49810
17,156,49790
17,157,49771
17,158,49750
17,159,50510
17,160,49800
17,161,49801
17,162,49820
17,163,49800
17,164,49751
17,165,49700
17,166,49740
17,167,49780
17,168,49761
17,169,49760
17,170,49770
17,171,49771
17,172,49750
17,173,49770
17,174,49770
17,175,49791
17,176,49800
17,177,49790
17,178,49821
17,179,50600
17,180,49810
17,181,49831
17,182,49800
17,183,49810
17,184,49830
17,185,49811
17,186,49790
17,187,49750
17,188,49801
17,189,49770
17,190,49810
17,191,49760
17,192,49781
17,193,49830
17,194,49800
17,195,49801
17,196,49770
17,197,49770
17,198,49781
17,199,50610
17,200,49800
17,201,49800
17,202,49831
17,203,49800
17,204,49790
17,205,49791
17,206,49810
17,207,49800
17,208,49790
17,209,49801
17,210,49810
17,211,49780
17,212,49801
17,213,49770
17,214,49800
17,215,49750
17,216,49841
17,217,49820
17,218,49770
17,219,50591
17,220,49820
17,221,49780
17,222,49851
17,223,49820
17,224,49820
17,225,49800
17,226,49841
17,227,49800
17,228,49930
17,229,49811
17,230,49810
17,231,49780
17,232,49790
17,233,49801
17,234,49770
17,235,49790
17,236,49761
17,237,49800
17,238,49830
17,239,50551
17,240,49800
17,241,49790
17,242,49780
17,243,49771
17,244,49770
17,245,49770
17,246,49771
17,247,49750
17,248,49760
17,249,49760
17,250,49751
17,251,49780
17,252,49820
17,253,49801
17,254,49830
17,255,49810
17,256,49760
17,257,49820
17,258,49750
17,259,50670
17,260,49811
17,261,49760
17,262,49800
17,263,49831
17,264,49820
17,265,49790
17,266,49780
17,267,49781
17,268,49790
17,269,49800
17,270,49771
17,271,49780
17,272,49800
17,273,49780
17,274,49781
17,275,49740
17,276,49760
17,277,49821
17,278,49830
17,279,50590
17,280,49791
17,281,49820
17,282,49810
17,283,49780
17,284,49781
17,285,49800
17,286,49800
17,287,49811
17,288,49790
17,289,49790
17,290,49800
17,291,49801
17,292,49810
17,293,49790
17,294,49801
17,295,49800
17,296,49800
17,297,49851
17,298,49760
17,299,50580
17,300,49790
17,301,49781
17,302,49740
17,303,49740
17,304,49741
17,305,49750
17,306,49760
17,307,49730
17,308,49751
17,309,49740
17,310,49760
17,311,49761
17,312,49740
17,313,49770
17,314,49810
17,315,49761
17,316,49810
17,317,49800
17,318,49821
17,319,50580
17,320,49780
17,321,49811
17,322,49730
17,323,49790
17,324,49730
17,325,49791
17,326,49790
17,327,49780
17,328,49781
17,329,49770
17,330,49780
17,331,49780
17,332,49781
17,333,49790
17,334,49780
17,335,49751
17,336,49830
17,337,49800
17,338,50561
17,339,49780
17,340,49800
17,341,49820
17,342,49801
17,343,49760
17,344,49780
17,345,49781
17,346,49810
17,347,49780
17,348,49800
17,349,49781
17,350,49800
17,351,49760
17,352,49831
17,353,49830
17,354,49810
17,355,49830
17,356,49771
17,357,49780
17,358,50570
17,359,49791
17,360,49780
17,361,49780
17,362,49771
17,363,49790
17,364,49800
17,365,49780
17,366,49781
17,367,49780
17,368,49750
17,369,49741
17,370,49770
17,371,49780
17,372,49770
17,373,49761
17,374,49820
17,375,49770
17,376,49771
17,377,49780
17,378,50630
17,379,49801
17,380,49790
17,381,49760
17,382,49780
17,383,49821
17,384,49790
17,385,49800
17,386,49791
17,387,49810
17,388,49780
17,389,49820
17,390,49791
17,391,49770
17,392,49760
17,393,49751
17,394,49840
17,395,49790
17,396,49780
17,397,49801
17,398,50570
17,399,49800
17,400,49771
17,401,49790
17,402,49780
17,403,49751
17,404,49760
17,405,49770
17,406,49800
17,407,49771
17,408,49800
17,409,49810
17,410,49791
17,411,49800
17,412,49820
17,413,49800
17,414,49791
17,415,49840
17,416,49820
17,417,49781
17,418,50520
17,419,49810
17,420,49811
17,421,49770
17,422,49800
17,423,49750
17,424,49771
17,425,49800
17,426,49760
17,427,49791
17,428,49740
17,429,49810
17,430,49810
17,431,49781
17,432,49790
17,433,49770
17,434,49801
17,435,49750
17,436,49810
17,437,49840
17,438,50631
17,439,49820
17,440,49780
17,441,49751
17,442,49820
17,443,49790
17,444,49771
17,445,49790
17,446,49770
17,447,49760
17,448,49741
17,449,49790
17,450,49770
17,451,49721
17,452,49750
17,453,49810
17,454,49810
17,455,49841
17,456,49790
17,457,49770
17,458,50531
17,459,49790
17,460,49750
17,461,49791
17,462,49780
17,463,49780
17,464,49770
17,465,49761
17,466,49740
17,467,49800
17,468,49761
17,469,49770
17,470,49760
17,471,49830
17,472,49801
17,473,49760
17,474,49760
17,475,49761
17,476,49770
17,477,49770
17,478,50590
17,479,49751
17,480,49780
17,481,49750
17,482,49791
17,483,49740
17,484,49740
17,485,49781
17,486,49740
17,487,49780
17,488,49770
17,489,49781
17,490,49800
17,491,49780
17,492,49761
17,493,49800
17,494,49770
17,495,49820
17,496,49801
17,497,49800
17,498,50580
17,499,49801
17,500,49780
17,501,49800
17,502,49781
17,503,49800
17,504,49750
17,505,49760
17,506,49751
17,507,49760
17,508,49760
17,509,49781
17,510,49780
17,511,49750
17,512,49780
17,513,49771
17,514,49770
17,515,49810
17,516,49751
17,517,49780
17,518,50590
17,519,49750
17,520,49801
17,521,49820
17,522,49780
17,523,49771
17,524,49790
17,525,49780
17,526,49771
17,527,49800
17,528,49820
17,529,49781
17,530,49790
17,531,49800
17,532,49770
17,533,49821
17,534,49800
17,535,49800
17,536,49791
17,537,50600
17,538,49770
17,539,49770
17,540,49751
17,541,49760
17,542,49770
17,543,49801
17,544,49770
17,545,49780
17,546,49780
17,547,49811
17,548,49830
17,549,49820
17,550,49821
17,551,49810
17,552,49770
17,553,49841
17,554,49810
17,555,49800
17,556,49760
17,557,50601
17,558,49810
17,559,49810
17,560,49801
17,561,49750
17,562,49790
17,563,49820
17,564,49801
17,565,49790
17,566,49790
17,567,49781
17,568,49780
17,569,49780
17,570,49841
17,571,49790
17,572,49790
17,573,49780
17,574,49781
17,575,49770
17,576,49800
17,577,50661
17,578,49760
17,579,49770
17,580,49750
17,581,49751
17,582,49770
17,583,49820
17,584,49791
17,585,49790
17,586,49800
17,587,49760
17,588,49791
17,589,49780
17,590,49730
17,591,49741
17,592,49810
17,593,49770
17,594,49731
17,595,49820
17,596,49750
17,597,50600
17,598,49801
17,599,49810
17,600,49810
17,601,49791
17,602,49810
17,603,49830
17,604,49800
17,605,49781
17,606,49820
17,607,49780
17,608,49741
17,609,49780
17,610,49800
17,611,49771
17,612,49750
17,613,49840
17,614,49780
17,615,49801
17,616,49790
17,617,50570
17,618,49781
17,619,49770
17,620,49740
17,621,49800
17,622,49771
17,623,49770
17,624,49750
17,625,49761
17,626,49750
17,627,49770
17,628,49770
17,629,49781
17,630,49760
17,631,49770
17,632,49771
17,633,49800
17,634,49800
17,635,49791
17,636,49770
17,637,50610
17,638,49790
17,639,49821
17,640,49820
17,641,49800
17,642,49791
17,643,49780
17,644,49760
17,645,49760
17,646,49801
17,647,49790
17,648,49780
17,649,49771
17,650,49760
17,651,49760
17,652,49781
17,653,49780
17,654,49760
17,655,49780
17,656,49751
17,657,50550
17,658,49810
17,659,49781
17,660,49780
17,661,49800
17,662,49770
17,663,49801
17,664,49810
17,665,49780
17,666,49751
17,667,49780
17,668,49790
17,669,49800
17,670,49811
17,671,49820
17,672,49810
17,673,49761
17,674,49790
17,675,49750
17,676,49771
17,677,50610
17,678,49760
17,679,49810
17,680,49781
17,681,49760
17,682,49770
17,683,49751
17,684,49760
17,685,49780
17,686,49800
17,687,49781
17,688,49740
17,689,49800
17,690,49761
17,691,49800
17,692,49770
17,693,49771
17,694,49780
17,695,49770
17,696,49810
17,697,51091
17,698,49790
17,699,49740
17,700,49721
17,701,49730
17,702,49760
17,703,49720
17,704,49731
17,705,49760
17,706,49740
17,707,49761
17,708,49820
17,709,49810
17,710,49771
17,711,49790
17,712,49800
17,713,49800
17,714,49761
17,715,49770
17,716,51930
17,717,49771
17,718,49780
17,719,49770
17,720,49780
17,721,49801
17,722,49790
17,723,49740
17,724,49781
17,725,49760
17,726,49800
17,727,49770
17,728,49791
17,729,49760
17,730,49770
17,731,49761
17,732,49730
17,733,49770
17,734,49751
17,735,49760
17,736,50570
17,737,49770
17,738,49771
17,739,49780
17,740,49820
17,741,49841
17,742,49780
17,743,49780
17,744,49790
17,745,49781
17,746,49770
17,747,49770
17,748,49801
17,749,49780
17,750,49780
17,751,49781
17,752,49760
17,753,49780
17,754,49750
17,755,49771
17,756,50560
17,757,49770
17,758,49761
17,759,49780
17,760,49810
17,761,49820
17,762,49791
17,763,49780
17,764,49770
17,765,49781
17,766,49770
17,767,49770
17,768,49770
17,769,49811
17,770,49780
17,771,49780
17,772,49801
17,773,49800
17,774,49790
17,775,49801
17,776,50520
17,777,49790
17,778,49780
17,779,49771
17,780,49730
17,781,49780
17,782,49811
17,783,49760
17,784,49800
17,785,49780
17,786,49771
17,787,49770
17,788,49780
17,789,49801
17,790,49770
17,791,49760
17,792,49791
17,793,49750
17,794,49810
17,795,49810
17,796,50581
17,797,49780
17,798,49750
17,799,49761
17,800,49800
17,801,49780
17,802,49770
17,803,49771
17,804,49770
17,805,49740
17,806,49801
17,807,49800
17,808,49770
17,809,49730
17,810,49751
17,811,49770
17,812,49780
17,813,49781
17,814,49770
17,815,49740
17,816,50561
17,817,49780
17,818,49740
17,819,49740
17,820,49741
17,821,49770
17,822,49760
17,823,49751
17,824,49730
17,825,49750
17,826,49740
17,827,49781
17,828,49740
17,829,49730
17,830,49771
17,831,49770
17,832,49800
17,833,49751
17,834,49740
17,835,49790
17,836,50540
17,837,49771
17,838,49790
17,839,49770
17,840,49821
17,841,49740
17,842,49760
17,843,49800
17,844,49801
17,845,49740
17,846,49760
17,847,49721
17,848,49700
17,849,49760
17,850,49820
17,851,49751
17,852,49830
17,853,49770
17,854,49781
17,855,49770
17,856,50530
17,857,49771
17,858,49790
17,859,49720
17,860,49770
17,861,49771
17,862,49770
17,863,49770
17,864,49741
17,865,49750
17,866,49770
17,867,49760
17,868,49751
17,869,49740
17,870,49730
17,871,49771
17,872,49720
17,873,49780
17,874,49751
17,875,49770
17,876,50540
17,877,49750
17,878,49741
17,879,49720
17,880,49730
17,881,49751
17,882,49730
17,883,49760
17,884,49760
17,885,49741
17,886,49730
17,887,49760
17,888,49741
17,889,49760
17,890,49780
17,891,49770
17,892,49741
17,893,49730
17,894,49770
17,895,49761
17,896,50560
17,897,49740
17,898,49751
17,899,49760
17,900,49750
17,901,49760
17,902,49771
17,903,49760
17,904,49750
17,905,49771
17,906,49730
17,907,49770
17,908,49760
17,909,49771
17,910,49740
17,911,49790
17,912,49761
17,913,49780
17,914,49780
17,915,49800
17,916,50641
17,917,49780
17,918,49770
17,919,49761
17,920,49810
17,921,49750
17,922,49821
17,923,49800
17,924,49760
17,925,49710
17,926,49771
17,927,49760
17,928,49720
17,929,49761
17,930,49720
17,931,49770
17,932,49760
17,933,49781
17,934,49740
17,935,49790
17,936,50561
17,937,49760
17,938,49800
17,939,49751
17,940,49790
17,941,49770
17,942,49760
17,943,49791
17,944,49780
17,945,49810
17,946,49781
17,947,49800
17,948,49770
17,949,49780
17,950,49751
17,951,49780
17,952,49780
17,953,49801
17,954,49790
17,955,50590
17,956,49810
17,957,49831
17,958,49770
17,959,49800
17,960,49741
17,961,49750
17,962,49730
17,963,49751
17,964,49740
17,965,49790
17,966,49810
17,967,49771
17,968,49790
17,969,49760
17,970,49731
17,971,49760
17,972,49740
17,973,49730
17,974,49741
17,975,50480
17,976,49750
17,977,49751
17,978,49740
17,979,49730
17,980,49751
17,981,49750
17,982,49740
17,983,49740
17,984,49751
17,985,49800
17,986,49790
17,987,49801
17,988,49780
17,989,49770
17,990,49770
17,991,49761
17,992,49750
17,993,49730
17,994,49801
17,995,50580
17,996,49780
17,997,49730
17,998,49741
17,999,49750
18,0,19340
18,1,19410
18,2,19370
18,3,19350
18,4,19390
18,5,19380
18,6,19430
18,7,19371
18,8,19340
18,9,19410
18,10,19350
18,11,19370
18,12,19370
18,13,19380
18,14,19380
18,15,19400
18,16,19361
18,17,19370
18,18,19350
18,19,19380
18,20,24920
18,21,19360
18,22,19350
18,23,19400
18,24,19411
18,25,19390
18,26,19370
18,27,19400
18,28,19360
18,29,19350
18,30,19400
18,31,19360
18,32,19360
18,33,19351
18,34,19370
18,35,19400
18,36,19340
18,37,19360
18,38,19350
18,39,19380
18,40,19360
18,41,19361
18,42,19360
18,43,19380
18,44,19350
18,45,19350
18,46,19360
18,47,19370
18,48,19340
18,49,19370
18,50,19351
18,51,19390
18,52,19370
18,53,19340
18,54,19360
18,55,19380
18,56,19380
18,57,19360
18,58,19360
18,59,19391
18,60,19350
18,61,19400
18,62,19370
18,63,19410
18,64,19350
18,65,19360
18,66,19360
18,67,19361
18,68,19330
18,69,19350
18,70,20180
18,71,19400
18,72,19370
18,73,19390
18,74,19360
18,75,19360
18,76,19371
18,77,19370
18,78,19360
18,79,19410
18,80,19360
18,81,19360
18,82,19390
18,83,19420
18,84,19360
18,85,19361
18,86,19370
18,87,19370
18,88,19390
18,89,19370
18,90,19330
18,91,19350
18,92,19410
18,93,19371
18,94,19370
18,95,19380
18,96,19350
18,97,19370
18,98,19340
18,99,19380
18,100,19380
18,101,19380
18,102,19371
18,103,19390
18,104,19380
18,105,19350
18,106,19350
18,107,19370
18,108,19350
18,109,19360
18,110,19350
18,111,19381
18,112,19370
18,113,19360
18,114,19350
18,115,19340
18,116,19340
18,117,19380
18,118,19340
18,119,19381
18,120,20100
18,121,19340
18,122,19390
18,123,19390
18,124,19390
18,125,19360
18,126,19360
18,127,19390
18,128,19391
18,129,19380
18,130,19360
18,131,19370
18,132,19390
18,133,19340
18,134,19360
18,135,19370
18,136,19400
18,137,19371
18,138,19370
18,139,19320
18,140,19380
18,141,19360
18,142,19350
18,143,19340
18,144,19400
18,145,19351
18,146,19370
18,147,19360
18,148,19360
18,149,19360
18,150,19360
18,151,19360
18,152,19390
18,153,19360
18,154,19381
18,155,19380
18,156,19400
18,157,19380
18,158,19360
18,159,19360
18,160,19390
18,161,19360
18,162,19400
18,163,19361
18,164,19370
18,165,19360
18,166,19390
18,167,19340
18,168,19360
18,169,19350
18,170,19380
18,171,20121
18,172,19380
18,173,19370
18,174,19380
18,175,19360
18,176,19380
18,177,19350
18,178,19380
18,179,19330
18,180,19401
18,181,19370
18,182,19350
18,183,19370
18,184,19410
18,185,19390
18,186,19390
18,187,19330
18,188,19360
18,189,19341
18,190,19400
18,191,19370
18,192,19390
18,193,19350
18,194,19360
18,195,19390
18,196,19380
18,197,19371
18,198,19350
18,199,19370
18,200,19390
18,201,19340
18,202,19350
18,203,19360
18,204,19370
18,205,19380
18,206,19371
18,207,19380
18,208,19360
18,209,19360
18,210,19350
18,211,19360
18,212,19380
18,213,19350
18,214,19370
18,215,19381
18,216,19380
18,217,19380
18,218,19350
18,219,19370
18,220,19380
18,221,19370
18,222,20160
18,223,19380
18,224,19390
18,225,19360
18,226,19370
18,227,19390
18,228,19360
18,229,19390
18,230,19380
18,231,19410
18,232,19371
18,233,19340
18,234,19340
18,235,19390
18,236,19380
18,237,19370
18,238,19380
18,239,19350
18,240,19350
18,241,19391
18,242,19380
18,243,19390
18,244,19380
18,245,19410
18,246,19390
18,247,19360
18,248,19380
18,249,19351
18,250,19380
18,251,19380
18,252,19380
18,253,19380
18,254,19340
18,255,19360
18,256,19380
18,257,19370
18,258,19381
18,259,19350
18,260,19380
18,261,19360
18,262,19380
18,263,19350
18,264,19400
18,265,19350
18,266,19380
18,267,19381
18,268,19380
18,269,19380
18,270,19380
18,271,19370
18,272,20160
18,273,19360
18,274,19370
18,275,19371
18,276,19350
18,277,19360
18,278,19400
18,279,19380
18,280,19370
18,281,19370
18,282,19380
18,283,19350
18,284,19371
18,285,19360
18,286,19380
18,287,19370
18,288,19360
18,289,19370
18,290,19400
18,291,19380
18,292,19340
18,293,19361
18,294,19380
18,295,19370
18,296,19340
18,297,19370
18,298,19380
18,299,19360
18,300,19380
18,301,19380
18,302,19391
18,303,19370
18,304,19360
18,305,19360
18,306,19390
18,307,19370
18,308,19360
18,309,19360
18,310,19381
18,311,19380
18,312,19340
18,313,19340
18,314,19360
18,315,19370
18,316,19350
18,317,19370
18,318,19390
18,319,19361
18,320,19390
18,321,19350
18,322,19390
18,323,20120
18,324,19390
18,325,19370
18,326,19360
18,327,19340
18,328,19390
18,329,19360
18,330,19350
18,331,19360
18,332,19390
18,333,19360
18,334,19360
18,335,19360
18,336,19391
18,337,19380
18,338,19360
18,339,19380
18,340,19410
18,341,19390
18,342,19380
18,343,19420
18,344,19380
18,345,19371
18,346,19360
18,347,19400
18,348,19350
18,349,19370
18,350,19360
18,351,19390
18,352,19350
18,353,19350
18,354,19361
18,355,19380
18,356,19370
18,357,19380
18,358,19350
18,359,19350
18,360,19350
18,361,19370
18,362,19351
18,363,19360
18,364,19420
18,365,19360
18,366,19340
18,367,19410
18,368,19350
18,369,19350
18,370,19430
18,371,19371
18,372,19380
18,373,20140
18,374,19360
18,375,19410
18,376,19390
18,377,19350
18,378,19350
18,379,19370
18,380,19401
18,381,19370
18,382,19360
18,383,19380
18,384,19380
18,385,19360
18,386,19360
18,387,19370
18,388,19371
18,389,19380
18,390,19360
18,391,19390
18,392,19400
18,393,19360
18,394,19390
18,395,19350
18,396,19370
18,397,19351
18,398,19340
18,399,19360
18,400,19370
18,401,19370
18,402,19350
18,403,19390
18,404,19350
18,405,19380
18,406,19381
18,407,19410
18,408,19350
18,409,19360
18,410,19380
18,411,19370
18,412,19350
18,413,19350
18,414,19381
18,415,19360
18,416,19370
18,417,19360
18,418,19390
18,419,19360
18,420,19370
18,421,19360
18,422,19380
18,423,19361
18,424,20130
18,425,19360
18,426,19380
18,427,19380
18,428,19380
18,429,19400
18,430,19360
18,431,19390
18,432,19371
18,433,19370
18,434,19360
18,435,19380
18,436,19360
18,437,19390
18,438,19370
18,439,19350
18,440,19371
18,441,19370
18,442,19370
18,443,19360
18,444,19360
18,445,19380
18,446,19360
18,447,19390
18,448,19360
18,449,19391
18,450,19390
18,451,19350
18,452,19380
18,453,19390
18,454,19350
18,455,19330
18,456,19390
18,457,19360
18,458,19371
18,459,19420
18,460,19340
18,461,19360
18,462,19360
18,463,19390
18,464,19370
18,465,19400
18,466,19371
18,467,19400
18,468,19380
18,469,19370
18,470,19390
18,471,19390
18,472,19370
18,473,19380
18,474,20120
18,475,19401
18,476,19370
18,477,19360
18,478,19330
18,479,19370
18,480,19350
18,481,19380
18,482,19360
18,483,19370
18,484,19391
18,485,19370
18,486,19360
18,487,19400
18,488,19350
18,489,19360
18,490,19380
18,491,19410
18,492,19351
18,493,19390
18,494,19370
18,495,19390
18,496,19350
18,497,19350
18,498,19350
18,499,19380
18,500,19360
18,501,19371
18,502,19350
18,503,19380
18,504,19360
18,505,19370
18,506,19360
18,507,19370
18,508,19350
18,509,19370
18,510,19361
18,511,19350
18,512,19340
18,513,19390
18,514,19370
18,515,19370
18,516,19380
18,517,19340
18,518,19371
18,519,19400
18,520,19350
18,521,19340
18,522,19370
18,523,19370
18,524,19400
18,525,20120
18,526,19380
18,527,19361
18,528,19370
18,529,19360
18,530,19420
18,531,19360
18,532,19390
18,533,19360
18,534,19370
18,535,19340
18,536,19401
18,537,19360
18,538,19400
18,539,19390
18,540,19400
18,541,19380
18,542,19370
18,543,19360
18,544,19421
18,545,19360
18,546,19350
18,547,19390
18,548,19380
18,549,19360
18,550,19380
18,551,19380
18,552,19410
18,553,19371
18,554,19360
18,555,19370
18,556,19390
18,557,19380
18,558,19370
18,559,19370
18,560,19390
18,561,19360
18,562,19351
18,563,19360
18,564,19370
18,565,19380
18,566,19400
18,567,19380
18,568,19370
18,569,19360
18,570,19381
18,571,19350
18,572,19340
18,573,19350
18,574,19400
18,575,20120
18,576,19400
18,577,19360
18,578,19340
18,579,19391
18,580,19350
18,581,19390
18,582,19380
18,583,19380
18,584,19360
18,585,19420
18,586,19360
18,587,19360
18,588,19341
18,589,19400
18,590,19350
18,591,19360
18,592,19390
18,593,19370
18,594,19360
18,595,19400
18,596,19381
18,597,19430
18,598,19320
18,599,19360
18,600,19340
18,601,19370
18,602,19360
18,603,19350
18,604,19390
18,605,19361
18,606,19330
18,607,19380
18,608,19340
18,609,19370
18,610,19350
18,611,19370
18,612,19380
18,613,19370
18,614,19371
18,615,19420
18,616,19360
18,617,19350
18,618,19350
18,619,19420
18,620,19390
18,621,19380
18,622,19351
18,623,19390
18,624,19400
18,625,19360
18,626,20110
18,627,19390
18,628,19340
18,629,19340
18,630,19380
18,631,19361
18,632,19350
18,633,19370
18,634,19360
18,635,19370
18,636,19370
18,637,19350
18,638,19380
18,639,19380
18,640,19381
18,641,19390
18,642,19350
18,643,19370
18,644,19370
18,645,19360
18,646,19370
18,647,19370
18,648,19351
18,649,19360
18,650,19400
18,651,19360
18,652,19410
18,653,19370
18,654,19350
18,655,19380
18,656,19370
18,657,19361
18,658,19370
18,659,19380
18,660,19380
18,661,19370
18,662,19360
18,663,19380
18,664,19360
18,665,19360
18,666,19381
18,667,19380
18,668,19370
18,669,19370
18,670,19350
18,671,19360
18,672,19390
18,673,19360
18,674,19381
18,675,19370
18,676,20900
18,677,19380
18,678,19360
18,679,19420
18,680,19360
18,681,19350
18,682,19350
18,683,19381
18,684,19350
18,685,19370
18,686,19360
18,687,19360
18,688,19390
18,689,19350
18,690,19340
18,691,19370
18,692,19361
18,693,19380
18,694,19400
18,695,19380
18,696,19380
18,697,19360
18,698,19330
18,699,19380
18,700,19371
18,701,19360
18,702,19370
18,703,19370
18,704,19360
18,705,19380
18,706,19380
18,707,19340
18,708,19350
18,709,19361
18,710,19380
18,711,19360
18,712,19380
18,713,19350
18,714,19380
18,715,19340
18,716,19350
18,717,19370
18,718,19371
18,719,19370
18,720,19370
18,721,19360
18,722,19390
18,723,19390
18,724,19360
18,725,19360
18,726,19381
18,727,21400
18,728,19380
18,729,19360
18,730,19370
18,731,19380
18,732,19370
18,733,19360
18,734,19390
18,735,19361
18,736,19380
18,737,19360
18,738,19410
18,739,19350
18,740,19360
18,741,19380
18,742,19370
18,743,19410
18,744,19351
18,745,19410
18,746,19340
18,747,19370
18,748,19340
18,749,19370
18,750,19370
18,751,19380
18,752,19371
18,753,19380
18,754,19360
18,755,19370
18,756,19360
18,757,19370
18,758,19360
18,759,19370
18,760,19360
18,761,19351
18,762,19380
18,763,19400
18,764,19370
18,765,19360
18,766,19370
18,767,19360
18,768,19400
18,769,19380
18,770,19361
18,771,19380
18,772,19360
18,773,19350
18,774,19350
18,775,19340
18,776,19380
18,777,20160
18,778,19381
18,779,19380
18,780,19360
18,781,19370
18,782,19360
18,783,19360
18,784,19380
18,785,19380
18,786,19360
18,787,19371
18,788,19340
18,789,19360
18,790,19370
18,791,19420
18,792,19390
18,793,19370
18,794,19360
18,795,19380
18,796,19361
18,797,19360
18,798,19350
18,799,19380
18,800,19370
18,801,19350
18,802,19380
18,803,19360
18,804,19351
18,805,19370
18,806,19400
18,807,19390
18,808,19320
18,809,19360
18,810,19380
18,811,19350
18,812,19370
18,813,19361
18,814,19380
18,815,19360
18,816,19350
18,817,19360
18,818,19390
18,819,19360
18,820,19370
18,821,19350
18,822,19401
18,823,19370
18,824,19350
18,825,19390
18,826,19400
18,827,19380
18,828,20130
18,829,19340
18,830,19371
18,831,19400
18,832,19350
18,833,19350
18,834,19340
18,835,19390
18,836,19360
18,837,19400
18,838,19360
18,839,19421
18,840,19360
18,841,19390
18,842,19360
18,843,19380
18,844,19360
18,845,19390
18,846,19370
18,847,19340
18,848,19391
18,849,19360
18,850,19380
18,851,19350
18,852,19360
18,853,19370
18,854,19360
18,855,19370
18,856,19361
18,857,19400
18,858,19390
18,859,19380
18,860,19360
18,861,19390
18,862,19390
18,863,19370
18,864,19360
18,865,19361
18,866,19380
18,867,19380
18,868,19350
18,869,19410
18,870,19340
18,871,19350
18,872,19360
18,873,19380
18,874,19341
18,875,19370
18,876,19370
18,877,19360
18,878,20080
18,879,19380
18,880,19370
18,881,19380
18,882,19411
18,883,19370
18,884,19390
18,885,19390
18,886,19370
18,887,19360
18,888,19360
18,889,19350
18,890,19370
18,891,19361
18,892,19360
18,893,19400
18,894,19400
18,895,19340
18,896,19360
18,897,19360
18,898,19390
18,899,19370
18,900,19351
18,901,19360
18,902,19380
18,903,19350
18,904,19340
18,905,19380
18,906,19370
18,907,19370
18,908,19361
18,909,19370
18,910,19360
18,911,19390
18,912,19380
18,913,19380
18,914,19370
18,915,19350
18,916,19340
18,917,19381
18,918,19350
18,919,19340
18,920,19370
18,921,19380
18,922,19380
18,923,19380
18,924,19360
18,925,19390
18,926,19371
18,927,19360
18,928,19380
18,929,20140
18,930,19370
18,931,19400
18,932,19380
18,933,19360
18,934,19371
18,935,19380
18,936,19360
18,937,19360
18,938,19360
18,939,19370
18,940,19370
18,941,19340
18,942,19370
18,943,19371
18,944,19350
18,945,19340
18,946,19360
18,947,19380
18,948,19370
18,949,19350
18,950,19370
18,951,19370
18,952,19391
18,953,19340
18,954,19350
18,955,19380
18,956,19350
18,957,19360
18,958,19360
18,959,19360
18,960,19371
18,961,19350
18,962,19370
18,963,19390
18,964,19370
18,965,19370
18,966,19380
18,967,19370
18,968,19380
18,969,19361
18,970,19410
18,971,19370
18,972,19390
18,973,19380
18,974,19370
18,975,19360
18,976,19370
18,977,19360
18,978,19381
18,979,19360
18,980,20150
18,981,19380
18,982,19400
18,983,19380
18,984,19370
18,985,19390
18,986,19381
18,987,19340
18,988,19370
18,989,19380
18,990,19380
18,991,19370
18,992,19370
18,993,19380
18,994,19400
18,995,19371
18,996,19370
18,997,19350
18,998,19360
18,999,19370
19,0,22931
19,1,22250
19,2,22160
19,3,22190
19,4,22200
19,5,22150
19,6,22160
19,7,22211
19,8,22200
19,9,22210
19,10,22180
19,11,22180
19,12,22190
19,13,22180
19,14,22210
19,15,22181
19,16,22210
19,17,22190
19,18,22170
19,19,22140
19,20,22150
19,21,22180
19,22,22201
19,23,22160
19,24,22180
19,25,22160
19,26,22180
19,27,22180
19,28,22170
19,29,22160
19,30,22181
19,31,22180
19,32,22160
19,33,22150
19,34,22160
19,35,22180
19,36,22170
19,37,22150
19,38,22181
19,39,22200
19,40,22190
19,41,22150
19,42,22150
19,43,22180
19,44,22930
19,45,22171
19,46,22170
19,47,22180
19,48,22180
19,49,22160
19,50,22140
19,51,22180
19,52,22190
19,53,22171
19,54,22190
19,55,22160
19,56,22190
19,57,22150
19,58,22160
19,59,22160
19,60,22201
19,61,22180
19,62,22160
19,63,22160
19,64,22200
19,65,22170
19,66,22190
19,67,22170
19,68,22201
19,69,22210
19,70,22170
19,71,22180
19,72,22180
19,73,22210
19,74,22200
19,75,22181
19,76,22150
19,77,22190
19,78,22170
19,79,22210
19,80,22170
19,81,22160
19,82,22200
19,83,22161
19,84,22170
19,85,22210
19,86,22160
19,87,22170
19,88,22950
19,89,22180
19,90,22190
19,91,22171
19,92,22180
19,93,22180
19,94,22190
19,95,22230
19,96,22160
19,97,22180
19,98,22211
19,99,22150
19,100,22170
19,101,22170
19,102,22170
19,103,22160
19,104,22150
19,105,22160
19,106,22201
19,107,22180
19,108,22160
19,109,22190
19,110,22160
19,111,22180
19,112,22190
19,113,22151
19,114,22160
19,115,22180
19,116,22200
19,117,22170
19,118,22160
19,119,22170
19,120,22170
19,121,22171
19,122,22160
19,123,22160
19,124,22180
19,125,22200
19,126,22170
19,127,22170
19,128,22190
19,129,22211
19,130,22160
19,131,22180
19,132,22930
19,133,22180
19,134,22180
19,135,22190
19,136,22181
19,137,22160
19,138,22180
19,139,22190
19,140,22160
19,141,22190
19,142,22180
19,143,22160
19,144,22171
19,145,22150
19,146,22210
19,147,22200
19,148,22170
19,149,22200
19,150,22190
19,151,22211
19,152,22180
19,153,22160
19,154,22180
19,155,22180
19,156,22180
19,157,22170
19,158,22170
19,159,22211
19,160,22200
19,161,22170
19,162,22180
19,163,22180
19,164,22200
19,165,22160
19,166,22160
19,167,22151
19,168,22170
19,169,22160
19,170,22160
19,171,22180
19,172,22170
19,173,22170
19,174,22181
19,175,22160
19,176,22200
19,177,22930
19,178,22180
19,179,22170
19,180,22180
19,181,22170
19,182,22191
19,183,22180
19,184,22170
19,185,22180
19,186,22210
19,187,22190
19,188,22170
19,189,22151
19,190,22190
19,191,22150
19,192,22170
19,193,22170
19,194,22200
19,195,22200
19,196,22160
19,197,22161
19,198,22210
19,199,22180
19,200,22170
19,201,22210
19,202,22180
19,203,22180
19,204,22161
19,205,22190
19,206,22180
19,207,22160
19,208,22180
19,209,22180
19,210,22170
19,211,22170
19,212,22181
19,213,22180
19,214,22160
19,215,22180
19,216,22170
19,217,22200
19,218,22170
19,219,22150
19,220,22171
19,221,22980
19,222,22190
19,223,22200
19,224,22160
19,225,22170
19,226,22180
19,227,22201
19,228,22170
19,229,22150
19,230,22150
19,231,22180
19,232,22120
19,233,22150
19,234,22130
19,235,22151
19,236,22150
19,237,22130
19,238,22110
19,239,22180
19,240,22150
19,241,22150
19,242,22150
19,243,22141
19,244,22160
19,245,22160
19,246,22140
19,247,22150
19,248,22180
19,249,22150
19,250,22120
19,251,22141
19,252,22150
19,253,22130
19,254,22130
19,255,22130
19,256,22170
19,257,22160
19,258,22140
19,259,22151
19,260,22140
19,261,22140
19,262,22140
19,263,22150
19,264,22150
19,265,22970
19,266,22151
19,267,22150
19,268,22120
19,269,22180
19,270,22130
19,271,22140
19,272,22150
19,273,22170
19,274,22141
19,275,22120
19,276,22130
19,277,22160
19,278,22130
19,279,22140
19,280,22140
19,281,22140
19,282,22131
19,283,22160
19,284,22160
19,285,22150
19,286,22140
19,287,22170
19,288,22150
19,289,22141
19,290,22140
19,291,22170
19,292,22160
19,293,22170
19,294,22160
19,295,22160
19,296,22120
19,297,22151
19,298,22190
19,299,22140
19,300,22140
19,301,22130
19,302,22150
19,303,22140
19,304,22151
19,305,22140
19,306,22160
19,307,22150
19,308,22140
19,309,22130
19,310,22890
19,311,22160
19,312,22191
19,313,22140
19,314,22150
19,315,22150
19,316,22160
19,317,22140
19,318,22130
19,319,22130
19,320,22171
19,321,22150
19,322,22120
19,323,22160
19,324,22160
19,325,22150
19,326,22180
19,327,22131
19,328,22140
19,329,22170
19,330,22130
19,331,22140
19,332,22150
19,333,22150
19,334,22130
19,335,22161
19,336,22140
19,337,22160
19,338,22140
19,339,22140
19,340,22130
19,341,22190
19,342,22141
19,343,22130
19,344,22140
19,345,22140
19,346,22140
19,347,22160
19,348,22140
19,349,22190
19,350,22161
19,351,22150
19,352,22130
19,353,22150
19,354,22880
19,355,22120
19,356,22150
19,357,22160
19,358,22151
19,359,22130
19,360,22130
19,361,22140
19,362,22160
19,363,22190
19,364,22150
19,365,22191
19,366,22160
19,367,22180
19,368,22170
19,369,22160
19,370,22160
19,371,22170
19,372,22170
19,373,22161
19,374,22170
19,375,22190
19,376,22160
19,377,22170
19,378,22170
19,379,22200
19,380,22161
19,381,22170
19,382,22160
19,383,22180
19,384,22160
19,385,22150
19,386,22170
19,387,22200
19,388,22191
19,389,22150
19,390,22190
19,391,22210
19,392,22190
19,393,22190
19,394,22150
19,395,22180
19,396,22181
19,397,22150
19,398,22980
19,399,22180
19,400,22180
19,401,22200
19,402,22160
19,403,22181
19,404,22160
19,405,22200
19,406,22150
19,407,22160
19,408,22190
19,409,22150
19,410,22150
19,411,22151
19,412,22160
19,413,22170
19,414,22140
19,415,22170
19,416,22170
19,417,22140
19,418,22161
19,419,22120
19,420,22150
19,421,22170
19,422,22130
19,423,22180
19,424,22120
19,425,22150
19,426,22131
19,427,22150
19,428,22170
19,429,22140
19,430,22120
19,431,22120
19,432,22150
19,433,22120
19,434,22101
19,435,22140
19,436,22160
19,437,22180
19,438,22130
19,439,22150
19,440,22180
19,441,22161
19,442,22950
19,443,22140
19,444,22190
19,445,22130
19,446,22150
19,447,22140
19,448,22140
19,449,22191
19,450,22160
19,451,22170
19,452,22180
19,453,22170
19,454,22170
19,455,22170
19,456,22181
19,457,22160
19,458,22190
19,459,22160
19,460,22200
19,461,22200
19,462,22170
19,463,22160
19,464,22181
19,465,22180
19,466,22220
19,467,22180
19,468,22170
19,469,22160
19,470,22180
19,471,22180
19,472,22211
19,473,22170
19,474,22170
19,475,22160
19,476,22200
19,477,22170
19,478,22170
19,479,22161
19,480,22200
19,481,22160
19,482,22160
19,483,22170
19,484,22190
19,485,22160
19,486,22190
19,487,22951
19,488,22180
19,489,22160
19,490,22170
19,491,22150
19,492,22180
19,493,22170
19,494,22181
19,495,22150
19,496,22140
19,497,22140
19,498,22140
19,499,22190
19,500,22190
19,501,22140
19,502,22171
19,503,22140
19,504,22120
19,505,22160
19,506,22130
19,507,22170
19,508,22140
19,509,22140
19,510,22161
19,511,22180
19,512,22160
19,513,22140
19,514,22160
19,515,22130
19,516,22150
19,517,22141
19,518,22180
19,519,22120
19,520,22150
19,521,22160
19,522,22150
19,523,22170
19,524,22140
19,525,22131
19,526,22170
19,527,22180
19,528,22160
19,529,22120
19,530,22170
19,531,22960
19,532,22121
19,533,22190
19,534,22130
19,535,22150
19,536,22160
19,537,22180
19,538,22160
19,539,22180
19,540,22171
19,541,22160
19,542,22140
19,543,22190
19,544,22180
19,545,22170
19,546,22180
19,547,22160
19,548,22151
19,549,22150
19,550,22170
19,551,22180
19,552,22170
19,553,22190
19,554,22150
19,555,22161
19,556,22180
19,557,22170
19,558,22180
19,559,22170
19,560,22210
19,561,22160
19,562,22150
19,563,22171
19,564,22190
19,565,22170
19,566,22180
19,567,22190
19,568,22140
19,569,22190
19,570,22201
19,571,22160
19,572,22180
19,573,22190
19,574,22190
19,575,22950
19,576,22150
19,577,22140
19,578,22191
19,579,22160
19,580,22190
19,581,22190
19,582,22180
19,583,22170
19,584,22190
19,585,22170
19,586,22150
19,587,22150
19,588,22180
19,589,22170
19,590,22190
19,591,22160
19,592,22190
19,593,22171
19,594,22170
19,595,22150
19,596,22210
19,597,22160
19,598,22170
19,599,22180
19,600,22180
19,601,22201
19,602,22170
19,603,22180
19,604,22170
19,605,22190
19,606,22190
19,607,22190
19,608,22191
19,609,22210
19,610,22200
19,611,22210
19,612,22180
19,613,22160
19,614,22180
19,615,22170
19,616,22151
19,617,22170
19,618,22190
19,619,22170
19,620,22980
19,621,22200
19,622,22180
19,623,22191
19,624,22160
19,625,22210
19,626,22180
19,627,22170
19,628,22190
19,629,22180
19,630,22160
19,631,22161
19,632,22200
19,633,22190
19,634,22180
19,635,22160
19,636,22190
19,637,22180
19,638,22160
19,639,22151
19,640,22180
19,641,22180
19,642,22190
19,643,22170
19,644,22190
19,645,22190
19,646,22181
19,647,22170
19,648,22200
19,649,22190
19,650,22230
19,651,22150
19,652,22200
19,653,22170
19,654,22181
19,655,22170
19,656,22170
19,657,22150
19,658,22180
19,659,22160
19,660,22180
19,661,22211
19,662,22180
19,663,22150
19,664,22970
19,665,22160
19,666,22180
19,667,22160
19,668,22150
19,669,22211
19,670,22170
19,671,22190
19,672,22140
19,673,22150
19,674,22150
19,675,22140
19,676,22130
19,677,22151
19,678,22170
19,679,22160
19,680,22120
19,681,22140
19,682,22170
19,683,22150
19,684,22141
19,685,22140
19,686,22170
19,687,22140
19,688,22150
19,689,22140
19,690,22150
19,691,22150
19,692,22151
19,693,22140
19,694,22160
19,695,22160
19,696,22140
19,697,22160
19,698,22150
19,699,22161
19,700,22150
19,701,22160
19,702,22140
19,703,22140
19,704,22180
19,705,22190
19,706,22150
19,707,22141
19,708,22930
19,709,22180
19,710,22170
19,711,22150
19,712,22190
19,713,22130
19,714,22140
19,715,22121
19,716,22190
19,717,22210
19,718,22170
19,719,22190
19,720,22150
19,721,22190
19,722,22201
19,723,22140
19,724,22150
19,725,22190
19,726,22190
19,727,22170
19,728,22180
19,729,22190
19,730,22211
19,731,22160
19,732,22170
19,733,22190
19,734,22190
19,735,22200
19,736,22190
19,737,22191
19,738,22170
19,739,22160
19,740,22200
19,741,22170
19,742,22160
19,743,22170
19,744,22210
19,745,22191
19,746,22150
19,747,22190
19,748,22180
19,749,22180
19,750,22160
19,751,22190
19,752,22960
19,753,22161
19,754,22180
19,755,22210
19,756,22160
19,757,22190
19,758,22200
19,759,22220
19,760,22201
19,761,22180
19,762,22170
19,763,22180
19,764,22170
19,765,22180
19,766,22200
19,767,22170
19,768,22171
19,769,22170
19,770,22200
19,771,22190
19,772,22180
19,773,22200
19,774,22190
19,775,22181
19,776,22170
19,777,22190
19,778,22160
19,779,22180
19,780,22150
19,781,22170
19,782,22180
19,783,22211
19,784,22170
19,785,22180
19,786,22170
19,787,22180
19,788,22170
19,789,22140
19,790,22160
19,791,22181
19,792,22160
19,793,22180
19,794,22160
19,795,22180
19,796,22170
19,797,22990
19,798,22181
19,799,22180
19,800,22180
19,801,22160
19,802,22150
19,803,22190
19,804,22210
19,805,22160
19,806,22181
19,807,22200
19,808,22170
19,809,22180
19,810,22160
19,811,22190
19,812,22190
19,813,22191
19,814,22170
19,815,22170
19,816,22200
19,817,22190
19,818,22180
19,819,22150
19,820,22170
19,821,22151
19,822,22170
19,823,22210
19,824,22150
19,825,22170
19,826,22180
19,827,22200
19,828,22181
19,829,22180
19,830,22160
19,831,22180
19,832,22190
19,833,22160
19,834,22160
19,835,22150
19,836,22171
19,837,22200
19,838,22160
19,839,22160
19,840,22150
19,841,22950
19,842,22170
19,843,22170
19,844,22181
19,845,22160
19,846,22150
19,847,22180
19,848,22170
19,849,22170
19,850,22170
19,851,22151
19,852,22180
19,853,22160
19,854,22190
19,855,22150
19,856,22160
19,857,22180
19,858,22180
19,859,22181
19,860,22200
19,861,22150
19,862,22180
19,863,22150
19,864,22200
19,865,22140
19,866,22151
19,867,22200
19,868,22170
19,869,22200
19,870,22190
19,871,22170
19,872,22170
19,873,22150
19,874,22171
19,875,22170
19,876,22150
19,877,22180
19,878,22200
19,879,22170
19,880,22160
19,881,22150
19,882,22201
19,883,22140
19,884,22150
19,885,22960
19,886,22180
19,887,22170
19,888,22160
19,889,22161
19,890,22160
19,891,22160
19,892,22160
19,893,22180
19,894,22170
19,895,22190
19,896,22150
19,897,22181
19,898,22170
19,899,22170
19,900,22160
19,901,22160
19,902,22170
19,903,22210
19,904,22161
19,905,22160
19,906,22210
19,907,22180
19,908,22200
19,909,22190
19,910,22130
19,911,22180
19,912,22171
19,913,22150
19,914,22170
19,915,22190
19,916,22190
19,917,22220
19,918,22160
19,919,22150
19,920,22161
19,921,22190
19,922,22180
19,923,22160
19,924,22200
19,925,22160
19,926,22160
19,927,22161
19,928,22180
19,929,23200
19,930,22200
19,931,22150
19,932,22150
19,933,22150
19,934,22200
19,935,22171
19,936,22170
19,937,22140
19,938,22170
19,939,22190
19,940,22160
19,941,22170
19,942,22191
19,943,22170
19,944,22180
19,945,22170
19,946,22190
19,947,22140
19,948,22160
19,949,22160
19,950,22201
19,951,22200
19,952,22160
19,953,22140
19,954,22190
19,955,22180
19,956,22170
19,957,22160
19,958,22181
19,959,22200
19,960,22140
19,961,22190
19,962,22190
19,963,22170
19,964,22220
19,965,22171
19,966,22170
19,967,22160
19,968,22160
19,969,22160
19,970,22190
19,971,22190
19,972,22160
19,973,22181
19,974,22950
19,975,22210
19,976,22170
19,977,22170
19,978,22180
19,979,22190
19,980,22181
19,981,22160
19,982,22190
19,983,22180
19,984,22180
19,985,22170
19,986,22170
19,987,22170
19,988,22151
19,989,22150
19,990,22150
19,991,22160
19,992,22170
19,993,22160
19,994,22160
19,995,22171
19,996,22210
19,997,22150
19,998,22160
19,999,22210
20,0,24940
20,1,24951
20,2,25010
20,3,24970
20,4,24940
20,5,24960
20,6,24970
20,7,24950
20,8,24971
20,9,25020
20,10,25020
20,11,24970
20,12,24960
20,13,24930
20,14,24960
20,15,25781
20,16,24990
20,17,25010
20,18,24950
20,19,24960
20,20,24950
20,21,24940
20,22,24971
20,23,24960
20,24,24940
20,25,24930
20,26,24980
20,27,24930
20,28,24961
20,29,24920
20,30,24970
20,31,24930
20,32,25000
20,33,24940
20,34,24970
20,35,24951
20,36,24980
20,37,24960
20,38,25000
20,39,24940
20,40,25000
20,41,24950
20,42,24951
20,43,24970
20,44,24980
20,45,24960
20,46,24940
20,47,24930
20,48,24970
20,49,24981
20,50,24970
20,51,24940
20,52,24980
20,53,24960
20,54,24960
20,55,25741
20,56,24970
20,57,24970
20,58,24960
20,59,24980
20,60,25010
20,61,24950
20,62,24941
20,63,24950
20,64,25000
20,65,24970
20,66,24950
20,67,24960
20,68,24970
20,69,24961
20,70,24960
20,71,24970
20,72,24990
20,73,24950
20,74,24930
20,75,24960
20,76,25001
20,77,24960
20,78,24960
20,79,24930
20,80,24960
20,81,24980
20,82,25001
20,83,24990
20,84,24960
20,85,24980
20,86,24960
20,87,24980
20,88,24980
20,89,24981
20,90,24960
20,91,24960
20,92,24980
20,93,24980
20,94,25760
20,95,24950
20,96,24961
20,97,24990
20,98,24970
20,99,24930
20,100,24940
20,101,24970
20,102,24950
20,103,24951
20,104,24940
20,105,25010
20,106,24950
20,107,24940
20,108,24970
20,109,24991
20,110,24940
20,111,24960
20,112,24950
20,113,24960
20,114,24940
20,115,24970
20,116,24981
20,117,24990
20,118,24950
20,119,24940
20,120,24930
20,121,25010
20,122,24960
20,123,24991
20,124,24960
20,125,25000
20,126,24980
20,127,24960
20,128,24940
20,129,24990
20,130,24961
20,131,24970
20,132,24970
20,133,25720
20,134,25010
20,135,24950
20,136,25001
20,137,24970
20,138,24960
20,139,24970
20,140,25000
20,141,24990
20,142,24940
20,143,24931
20,144,24990
20,145,24990
20,146,24960
20,147,24960
20,148,24980
20,149,24950
20,150,24951
20,151,24950
20,152,24970
20,153,24930
20,154,24970
20,155,24960
20,156,24980
20,157,24961
20,158,24970
20,159,24960
20,160,24970
20,161,24960
20,162,24980
20,163,24970
20,164,24981
20,165,24990
20,166,24960
20,167,24990
20,168,24950
20,169,24940
20,170,24981
20,171,24970
20,172,24950
20,173,25710
20,174,24970
20,175,24960
20,176,24960
20,177,24941
20,178,24980
20,179,24970
20,180,24940
20,181,24960
20,182,24970
20,183,24970
20,184,24971
20,185,24960
20,186,24960
20,187,24970
20,188,25010
20,189,24920
20,190,24960
20,191,24981
20,192,24960
20,193,24950
20,194,24930
20,195,24990
20,196,24940
20,197,24961
20,198,24940
20,199,24990
20,200,24970
20,201,24990
20,202,24950
20,203,24980
20,204,24951
20,205,24950
20,206,24960
20,207,24980
20,208,24940
20,209,24970
20,210,24920
20,211,24971
20,212,25740
20,213,24950
20,214,24930
20,215,24990
20,216,24960
20,217,24920
20,218,24951
20,219,25000
20,220,24960
20,221,25000
20,222,24980
20,223,24940
20,224,24971
20,225,25000
20,226,24960
20,227,24990
20,228,24950
20,229,24970
20,230,24950
20,231,24971
20,232,24950
20,233,24940
20,234,24950
20,235,25000
20,236,24980
20,237,24940
20,238,24981
20,239,24960
20,240,24920
20,241,25000
20,242,24940
20,243,24970
20,244,24970
20,245,24961
20,246,24970
20,247,24970
20,248,24980
20,249,25020
20,250,24940
20,251,25721
20,252,24940
20,253,24960
20,254,24970
20,255,25000
20,256,24990
20,257,24980
20,258,24931
20,259,24960
20,260,24970
20,261,25000
20,262,24970
20,263,24950
20,264,24970
20,265,24951
20,266,24950
20,267,24980
20,268,24940
20,269,24930
20,270,24960
20,271,24980
20,272,24951
20,273,24960
20,274,24990
20,275,24940
20,276,24950
20,277,24990
20,278,24961
20,279,24960
20,280,24970
20,281,24990
20,282,24970
20,283,24940
20,284,24960
20,285,24951
20,286,24970
20,287,24940
20,288,24950
20,289,24950
20,290,24960
20,291,25740
20,292,24951
20,293,24960
20,294,24960
20,295,24970
20,296,24990
20,297,24980
20,298,24970
20,299,24981
20,300,24960
20,301,24980
20,302,24950
20,303,24950
20,304,24970
20,305,24980
20,306,24980
20,307,24970
20,308,24970
20,309,25000
20,310,25000
20,311,24970
20,312,24941
20,313,24930
20,314,24970
20,315,25010
20,316,24970
20,317,24990
20,318,24950
20,319,24951
20,320,24950
20,321,24990
20,322,24970
20,323,24940
20,324,24960
20,325,24960
20,326,25011
20,327,24940
20,328,24950
20,329,24940
20,330,25750
20,331,24940
20,332,24950
20,333,24951
20,334,24950
20,335,24950
20,336,24940
20,337,24960
20,338,24980
20,339,24981
20,340,24930
20,341,24980
20,342,24960
20,343,24970
20,344,24960
20,345,24970
20,346,24981
20,347,24960
20,348,24970
20,349,24970
20,350,24980
20,351,24970
20,352,24950
20,353,25041
20,354,24980
20,355,24950
20,356,24990
20,357,24980
20,358,24980
20,359,24950
20,360,24951
20,361,24970
20,362,24950
20,363,24940
20,364,24950
20,365,24970
20,366,24941
20,367,24950
20,368,24960
20,369,25000
20,370,25720
20,371,24990
20,372,24980
20,373,24971
20,374,24980
20,375,24970
20,376,24970
20,377,24940
20,378,25000
20,379,24950
20,380,24951
20,381,24970
20,382,24980
20,383,24930
20,384,24970
20,385,24940
20,386,24980
20,387,24971
20,388,24940
20,389,24980
20,390,24950
20,391,24950
20,392,25000
20,393,24961
20,394,24940
20,395,24950
20,396,24990
20,397,24940
20,398,24960
20,399,24940
20,400,24961
20,401,24950
20,402,24970
20,403,24980
20,404,24980
20,405,24980
20,406,25010
20,407,24951
20,408,25000
20,409,25770
20,410,24990
20,411,24950
20,412,25000
20,413,24960
20,414,24981
20,415,24960
20,416,24980
20,417,24990
20,418,24950
20,419,24990
20,420,24941
20,421,24950
20,422,24950
20,423,24960
20,424,24980
20,425,24960
20,426,24980
20,427,24961
20,428,24970
20,429,24940
20,430,24950
20,431,24950
20,432,24960
20,433,24990
20,434,24961
20,435,24970
20,436,24960
20,437,24990
20,438,24950
20,439,24940
20,440,24950
20,441,24981
20,442,24930
20,443,24960
20,444,24940
20,445,24970
20,446,24940
20,447,24971
20,448,24970
20,449,25780
20,450,24980
20,451,24960
20,452,24970
20,453,24930
20,454,24981
20,455,25000
20,456,24990
20,457,25000
20,458,24960
20,459,25010
20,460,24970
20,461,24961
20,462,24950
20,463,24960
20,464,24960
20,465,24970
20,466,24960
20,467,24960
20,468,24951
20,469,24970
20,470,24990
20,471,24950
20,472,24970
20,473,24970
20,474,24970
20,475,24981
20,476,24950
20,477,24970
20,478,24940
20,479,24930
20,480,24940
20,481,24991
20,482,24950
20,483,24940
20,484,25000
20,485,24930
20,486,24990
20,487,24950
20,488,25701
20,489,24960
20,490,24940
20,491,24930
20,492,24960
20,493,24980
20,494,24960
20,495,24981
20,496,24960
20,497,24960
20,498,24990
20,499,24990
20,500,24930
20,501,24960
20,502,24981
20,503,24960
20,504,24970
20,505,24960
20,506,24940
20,507,25010
20,508,24961
20,509,24970
20,510,24980
20,511,24940
20,512,24950
20,513,24950
20,514,24980
20,515,24941
20,516,25000
20,517,24990
20,518,24980
20,519,24960
20,520,24970
20,521,24950
20,522,24981
20,523,24950
20,524,25010
20,525,24940
20,526,24990
20,527,25740
20,528,24950
20,529,24951
20,530,24970
20,531,25000
20,532,24940
20,533,24970
20,534,24940
20,535,24971
20,536,24970
20,537,24980
20,538,24930
20,539,24980
20,540,24930
20,541,24960
20,542,24961
20,543,24980
20,544,24960
20,545,24950
20,546,24940
20,547,24960
20,548,24940
20,549,24971
20,550,24950
20,551,24970
20,552,24960
20,553,25000
20,554,24970
20,555,24960
20,556,24971
20,557,24960
20,558,24960
20,559,24950
20,560,24940
20,561,25000
20,562,24931
20,563,24950
20,564,24960
20,565,24980
20,566,24960
20,567,25780
20,568,24970
20,569,24951
20,570,24940
20,571,24970
20,572,24960
20,573,24960
20,574,24980
20,575,25000
20,576,24991
20,577,24950
20,578,24970
20,579,24950
20,580,24990
20,581,24960
20,582,24990
20,583,24951
20,584,24960
20,585,24970
20,586,24950
20,587,24960
20,588,24970
20,589,24981
20,590,25010
20,591,24940
20,592,24940
20,593,24940
20,594,24970
20,595,24950
20,596,24991
20,597,24950
20,598,24960
20,599,24940
20,600,24980
20,601,24940
20,602,24960
20,603,24971
20,604,24960
20,605,24970
20,606,25720
20,607,24970
20,608,24980
20,609,24990
20,610,24971
20,611,24990
20,612,24970
20,613,24930
20,614,24970
20,615,24960
20,616,24961
20,617,24970
20,618,24960
20,619,24950
20,620,24980
20,621,25010
20,622,24970
20,623,24951
20,624,24970
20,625,24960
20,626,24980
20,627,24980
20,628,24970
20,629,24950
20,630,24961
20,631,24980
20,632,24970
20,633,24990
20,634,24930
20,635,25000
20,636,24930
20,637,24971
20,638,24930
20,639,24980
20,640,24940
20,641,24960
20,642,24950
20,643,25001
20,644,24990
20,645,25840
20,646,24970
20,647,24950
20,648,24980
20,649,24950
20,650,24951
20,651,24960
20,652,24970
20,653,24960
20,654,24960
20,655,24950
20,656,24951
20,657,24950
20,658,25020
20,659,24940
20,660,24930
20,661,24980
20,662,24980
20,663,24951
20,664,24970
20,665,24960
20,666,24980
20,667,24950
20,668,24970
20,669,24950
20,670,24951
20,671,24960
20,672,24980
20,673,24990
20,674,24980
20,675,24970
20,676,24960
20,677,24991
20,678,24970
20,679,24970
20,680,24940
20,681,25000
20,682,24950
20,683,25001
20,684,25710
20,685,24960
20,686,24970
20,687,24980
20,688,24970
20,689,24940
20,690,24951
20,691,24970
20,692,24960
20,693,25020
20,694,24970
20,695,24990
20,696,24970
20,697,24971
20,698,24970
20,699,24970
20,700,24960
20,701,24950
20,702,24950
20,703,24980
20,704,24961
20,705,24980
20,706,24960
20,707,24970
20,708,24970
20,709,24960
20,710,24961
20,711,24980
20,712,24930
20,713,24960
20,714,24970
20,715,24980
20,716,24990
20,717,25011
20,718,24940
20,719,24950
20,720,24930
20,721,24970
20,722,24940
20,723,24980
20,724,25721
20,725,24990
20,726,24950
20,727,25020
20,728,24980
20,729,24960
20,730,24960
20,731,24971
20,732,24940
20,733,24990
20,734,24990
20,735,24970
20,736,24990
20,737,24991
20,738,24950
20,739,24950
20,740,24950
20,741,24990
20,742,25000
20,743,24950
20,744,24961
20,745,24980
20,746,24960
20,747,24960
20,748,24950
20,749,24980
20,750,24930
20,751,24961
20,752,24950
20,753,24970
20,754,24990
20,755,24980
20,756,24970
20,757,24970
20,758,24971
20,759,24980
20,760,24960
20,761,24970
20,762,24960
20,763,25720
20,764,24961
20,765,24960
20,766,24970
20,767,24960
20,768,24940
20,769,24980
20,770,25000
20,771,25001
20,772,24990
20,773,24950
20,774,24980
20,775,24960
20,776,24970
20,777,24960
20,778,24961
20,779,24980
20,780,25000
20,781,24950
20,782,24980
20,783,24960
20,784,24970
20,785,24971
20,786,24960
20,787,24940
20,788,24990
20,789,24970
20,790,24970
20,791,24991
20,792,24950
20,793,24990
20,794,24940
20,795,24960
20,796,25000
20,797,24980
20,798,24961
20,799,24990
20,800,24970
20,801,25010
20,802,25780
20,803,24960
20,804,24960
20,805,24991
20,806,24970
20,807,24960
20,808,24990
20,809,24970
20,810,25000
20,811,25010
20,812,24981
20,813,24980
20,814,24970
20,815,24940
20,816,24930
20,817,24990
20,818,24980
20,819,25010
20,820,24950
20,821,24950
20,822,24980
20,823,24960
20,824,24950
20,825,24971
20,826,24980
20,827,24980
20,828,24940
20,829,24960
20,830,24980
20,831,24960
20,832,25001
20,833,24990
20,834,24950
20,835,24930
20,836,24970
20,837,24950
20,838,24930
20,839,25001
20,840,25010
20,841,24960
20,842,25730
20,843,24960
20,844,24990
20,845,24960
20,846,24971
20,847,24940
20,848,24990
20,849,24960
20,850,24990
20,851,24960
20,852,24981
20,853,24950
20,854,24960
20,855,24970
20,856,24950
20,857,24950
20,858,24960
20,859,24951
20,860,24950
20,861,24950
20,862,25000
20,863,24970
20,864,24970
20,865,24950
20,866,24991
20,867,24960
20,868,24950
20,869,24960
20,870,24990
20,871,24960
20,872,24970
20,873,24961
20,874,24950
20,875,24970
20,876,24960
20,877,25000
20,878,24950
20,879,24971
20,880,25000
20,881,26110
20,882,24940
20,883,24950
20,884,24960
20,885,24970
20,886,24941
20,887,24970
20,888,25000
20,889,24970
20,890,24970
20,891,24960
20,892,24950
20,893,24971
20,894,24990
20,895,24970
20,896,25000
20,897,24940
20,898,24950
20,899,24940
20,900,24971
20,901,24990
20,902,24950
20,903,24960
20,904,24960
20,905,24970
20,906,24951
20,907,24970
20,908,24980
20,909,25000
20,910,24970
20,911,24950
20,912,24990
20,913,24941
20,914,25030
20,915,24970
20,916,25010
20,917,24960
20,918,24970
20,919,24960
20,920,24961
20,921,26960
20,922,24960
20,923,25000
20,924,25000
20,925,24960
20,926,24980
20,927,24981
20,928,24970
20,929,24960
20,930,24960
20,931,24980
20,932,25000
20,933,25001
20,934,24970
20,935,24960
20,936,25000
20,937,24980
20,938,25000
20,939,24950
20,940,25011
20,941,24980
20,942,24970
20,943,24940
20,944,24970
20,945,24970
20,946,24950
20,947,24991
20,948,24980
20,949,24960
20,950,24970
20,951,24970
20,952,24990
20,953,24960
20,954,24981
20,955,24960
20,956,25010
20,957,24960
20,958,24940
20,959,24970
20,960,25761
20,961,24980
20,962,24960
20,963,24940
20,964,24960
20,965,24980
20,966,24950
20,967,24941
20,968,24970
20,969,24960
20,970,24980
20,971,24990
20,972,24970
20,973,24940
20,974,24991
20,975,24940
20,976,25010
20,977,24960
20,978,24990
20,979,24940
20,980,24970
20,981,24991
20,982,24960
20,983,24970
20,984,24980
20,985,24970
20,986,24960
20,987,24971
20,988,24980
20,989,24950
20,990,24970
20,991,24980
20,992,24950
20,993,24960
20,994,24991
20,995,24960
20,996,24950
20,997,24970
20,998,24970
20,999,25710
21,0,19450
21,1,19420
21,2,19431
21,3,19430
21,4,19430
21,5,19430
21,6,19430
21,7,19450
21,8,19440
21,9,19440
21,10,19441
21,11,19450
21,12,19430
21,13,19440
21,14,19430
21,15,19430
21,16,19440
21,17,19450
21,18,19450
21,19,19441
21,20,19440
21,21,19430
21,22,25230
21,23,19440
21,24,19440
21,25,19420
21,26,19430
21,27,19421
21,28,19430
21,29,19440
21,30,19430
21,31,19430
21,32,19450
21,33,19440
21,34,19440
21,35,19440
21,36,19461
21,37,19460
21,38,19450
21,39,19450
21,40,19460
21,41,19440
21,42,19460
21,43,19460
21,44,19440
21,45,19451
21,46,19460
21,47,19460
21,48,19470
21,49,19440
21,50,19450
21,51,19450
21,52,19440
21,53,19461
21,54,19440
21,55,19440
21,56,19460
21,57,19450
21,58,19440
21,59,19450
21,60,19450
21,61,19430
21,62,19451
21,63,19420
21,64,19440
21,65,19450
21,66,19450
21,67,19480
21,68,19460
21,69,19470
21,70,19460
21,71,19461
21,72,20250
21,73,19430
21,74,19480
21,75,19460
21,76,19480
21,77,19460
21,78,19440
21,79,19421
21,80,19420
21,81,19440
21,82,19440
21,83,19420
21,84,19440
21,85,19430
21,86,19450
21,87,19440
21,88,19441
21,89,19430
21,90,19440
21,91,19450
21,92,19430
21,93,19430
21,94,19440
21,95,19440
21,96,19441
21,97,19420
21,98,19450
21,99,19420
21,100,19430
21,101,19440
21,102,19440
21,103,19420
21,104,19440
21,105,19431
21,106,19430
21,107,19440
21,108,19440
21,109,19420
21,110,19450
21,111,19440
21,112,19440
21,113,19440
21,114,19431
21,115,19420
21,116,19430
21,117,19430
21,118,19430
21,119,19410
21,120,19430
21,121,19440
21,122,20201
21,123,19450
21,124,19440
21,125,19440
21,126,19440
21,127,19430
21,128,19430
21,129,19430
21,130,19430
21,131,19431
21,132,19430
21,133,19420
21,134,19430
21,135,19410
21,136,19420
21,137,19440
21,138,19420
21,139,19440
21,140,19421
21,141,19430
21,142,19440
21,143,19440
21,144,19430
21,145,19430
21,146,19430
21,147,19420
21,148,19441
21,149,19430
21,150,19450
21,151,19420
21,152,19420
21,153,19480
21,154,19430
21,155,19430
21,156,19430
21,157,19471
21,158,19450
21,159,19460
21,160,19420
21,161,19450
21,162,19430
21,163,19440
21,164,19450
21,165,19450
21,166,19431
21,167,19480
21,168,19420
21,169,19440
21,170,19410
21,171,19420
21,172,19440
21,173,22060
21,174,19441
21,175,19430
21,176,19420
21,177,19450
21,178,19450
21,179,19430
21,180,19420
21,181,19430
21,182,19430
21,183,19421
21,184,19440
21,185,19410
21,186,19440
21,187,19440
21,188,19430
21,189,19450
21,190,19440
21,191,19441
21,192,19430
21,193,19420
21,194,19420
21,195,19400
21,196,19430
21,197,19430
21,198,19440
21,199,19420
21,200,19431
21,201,19440
21,202,19430
21,203,19420
21,204,19440
21,205,19440
21,206,19420
21,207,19420
21,208,19460
21,209,19461
21,210,19480
21,211,19460
21,212,19460
21,213,19500
21,214,19450
21,215,19450
21,216,19460
21,217,19471
21,218,19460
21,219,19470
21,220,19460
21,221,19480
21,222,19470
21,223,36190
21,224,19440
21,225,19431
21,226,19410
21,227,19440
21,228,19440
21,229,19430
21,230,19430
21,231,19430
21,232,19440
21,233,19430
21,234,19441
21,235,19450
21,236,19450
21,237,19430
21,238,19460
21,239,19450
21,240,19450
21,241,19460
21,242,19441
21,243,19440
21,244,19450
21,245,19440
21,246,19440
21,247,19440
21,248,19450
21,249,19450
21,250,19450
21,251,19431
21,252,19450
21,253,19410
21,254,19440
21,255,19460
21,256,19470
21,257,19500
21,258,19470
21,259,19470
21,260,19461
21,261,19460
21,262,19450
21,263,19460
21,264,19460
21,265,19450
21,266,19450
21,267,19470
21,268,19481
21,269,19480
21,270,19450
21,271,19470
21,272,21840
21,273,19450
21,274,19450
21,275,19430
21,276,19460
21,277,19441
21,278,19460
21,279,19440
21,280,19430
21,281,19440
21,282,19470
21,283,19450
21,284,19460
21,285,19440
21,286,19461
21,287,19450
21,288,19440
21,289,19430
21,290,19440
21,291,19420
21,292,19430
21,293,19450
21,294,19431
21,295,19440
21,296,19440
21,297,19430
21,298,19460
21,299,19450
21,300,19440
21,301,19460
21,302,19440
21,303,19431
21,304,19440
21,305,19440
21,306,19420
21,307,19440
21,308,19430
21,309,19440
21,310,19410
21,311,19431
21,312,19430
21,313,19440
21,314,19450
21,315,19430
21,316,19440
21,317,19440
21,318,19450
21,319,19440
21,320,19441
21,321,19410
21,322,19440
21,323,20240
21,324,19470
21,325,19440
21,326,19450
21,327,19460
21,328,19470
21,329,19481
21,330,19450
21,331,19450
21,332,19440
21,333,19470
21,334,19460
21,335,19440
21,336,19440
21,337,19461
21,338,19440
21,339,19470
21,340,19460
21,341,19440
21,342,19460
21,343,19440
21,344,19470
21,345,19440
21,346,19461
21,347,19440
21,348,19460
21,349,19470
21,350,19460
21,351,19440
21,352,19440
21,353,19470
21,354,19440
21,355,19451
21,356,19430
21,357,19440
21,358,19440
21,359,19430
21,360,19460
21,361,19460
21,362,19430
21,363,19461
21,364,19460
21,365,19460
21,366,19450
21,367,19440
21,368,19450
21,369,19450
21,370,19460
21,371,19470
21,372,19461
21,373,20280
21,374,19480
21,375,19480
21,376,19480
21,377,19470
21,378,19460
21,379,19480
21,380,19490
21,381,19451
21,382,19440
21,383,19450
21,384,19450
21,385,19460
21,386,19430
21,387,19430
21,388,19460
21,389,19451
21,390,19470
21,391,19430
21,392,19450
21,393,19440
21,394,19450
21,395,19450
21,396,19450
21,397,19450
21,398,19441
21,399,19440
21,400,19440
21,401,19470
21,402,19450
21,403,19470
21,404,19430
21,405,19460
21,406,19450
21,407,19451
21,408,19470
21,409,19460
21,410,19460
21,411,19460
21,412,19470
21,413,19470
21,414,19480
21,415,19471
21,416,19450
21,417,19440
21,418,19470
21,419,19460
21,420,19450
21,421,19460
21,422,19470
21,423,20210
21,424,19451
21,425,19450
21,426,19480
21,427,19450
21,428,19470
21,429,19460
21,430,19450
21,431,19460
21,432,19461
21,433,19470
21,434,19440
21,435,19450
21,436,19460
21,437,19440
21,438,19430
21,439,19450
21,440,19470
21,441,19451
21,442,19470
21,443,19430
21,444,19460
21,445,19460
21,446,19420
21,447,19470
21,448,19460
21,449,19460
21,450,19461
21,451,19450
21,452,19480
21,453,19470
21,454,19450
21,455,19460
21,456,19470
21,457,19470
21,458,19451
21,459,19460
21,460,19460
21,461,19490
21,462,19480
21,463,19460
21,464,19480
21,465,19500
21,466,19490
21,467,19491
21,468,19490
21,469,19490
21,470,19490
21,471,19470
21,472,19460
21,473,19470
21,474,20250
21,475,19460
21,476,19461
21,477,19440
21,478,19470
21,479,19450
21,480,19440
21,481,19440
21,482,19440
21,483,19450
21,484,19441
21,485,19430
21,486,19450
21,487,19450
21,488,19420
21,489,19450
21,490,19430
21,491,19440
21,492,19430
21,493,19451
21,494,19460
21,495,19450
21,496,19460
21,497,19430
21,498,19440
21,499,19450
21,500,19440
21,501,19440
21,502,19441
21,503,19430
21,504,19430
21,505,19430
21,506,19430
21,507,19460
21,508,19430
21,509,19420
21,510,19431
21,511,19430
21,512,19450
21,513,19450
21,514,19440
21,515,19420
21,516,19430
21,517,19420
21,518,19440
21,519,19431
21,520,19430
21,521,19450
21,522,19440
21,523,19440
21,524,20220
21,525,19430
21,526,19420
21,527,19420
21,528,19440
21,529,19430
21,530,19430
21,531,19440
21,532,19430
21,533,19450
21,534,19440
21,535,19450
21,536,19441
21,537,19440
21,538,19450
21,539,19460
21,540,19450
21,541,19430
21,542,19440
21,543,19450
21,544,19440
21,545,19431
21,546,19440
21,547,19430
21,548,19430
21,549,19440
21,550,19430
21,551,19410
21,552,19430
21,553,19431
21,554,19420
21,555,19430
21,556,19430
21,557,19440
21,558,19430
21,559,19430
21,560,19430
21,561,19460
21,562,19431
21,563,19430
21,564,19430
21,565,19460
21,566,19430
21,567,19440
21,568,19440
21,569,19440
21,570,19470
21,571,19441
21,572,19470
21,573,19440
21,574,19450
21,575,20190
21,576,19440
21,577,19430
21,578,19430
21,579,19451
21,580,19460
21,581,19450
21,582,19440
21,583,19430
21,584,19440
21,585,19450
21,586,19430
21,587,19420
21,588,19451
21,589,19440
21,590,19440
21,591,19440
21,592,19440
21,593,19450
21,594,19440
21,595,19430
21,596,19420
21,597,19431
21,598,19450
21,599,19420
21,600,19450
21,601,19420
21,602,19430
21,603,19440
21,604,19450
21,605,19451
21,606,19440
21,607,19430
21,608,19440
21,609,19460
21,610,19440
21,611,19440
21,612,19430
21,613,19450
21,614,19461
21,615,19450
21,616,19450
21,617,19440
21,618,19450
21,619,19430
21,620,19460
21,621,19440
21,622,19440
21,623,19451
21,624,19440
21,625,20180
21,626,19450
21,627,19450
21,628,19460
21,629,19450
21,630,19440
21,631,19471
21,632,19420
21,633,19470
21,634,19450
21,635,19460
21,636,19480
21,637,19470
21,638,19480
21,639,19470
21,640,19461
21,641,19450
21,642,19470
21,643,19470
21,644,19440
21,645,19440
21,646,19480
21,647,19460
21,648,19470
21,649,19461
21,650,19470
21,651,19460
21,652,19460
21,653,19470
21,654,19470
21,655,19460
21,656,19480
21,657,19461
21,658,19450
21,659,19440
21,660,19470
21,661,19450
21,662,19490
21,663,19460
21,664,19460
21,665,19460
21,666,19461
21,667,19470
21,668,19450
21,669,19470
21,670,19440
21,671,19450
21,672,19440
21,673,19440
21,674,19470
21,675,20240
21,676,19490
21,677,19480
21,678,19480
21,679,19480
21,680,19470
21,681,19480
21,682,19490
21,683,19471
21,684,19460
21,685,19470
21,686,19450
21,687,19460
21,688,19460
21,689,19470
21,690,19480
21,691,19470
21,692,19471
21,693,19480
21,694,19470
21,695,19450
21,696,19480
21,697,19470
21,698,19470
21,699,19450
21,700,19471
21,701,19480
21,702,19470
21,703,19480
21,704,19480
21,705,19460
21,706,19470
21,707,19450
21,708,19460
21,709,19451
21,710,19430
21,711,19420
21,712,19440
21,713,19450
21,714,19450
21,715,19440
21,716,19430
21,717,19450
21,718,19441
21,719,19460
21,720,19450
21,721,19440
21,722,19430
21,723,19440
21,724,19450
21,725,19450
21,726,20181
21,727,19440
21,728,19430
21,729,19460
21,730,19440
21,731,19450
21,732,19440
21,733,19460
21,734,19440
21,735,19441
21,736,19430
21,737,19450
21,738,19450
21,739,19450
21,740,19430
21,741,19420
21,742,19440
21,743,19460
21,744,19461
21,745,19450
21,746,19430
21,747,19430
21,748,19440
21,749,19420
21,750,19440
21,751,19440
21,752,19441
21,753,19430
21,754,19460
21,755,19440
21,756,19460
21,757,19440
21,758,19440
21,759,19440
21,760,19460
21,761,19441
21,762,19440
21,763,19440
21,764,19450
21,765,19420
21,766,19440
21,767,19440
21,768,19410
21,769,19441
21,770,19450
21,771,19440
21,772,19440
21,773,19440
21,774,19440
21,775,19460
21,776,20200
21,777,19470
21,778,19461
21,779,19450
21,780,19470
21,781,19460
21,782,19450
21,783,19430
21,784,19470
21,785,19460
21,786,19460
21,787,19461
21,788,19460
21,789,19450
21,790,19470
21,791,19470
21,792,19460
21,793,19460
21,794,19450
21,795,19461
21,796,19460
21,797,19450
21,798,19450
21,799,19460
21,800,19480
21,801,19480
21,802,19470
21,803,19460
21,804,19481
21,805,19470
21,806,19460
21,807,19470
21,808,19480
21,809,19490
21,810,19480
21,811,19460
21,812,19460
21,813,19461
21,814,19480
21,815,19460
21,816,19470
21,817,19460
21,818,19460
21,819,19460
21,820,19470
21,821,19441
21,822,19460
21,823,19470
21,824,19460
21,825,19450
21,826,20240
21,827,19450
21,828,19430
21,829,19450
21,830,19461
21,831,19440
21,832,19480
21,833,19460
21,834,19450
21,835,19470
21,836,19480
21,837,19460
21,838,19450
21,839,19471
21,840,19450
21,841,19460
21,842,19450
21,843,19460
21,844,19450
21,845,19450
21,846,19450
21,847,19461
21,848,19460
21,849,19430
21,850,19450
21,851,19450
21,852,19470
21,853,19440
21,854,19460
21,855,19450
21,856,19461
21,857,19450
21,858,19450
21,859,19450
21,860,19440
21,861,19440
21,862,19450
21,863,19460
21,864,19460
21,865,19431
21,866,19480
21,867,19460
21,868,19460
21,869,19470
21,870,19480
21,871,19480
21,872,19450
21,873,19451
21,874,19440
21,875,19460
21,876,19450
21,877,20210
21,878,19430
21,879,19470
21,880,19460
21,881,19460
21,882,19441
21,883,19460
21,884,19470
21,885,19450
21,886,19470
21,887,19450
21,888,19480
21,889,19460
21,890,19471
21,891,19440
21,892,19460
21,893,19460
21,894,19450
21,895,19450
21,896,19440
21,897,19450
21,898,19450
21,899,19441
21,900,19440
21,901,19470
21,902,19460
21,903,19460
21,904,19480
21,905,19430
21,906,19450
21,907,19470
21,908,19451
21,909,19450
21,910,19470
21,911,19440
21,912,19450
21,913,19470
21,914,19450
21,915,19450
21,916,19441
21,917,19460
21,918,19450
21,919,19440
21,920,19430
21,921,19440
21,922,19460
21,923,19450
21,924,19440
21,925,19471
21,926,19480
21,927,20200
21,928,19460
21,929,19460
21,930,19450
21,931,19440
21,932,19450
21,933,19460
21,934,19461
21,935,19470
21,936,19450
21,937,19480
21,938,19480
21,939,19480
21,940,19470
21,941,19490
21,942,19501
21,943,19490
21,944,19480
21,945,19490
21,946,19490
21,947,19460
21,948,19490
21,949,19480
21,950,19500
21,951,19481
21,952,19470
21,953,19470
21,954,19480
21,955,19500
21,956,19470
21,957,19460
21,958,19470
21,959,19481
21,960,19480
21,961,19490
21,962,19490
21,963,19480
21,964,19490
21,965,19480
21,966,19480
21,967,19480
21,968,19461
21,969,19480
21,970,19480
21,971,19470
21,972,19480
21,973,19490
21,974,19480
21,975,19470
21,976,19480
21,977,20251
21,978,19500
21,979,19490
21,980,19490
21,981,19480
21,982,19480
21,983,19490
21,984,19450
21,985,19471
21,986,19470
21,987,19450
21,988,19480
21,989,19460
21,990,19460
21,991,19460
21,992,19460
21,993,19470
21,994,19461
21,995,19480
21,996,19470
21,997,19480
21,998,19480
21,999,19470
22,0,22200
22,1,22170
22,2,22170
22,3,22180
22,4,22220
22,5,22171
22,6,22200
22,7,22170
22,8,22200
22,9,22160
22,10,22220
22,11,22180
22,12,22200
22,13,22171
22,14,22190
22,15,22150
22,16,22210
22,17,22170
22,18,22210
22,19,22180
22,20,22211
22,21,22190
22,22,22200
22,23,22160
22,24,22230
22,25,22180
22,26,22180
22,27,22980
22,28,22191
22,29,22140
22,30,22160
22,31,22160
22,32,22170
22,33,22170
22,34,22170
22,35,22150
22,36,22180
22,37,22160
22,38,22180
22,39,22160
22,40,22160
22,41,22150
22,42,22200
22,43,22181
22,44,22180
22,45,22140
22,46,22160
22,47,22170
22,48,22180
22,49,22180
22,50,22170
22,51,22181
22,52,22180
22,53,22170
22,54,22180
22,55,22180
22,56,22160
22,57,22210
22,58,22191
22,59,22170
22,60,22180
22,61,22160
22,62,22190
22,63,22170
22,64,22190
22,65,22150
22,66,22161
22,67,22160
22,68,22170
22,69,22180
22,70,22180
22,71,22940
22,72,22170
22,73,22170
22,74,22171
22,75,22130
22,76,22170
22,77,22200
22,78,22180
22,79,22160
22,80,22170
22,81,22181
22,82,22170
22,83,22170
22,84,22180
22,85,22180
22,86,22190
22,87,22170
22,88,22200
22,89,22181
22,90,22190
22,91,22180
22,92,22190
22,93,22180
22,94,22200
22,95,22150
22,96,22211
22,97,22170
22,98,22210
22,99,22180
22,100,22210
22,101,22160
22,102,22160
22,103,22210
22,104,22181
22,105,22210
22,106,22160
22,107,22200
22,108,22170
22,109,22170
22,110,22150
22,111,22190
22,112,22191
22,113,22190
22,114,22170
22,115,22980
22,116,22210
22,117,22180
22,118,22190
22,119,22161
22,120,22200
22,121,22180
22,122,22200
22,123,22170
22,124,22200
22,125,22170
22,126,22180
22,127,22181
22,128,22200
22,129,22160
22,130,22220
22,131,22190
22,132,22200
22,133,22190
22,134,22201
22,135,22190
22,136,22220
22,137,22200
22,138,22190
22,139,22190
22,140,22230
22,141,22160
22,142,22221
22,143,22180
22,144,22230
22,145,22180
22,146,22190
22,147,22170
22,148,22190
22,149,22170
22,150,22211
22,151,22170
22,152,22210
22,153,22160
22,154,22170
22,155,22180
22,156,22190
22,157,22181
22,158,22190
22,159,22190
22,160,22930
22,161,22160
22,162,22190
22,163,22190
22,164,22150
22,165,22181
22,166,22170
22,167,22150
22,168,22170
22,169,22180
22,170,22190
22,171,22150
22,172,22161
22,173,22170
22,174,22170
22,175,22190
22,176,22170
22,177,22180
22,178,22170
22,179,22190
22,180,22171
22,181,22180
22,182,22170
22,183,22180
22,184,22180
22,185,22170
22,186,22170
22,187,22180
22,188,22151
22,189,22190
22,190,22160
22,191,22190
22,192,22220
22,193,22160
22,194,22200
22,195,22191
22,196,22190
22,197,22190
22,198,22220
22,199,22180
22,200,22210
22,201,22170
22,202,22200
22,203,22151
22,204,22960
22,205,22160
22,206,22210
22,207,22210
22,208,22200
22,209,22180
22,210,22201
22,211,22170
22,212,22220
22,213,22190
22,214,22200
22,215,22170
22,216,22190
22,217,22160
22,218,22211
22,219,22160
22,220,22220
22,221,22180
22,222,22200
22,223,22180
22,224,22190
22,225,22150
22,226,22211
22,227,22180
22,228,22200
22,229,22150
22,230,22170
22,231,22160
22,232,22170
22,233,22171
22,234,22180
22,235,22160
22,236,22180
22,237,22170
22,238,22150
22,239,22170
22,240,22170
22,241,22161
22,242,22170
22,243,22180
22,244,22180
22,245,22180
22,246,22150
22,247,22180
22,248,22991
22,249,22200
22,250,22190
22,251,22150
22,252,22160
22,253,22170
22,254,22180
22,255,22150
22,256,22171
22,257,22180
22,258,22180
22,259,22150
22,260,22170
22,261,22170
22,262,22170
22,263,22180
22,264,22141
22,265,22170
22,266,22170
22,267,22170
22,268,22190
22,269,22180
22,270,22150
22,271,22181
22,272,22160
22,273,22160
22,274,22160
22,275,22180
22,276,22180
22,277,22170
22,278,22190
22,279,22181
22,280,22160
22,281,22140
22,282,22150
22,283,22150
22,284,22160
22,285,22170
22,286,22181
22,287,22150
22,288,22170
22,289,22170
22,290,22170
22,291,22150
22,292,22920
22,293,22170
22,294,22171
22,295,22170
22,296,22170
22,297,22170
22,298,22140
22,299,22170
22,300,22170
22,301,22170
22,302,22181
22,303,22140
22,304,22170
22,305,22160
22,306,22150
22,307,22170
22,308,22160
22,309,22181
22,310,22160
22,311,22190
22,312,22170
22,313,22170
22,314,22170
22,315,22180
22,316,22180
22,317,22191
22,318,22160
22,319,22170
22,320,22150
22,321,22160
22,322,22160
22,323,22200
22,324,22171
22,325,22190
22,326,22170
22,327,22160
22,328,22160
22,329,22170
22,330,22180
22,331,22150
22,332,22171
22,333,22160
22,334,22170
22,335,22150
22,336,22180
22,337,22980
22,338,22190
22,339,22220
22,340,22171
22,341,22200
22,342,22180
22,343,22200
22,344,22170
22,345,22210
22,346,22170
22,347,22201
22,348,22160
22,349,22200
22,350,22200
22,351,22180
22,352,22160
22,353,22200
22,354,22190
22,355,22211
22,356,22190
22,357,22200
22,358,22150
22,359,22210
22,360,22190
22,361,22190
22,362,22171
22,363,22190
22,364,22150
22,365,22200
22,366,22160
22,367,22230
22,368,22160
22,369,22190
22,370,22191
22,371,22180
22,372,22160
22,373,22210
22,374,22150
22,375,22210
22,376,22160
22,377,22210
22,378,22171
22,379,22240
22,380,22170
22,381,22980
22,382,22160
22,383,22180
22,384,22160
22,385,22191
22,386,22190
22,387,22170
22,388,22190
22,389,22170
22,390,22170
22,391,22170
22,392,22170
22,393,22171
22,394,22180
22,395,22170
22,396,22160
22,397,22200
22,398,22180
22,399,22170
22,400,22161
22,401,22180
22,402,22180
22,403,22180
22,404,22170
22,405,22180
22,406,22160
22,407,22150
22,408,22161
22,409,22170
22,410,22180
22,411,22150
22,412,22160
22,413,22190
22,414,22160
22,415,22170
22,416,22161
22,417,22160
22,418,22180
22,419,22170
22,420,22170
22,421,22160
22,422,22150
22,423,22161
22,424,22160
22,425,22930
22,426,22160
22,427,22170
22,428,22170
22,429,22190
22,430,22160
22,431,22181
22,432,22170
22,433,22200
22,434,22170
22,435,22160
22,436,22170
22,437,22170
22,438,22161
22,439,22160
22,440,22170
22,441,22140
22,442,22160
22,443,22180
22,444,22150
22,445,22190
22,446,22181
22,447,22170
22,448,22160
22,449,22160
22,450,22160
22,451,22190
22,452,22150
22,453,22160
22,454,22171
22,455,22150
22,456,22170
22,457,22170
22,458,22170
22,459,22170
22,460,22180
22,461,22181
22,462,22190
22,463,22160
22,464,22160
22,465,22160
22,466,22160
22,467,22180
22,468,22200
22,469,22171
22,470,22950
22,471,22180
22,472,22170
22,473,22180
22,474,22180
22,475,22180
22,476,22171
22,477,22200
22,478,22160
22,479,22200
22,480,22160
22,481,22170
22,482,22180
22,483,22200
22,484,22171
22,485,22200
22,486,22170
22,487,22190
22,488,22180
22,489,22200
22,490,22160
22,491,22190
22,492,22191
22,493,22220
22,494,22170
22,495,22210
22,496,22180
22,497,22240
22,498,22200
22,499,22171
22,500,22170
22,501,22150
22,502,22200
22,503,22180
22,504,22210
22,505,22170
22,506,22190
22,507,22171
22,508,22210
22,509,22170
22,510,22210
22,511,22150
22,512,22210
22,513,22170
22,514,22961
22,515,22160
22,516,22210
22,517,22170
22,518,22200
22,519,22200
22,520,22210
22,521,22160
22,522,22201
22,523,22170
22,524,22200
22,525,22190
22,526,22200
22,527,22190
22,528,22200
22,529,22180
22,530,22211
22,531,22160
22,532,22190
22,533,22190
22,534,22180
22,535,22220
22,536,22170
22,537,22221
22,538,22160
22,539,22210
22,540,22180
22,541,22220
22,542,22160
22,543,22200
22,544,22150
22,545,22201
22,546,22170
22,547,22230
22,548,22170
22,549,22200
22,550,22170
22,551,22210
22,552,22161
22,553,22190
22,554,22170
22,555,22210
22,556,22160
22,557,22180
22,558,22940
22,559,22170
22,560,22181
22,561,22160
22,562,22180
22,563,22180
22,564,22190
22,565,22180
22,566,22180
22,567,22190
22,568,22181
22,569,22170
22,570,22190
22,571,22170
22,572,22170
22,573,22150
22,574,22180
22,575,22151
22,576,22170
22,577,22170
22,578,22170
22,579,22170
22,580,22160
22,581,22180
22,582,22180
22,583,22171
22,584,22180
22,585,22170
22,586,22170
22,587,22160
22,588,22150
22,589,22190
22,590,22201
22,591,22170
22,592,22210
22,593,22170
22,594,22200
22,595,22150
22,596,22180
22,597,22160
22,598,22221
22,599,22180
22,600,22180
22,601,22170
22,602,22200
22,603,22950
22,604,22160
22,605,22200
22,606,22211
22,607,22210
22,608,22220
22,609,22210
22,610,22170
22,611,22200
22,612,22150
22,613,22231
22,614,22170
22,615,22140
22,616,22150
22,617,22160
22,618,22170
22,619,22170
22,620,22170
22,621,22191
22,622,22160
22,623,22170
22,624,22150
22,625,22170
22,626,22170
22,627,22190
22,628,22201
22,629,22180
22,630,22170
22,631,22170
22,632,22170
22,633,22190
22,634,22170
22,635,22160
22,636,22151
22,637,22150
22,638,22160
22,639,22180
22,640,22150
22,641,22170
22,642,22190
22,643,22180
22,644,22171
22,645,22180
22,646,22170
22,647,22950
22,648,22220
22,649,22190
22,650,22190
22,651,22171
22,652,22210
22,653,22160
22,654,22220
22,655,22180
22,656,22210
22,657,22200
22,658,22210
22,659,22191
22,660,22190
22,661,22180
22,662,22200
22,663,22180
22,664,22200
22,665,22170
22,666,22211
22,667,22180
22,668,22220
22,669,22180
22,670,22210
22,671,22170
22,672,22210
22,673,22180
22,674,22191
22,675,22180
22,676,22210
22,677,22180
22,678,22200
22,679,22170
22,680,22210
22,681,22160
22,682,22211
22,683,22180
22,684,22170
22,685,22210
22,686,22180
22,687,22200
22,688,22170
22,689,22201
22,690,22170
22,691,22950
22,692,22170
22,693,22190
22,694,22180
22,695,22180
22,696,22180
22,697,22181
22,698,22180
22,699,22190
22,700,22170
22,701,22160
22,702,22170
22,703,22170
22,704,22191
22,705,22160
22,706,22150
22,707,22150
22,708,22160
22,709,22160
22,710,22150
22,711,22180
22,712,22171
22,713,22190
22,714,22160
22,715,22180
22,716,22150
22,717,22160
22,718,22180
22,719,22200
22,720,22161
22,721,22200
22,722,22170
22,723,22150
22,724,22180
22,725,22220
22,726,22220
22,727,22161
22,728,22190
22,729,22170
22,730,22180
22,731,22150
22,732,22150
22,733,22140
22,734,22170
22,735,22181
22,736,22940
22,737,22200
22,738,22170
22,739,22190
22,740,22170
22,741,22200
22,742,22191
22,743,22210
22,744,22180
22,745,22200
22,746,22170
22,747,22190
22,748,22170
22,749,22190
22,750,22161
22,751,22200
22,752,22190
22,753,22200
22,754,22180
22,755,22200
22,756,22180
22,757,22200
22,758,22201
22,759,22190
22,760,22190
22,761,22180
22,762,22210
22,763,22180
22,764,22200
22,765,22171
22,766,22200
22,767,22180
22,768,22180
22,769,22210
22,770,22220
22,771,22180
22,772,22190
22,773,22171
22,774,22220
22,775,22180
22,776,22210
22,777,22180
22,778,22210
22,779,22170
22,780,22961
22,781,22150
22,782,22200
22,783,22160
22,784,22220
22,785,22190
22,786,22160
22,787,22210
22,788,22161
22,789,22190
22,790,22180
22,791,22210
22,792,22170
22,793,22180
22,794,22150
22,795,22200
22,796,22171
22,797,22200
22,798,22160
22,799,22190
22,800,22170
22,801,22230
22,802,22160
22,803,22191
22,804,22170
22,805,22200
22,806,22150
22,807,22210
22,808,22180
22,809,22190
22,810,22180
22,811,22211
22,812,22170
22,813,22200
22,814,22190
22,815,22200
22,816,22180
22,817,22230
22,818,22211
22,819,22210
22,820,22170
22,821,22220
22,822,22160
22,823,22180
22,824,22940
22,825,22190
22,826,22151
22,827,22200
22,828,22170
22,829,22200
22,830,22180
22,831,22220
22,832,22160
22,833,22190
22,834,22171
22,835,22190
22,836,22200
22,837,22190
22,838,22190
22,839,22190
22,840,22170
22,841,22201
22,842,22160
22,843,22190
22,844,22170
22,845,22200
22,846,22180
22,847,22180
22,848,22160
22,849,22191
22,850,22180
22,851,22200
22,852,22170
22,853,22210
22,854,22190
22,855,22210
22,856,22141
22,857,22210
22,858,22190
22,859,22190
22,860,22180
22,861,22170
22,862,22190
22,863,22170
22,864,22201
22,865,22170
22,866,22190
22,867,22180
22,868,22960
22,869,22190
22,870,22200
22,871,22180
22,872,22201
22,873,22200
22,874,22230
22,875,22190
22,876,22200
22,877,22170
22,878,22210
22,879,22181
22,880,22200
22,881,22190
22,882,22210
22,883,22170
22,884,22210
22,885,22140
22,886,22210
22,887,22161
22,888,22200
22,889,22180
22,890,22190
22,891,22160
22,892,22200
22,893,22150
22,894,22211
22,895,22180
22,896,22200
22,897,22200
22,898,22210
22,899,22180
22,900,22200
22,901,22150
22,902,22201
22,903,22180
22,904,22200
22,905,22160
22,906,22220
22,907,22190
22,908,22190
22,909,22160
22,910,22221
22,911,22170
22,912,22170
22,913,23000
22,914,22170
22,915,22190
22,916,22150
22,917,22211
22,918,22160
22,919,22190
22,920,22170
22,921,22210
22,922,22170
22,923,22200
22,924,22160
22,925,22181
22,926,22170
22,927,22190
22,928,22160
22,929,22190
22,930,22150
22,931,22210
22,932,22181
22,933,22210
22,934,22180
22,935,22210
22,936,22160
22,937,22170
22,938,22210
22,939,22160
22,940,22181
22,941,22170
22,942,22210
22,943,22150
22,944,22210
22,945,22150
22,946,22190
22,947,22180
22,948,22201
22,949,22170
22,950,22200
22,951,22170
22,952,22200
22,953,22170
22,954,22220
22,955,22181
22,956,22200
22,957,22950
22,958,22170
22,959,22200
22,960,22180
22,961,22210
22,962,22170
22,963,22201
22,964,22180
22,965,22190
22,966,22160
22,967,22200
22,968,22190
22,969,22210
22,970,22171
22,971,22190
22,972,22190
22,973,22200
22,974,22170
22,975,22200
22,976,22190
22,977,22180
22,978,22181
22,979,22170
22,980,22190
22,981,22160
22,982,22210
22,983,22210
22,984,22170
22,985,22220
22,986,22161
22,987,22210
22,988,22190
22,989,22180
22,990,22170
22,991,22170
22,992,22180
22,993,22151
22,994,22170
22,995,22180
22,996,22180
22,997,22200
22,998,22160
22,999,22160
23,0,24870
23,1,24860
23,2,24820
23,3,24830
23,4,24810
23,5,24831
23,6,24830
23,7,24850
23,8,24840
23,9,25700
23,10,24840
23,11,24821
23,12,24870
23,13,24820
23,14,24880
23,15,24840
23,16,24860
23,17,24840
23,18,24861
23,19,24860
23,20,24850
23,21,24840
23,22,24870
23,23,24840
23,24,24860
23,25,24831
23,26,24850
23,27,24840
23,28,24870
23,29,24840
23,30,24860
23,31,24830
23,32,24841
23,33,24840
23,34,24850
23,35,24820
23,36,24860
23,37,24850
23,38,24871
23,39,24830
23,40,24860
23,41,24820
23,42,24860
23,43,24810
23,44,24860
23,45,24841
23,46,24870
23,47,24830
23,48,25660
23,49,24840
23,50,24850
23,51,24830
23,52,24831
23,53,24810
23,54,24850
23,55,24830
23,56,24830
23,57,24840
23,58,24820
23,59,24841
23,60,24820
23,61,24850
23,62,24830
23,63,24820
23,64,24830
23,65,24830
23,66,24841
23,67,24840
23,68,24880
23,69,24840
23,70,24820
23,71,24830
23,72,24821
23,73,24840
23,74,24840
23,75,24860
23,76,24820
23,77,24810
23,78,24840
23,79,24831
23,80,24840
23,81,24840
23,82,24850
23,83,24830
23,84,24850
23,85,24820
23,86,24821
23,87,24850
23,88,26110
23,89,24840
23,90,24820
23,91,24830
23,92,24830
23,93,24841
23,94,24840
23,95,24810
23,96,24830
23,97,24800
23,98,24830
23,99,24841
23,100,24820
23,101,24850
23,102,24830
23,103,24850
23,104,24820
23,105,24830
23,106,24831
23,107,24820
23,108,24840
23,109,24840
23,110,24820
23,111,24830
23,112,24850
23,113,24861
23,114,24840
23,115,24830
23,116,24840
23,117,24840
23,118,24840
23,119,24840
23,120,24831
23,121,24820
23,122,24810
23,123,24850
23,124,24850
23,125,24820
23,126,24840
23,127,26981
23,128,24840
23,129,24820
23,130,24850
23,131,24810
23,132,24880
23,133,24841
23,134,24860
23,135,24820
23,136,24860
23,137,24800
23,138,24870
23,139,24870
23,140,24831
23,141,24850
23,142,24850
23,143,24860
23,144,24820
23,145,24860
23,146,24830
23,147,24861
23,148,24820
23,149,24850
23,150,24800
23,151,24840
23,152,24850
23,153,24830
23,154,24851
23,155,24860
23,156,24870
23,157,24830
23,158,24890
23,159,24840
23,160,24870
23,161,24831
23,162,24860
23,163,24850
23,164,24870
23,165,24830
23,166,24860
23,167,25631
23,168,24820
23,169,24820
23,170,24810
23,171,24820
23,172,24820
23,173,24800
23,174,24831
23,175,24820
23,176,24830
23,177,24830
23,178,24810
23,179,24810
23,180,24850
23,181,24831
23,182,24840
23,183,24840
23,184,24840
23,185,24850
23,186,24840
23,187,24840
23,188,24841
23,189,24830
23,190,24820
23,191,24830
23,192,24830
23,193,24820
23,194,24840
23,195,24811
23,196,24810
23,197,24830
23,198,24840
23,199,24840
23,200,24820
23,201,24831
23,202,24820
23,203,24820
23,204,24830
23,205,24830
23,206,25620
23,207,24830
23,208,24871
23,209,24840
23,210,24880
23,211,24830
23,212,24850
23,213,24830
23,214,24860
23,215,24841
23,216,24850
23,217,24850
23,218,24800
23,219,24870
23,220,24820
23,221,24860
23,222,24821
23,223,24850
23,224,24840
23,225,24860
23,226,24840
23,227,24860
23,228,24840
23,229,24860
23,230,24850
23,231,24840
23,232,24850
23,233,24840
23,234,24860
23,235,24841
23,236,24860
23,237,24830
23,238,24860
23,239,24820
23,240,24830
23,241,24820
23,242,24871
23,243,24830
23,244,24840
23,245,24840
23,246,25630
23,247,24850
23,248,24810
23,249,24851
23,250,24840
23,251,24850
23,252,24830
23,253,24840
23,254,24820
23,255,24840
23,256,24821
23,257,24860
23,258,24820
23,259,24870
23,260,24820
23,261,24870
23,262,24821
23,263,24880
23,264,24840
23,265,24850
23,266,24820
23,267,24860
23,268,24850
23,269,24861
23,270,24830
23,271,24840
23,272,24840
23,273,24870
23,274,24830
23,275,24880
23,276,24831
23,277,24860
23,278,24820
23,279,24860
23,280,24850
23,281,24850
23,282,24850
23,283,24861
23,284,24830
23,285,24850
23,286,25580
23,287,24830
23,288,24840
23,289,24840
23,290,24871
23,291,24850
23,292,24820
23,293,24830
23,294,24840
23,295,24830
23,296,24821
23,297,24820
23,298,24840
23,299,24830
23,300,24820
23,301,24820
23,302,24800
23,303,24831
23,304,24820
23,305,24840
23,306,24850
23,307,24820
23,308,24860
23,309,24830
23,310,24851
23,311,24820
23,312,24840
23,313,24850
23,314,24860
23,315,24820
23,316,24870
23,317,24831
23,318,24860
23,319,24820
23,320,24840
23,321,24850
23,322,24860
23,323,24820
23,324,24881
23,325,25600
23,326,24870
23,327,24820
23,328,24850
23,329,24830
23,330,24861
23,331,24820
23,332,24850
23,333,24840
23,334,24840
23,335,24830
23,336,24840
23,337,24821
23,338,24850
23,339,24810
23,340,24830
23,341,24820
23,342,24840
23,343,24820
23,344,24841
23,345,24820
23,346,24840
23,347,24840
23,348,24850
23,349,24850
23,350,24850
23,351,24811
23,352,24850
23,353,24820
23,354,24870
23,355,24830
23,356,24850
23,357,24800
23,358,24851
23,359,24820
23,360,24840
23,361,24820
23,362,24860
23,363,24820
23,364,24821
23,365,25640
23,366,24850
23,367,24850
23,368,24830
23,369,24830
23,370,24800
23,371,24821
23,372,24820
23,373,24840
23,374,24820
23,375,24860
23,376,24800
23,377,24870
23,378,24831
23,379,24870
23,380,24850
23,381,24830
23,382,24830
23,383,24850
23,384,24860
23,385,24861
23,386,24830
23,387,24850
23,388,24810
23,389,24840
23,390,24830
23,391,24820
23,392,24821
23,393,24850
23,394,24830
23,395,24840
23,396,24830
23,397,24840
23,398,24831
23,399,24850
23,400,24840
23,401,24840
23,402,24830
23,403,24820
23,404,25640
23,405,24831
23,406,24860
23,407,24850
23,408,24830
23,409,24850
23,410,24850
23,411,24850
23,412,24831
23,413,24870
23,414,24820
23,415,24840
23,416,24820
23,417,24840
23,418,24840
23,419,24871
23,420,24840
23,421,24850
23,422,24850
23,423,24850
23,424,24840
23,425,24851
23,426,24820
23,427,24860
23,428,24830
23,429,24860
23,430,24870
23,431,24820
23,432,24851
23,433,24840
23,434,24870
23,435,24830
23,436,24850
23,437,24830
23,438,24840
23,439,24821
23,440,24840
23,441,24850
23,442,24830
23,443,24850
23,444,25600
23,445,24830
23,446,24821
23,447,24850
23,448,24840
23,449,24860
23,450,24820
23,451,24850
23,452,24830
23,453,24861
23,454,24820
23,455,24840
23,456,24830
23,457,24840
23,458,24830
23,459,24821
23,460,24840
23,461,24850
23,462,24850
23,463,24830
23,464,24860
23,465,24890
23,466,24881
23,467,24870
23,468,24880
23,469,24860
23,470,24870
23,471,24870
23,472,24860
23,473,24871
23,474,24840
23,475,24830
23,476,24830
23,477,24850
23,478,24840
23,479,24840
23,480,24861
23,481,24830
23,482,24860
23,483,24850
23,484,27740
23,485,24870
23,486,24830
23,487,24830
23,488,24850
23,489,24830
23,490,24860
23,491,24850
23,492,24840
23,493,24831
23,494,24830
23,495,24840
23,496,24830
23,497,24850
23,498,24860
23,499,24840
23,500,24871
23,501,24830
23,502,24850
23,503,24840
23,504,24830
23,505,24840
23,506,24870
23,507,24871
23,508,24840
23,509,24830
23,510,24820
23,511,24820
23,512,24860
23,513,24840
23,514,24851
23,515,24850
23,516,24820
23,517,24840
23,518,24840
23,519,24820
23,520,24820
23,521,24851
23,522,24840
23,523,25620
23,524,24860
23,525,24850
23,526,24840
23,527,24841
23,528,24850
23,529,24830
23,530,24860
23,531,24830
23,532,24860
23,533,24840
23,534,24841
23,535,24840
23,536,24850
23,537,24840
23,538,24840
23,539,24870
23,540,24830
23,541,24821
23,542,24850
23,543,24850
23,544,24860
23,545,24850
23,546,24820
23,547,24830
23,548,24821
23,549,24840
23,550,24840
23,551,24830
23,552,24850
23,553,24830
23,554,24861
23,555,24840
23,556,24840
23,557,24850
23,558,24850
23,559,24840
23,560,24840
23,561,24851
23,562,24850
23,563,25620
23,564,24830
23,565,24860
23,566,24850
23,567,24830
23,568,24841
23,569,24860
23,570,24830
23,571,24840
23,572,24830
23,573,24820
23,574,24840
23,575,24841
23,576,24840
23,577,24840
23,578,24820
23,579,24850
23,580,24840
23,581,24830
23,582,24841
23,583,24850
23,584,24830
23,585,24840
23,586,24840
23,587,24840
23,588,24821
23,589,24850
23,590,24830
23,591,24850
23,592,24820
23,593,24830
23,594,24840
23,595,24831
23,596,24840
23,597,24830
23,598,24830
23,599,24850
23,600,24830
23,601,24850
23,602,25651
23,603,24860
23,604,24850
23,605,24860
23,606,24860
23,607,24810
23,608,24850
23,609,24841
23,610,24860
23,611,24820
23,612,24840
23,613,24830
23,614,24840
23,615,24820
23,616,24831
23,617,24860
23,618,24830
23,619,24830
23,620,24860
23,621,24850
23,622,24861
23,623,24840
23,624,24830
23,625,24830
23,626,24830
23,627,24830
23,628,24840
23,629,24871
23,630,24850
23,631,24840
23,632,24840
23,633,24870
23,634,24860
23,635,24840
23,636,24851
23,637,24830
23,638,24840
23,639,24870
23,640,24850
23,641,24830
23,642,25640
23,643,24851
23,644,24830
23,645,24840
23,646,24850
23,647,24840
23,648,24850
23,649,24830
23,650,24841
23,651,24840
23,652,24820
23,653,24820
23,654,24850
23,655,24860
23,656,24851
23,657,24840
23,658,24840
23,659,24850
23,660,24850
23,661,24830
23,662,24850
23,663,24851
23,664,24820
23,665,24850
23,666,24820
23,667,24860
23,668,24840
23,669,24830
23,670,24861
23,671,24870
23,672,24870
23,673,24890
23,674,24870
23,675,24860
23,676,24870
23,677,24871
23,678,24860
23,679,24860
23,680,24880
23,681,24850
23,682,25660
23,683,24870
23,684,24841
23,685,24840
23,686,24850
23,687,24850
23,688,24850
23,689,24850
23,690,24851
23,691,24850
23,692,24820
23,693,24870
23,694,24840
23,695,24830
23,696,24870
23,697,24831
23,698,24850
23,699,24850
23,700,24850
23,701,24870
23,702,24870
23,703,24840
23,704,24841
23,705,24860
23,706,24840
23,707,24840
23,708,24840
23,709,24850
23,710,24850
23,711,24821
23,712,24830
23,713,24850
23,714,24860
23,715,24850
23,716,24840
23,717,24840
23,718,24861
23,719,24860
23,720,24840
23,721,32160
23,722,24910
23,723,24850
23,724,24851
23,725,24860
23,726,24830
23,727,24840
23,728,24830
23,729,24840
23,730,24860
23,731,24881
23,732,24870
23,733,24900
23,734,24850
23,735,24880
23,736,24860
23,737,24860
23,738,24861
23,739,24860
23,740,24860
23,741,24860
23,742,24880
23,743,24860
23,744,24850
23,745,24871
23,746,24860
23,747,24830
23,748,24810
23,749,24830
23,750,24860
23,751,24850
23,752,24831
23,753,24850
23,754,24830
23,755,24850
23,756,24860
23,757,24880
23,758,24830
23,759,24851
23,760,27800
23,761,24900
23,762,24890
23,763,24900
23,764,24870
23,765,24850
23,766,24881
23,767,24850
23,768,24860
23,769,24870
23,770,24880
23,771,24880
23,772,24861
23,773,24900
23,774,24890
23,775,24870
23,776,24860
23,777,24870
23,778,24880
23,779,24891
23,780,24890
23,781,24890
23,782,24860
23,783,24850
23,784,24860
23,785,24870
23,786,24871
23,787,24890
23,788,24890
23,789,24870
23,790,24860
23,791,24870
23,792,24880
23,793,24881
23,794,24880
23,795,24870
23,796,24880
23,797,24900
23,798,24870
23,799,24870
23,800,27671
23,801,24840
23,802,24850
23,803,24830
23,804,24840
23,805,24860
23,806,24861
23,807,24850
23,808,24840
23,809,24850
23,810,24870
23,811,24840
23,812,24830
23,813,24851
23,814,24840
23,815,24830
23,816,24850
23,817,24870
23,818,24840
23,819,24860
23,820,24861
23,821,24850
23,822,24830
23,823,24840
23,824,24830
23,825,24860
23,826,24860
23,827,24851
23,828,24850
23,829,24840
23,830,24850
23,831,24840
23,832,24820
23,833,24830
23,834,24851
23,835,24850
23,836,24850
23,837,24840
23,838,24830
23,839,27250
23,840,24861
23,841,24840
23,842,24860
23,843,24870
23,844,24820
23,845,24850
23,846,24830
23,847,24851
23,848,24820
23,849,24840
23,850,24850
23,851,24870
23,852,24880
23,853,24880
23,854,24871
23,855,24860
23,856,24870
23,857,24870
23,858,24860
23,859,24870
23,860,24830
23,861,24831
23,862,24860
23,863,24860
23,864,24830
23,865,24840
23,866,24840
23,867,24861
23,868,24810
23,869,24860
23,870,24870
23,871,24870
23,872,24840
23,873,24850
23,874,24831
23,875,24880
23,876,24850
23,877,24840
23,878,24840
23,879,26880
23,880,24840
23,881,24861
23,882,24850
23,883,24850
23,884,24860
23,885,24860
23,886,24840
23,887,24850
23,888,24861
23,889,24840
23,890,24840
23,891,24880
23,892,24830
23,893,24850
23,894,24850
23,895,24851
23,896,24840
23,897,24860
23,898,24840
23,899,24880
23,900,24850
23,901,24831
23,902,24860
23,903,24860
23,904,24870
23,905,24860
23,906,24860
23,907,24850
23,908,24861
23,909,24850
23,910,24840
23,911,24840
23,912,24850
23,913,24850
23,914,24850
23,915,24851
23,916,24860
23,917,24850
23,918,27000
23,919,24860
23,920,24840
23,921,24850
23,922,24871
23,923,24860
23,924,24830
23,925,24840
23,926,24840
23,927,24800
23,928,24841
23,929,24830
23,930,24830
23,931,24850
23,932,24870
23,933,24850
23,934,24840
23,935,24841
23,936,24860
23,937,24850
23,938,24840
23,939,24830
23,940,24830
23,941,24820
23,942,24871
23,943,24820
23,944,24840
23,945,24850
23,946,24860
23,947,24820
23,948,24820
23,949,24871
23,950,24850
23,951,24850
23,952,24820
23,953,24840
23,954,24860
23,955,24840
23,956,24851
23,957,24860
23,958,26820
23,959,24860
23,960,24850
23,961,24830
23,962,24841
23,963,24850
23,964,24850
23,965,24840
23,966,24850
23,967,24850
23,968,24840
23,969,24851
23,970,24860
23,971,24840
23,972,24850
23,973,24860
23,974,24860
23,975,24870
23,976,24881
23,977,24890
23,978,24850
23,979,24870
23,980,24860
23,981,24860
23,982,24870
23,983,24881
23,984,24870
23,985,24880
23,986,24840
23,987,24870
23,988,24860
23,989,24851
23,990,24830
23,991,24860
23,992,24850
23,993,24870
23,994,24820
23,995,24820
23,996,24841
23,997,24830
23,998,24860
23,999,24780
24,0,38800
24,1,38830
24,2,38821
24,3,38810
24,4,38820
24,5,38840
24,6,38891
24,7,38850
24,8,38830
24,9,38830
24,10,38841
24,11,38820
24,12,38810
24,13,38800
24,14,38840
24,15,38801
24,16,38820
24,17,38830
24,18,38860
24,19,38811
24,20,38810
24,21,38830
24,22,38800
24,23,38860
24,24,38831
24,25,38850
24,26,38850
24,27,38810
24,28,38841
24,29,38830
24,30,38830
24,31,38800
24,32,38841
24,33,38780
24,34,38830
24,35,38780
24,36,38840
24,37,38821
24,38,38800
24,39,38830
24,40,38810
24,41,38851
24,42,38830
24,43,39640
24,44,38830
24,45,38821
24,46,38820
24,47,38820
24,48,38820
24,49,38820
24,50,38821
24,51,38830
24,52,38800
24,53,38860
24,54,38841
24,55,38860
24,56,38820
24,57,38900
24,58,38861
24,59,38840
24,60,38850
24,61,38840
24,62,38810
24,63,38821
24,64,38820
24,65,38820
24,66,38790
24,67,38841
24,68,39590
24,69,38830
24,70,38830
24,71,38850
24,72,38811
24,73,38810
24,74,38820
24,75,38840
24,76,38831
24,77,38830
24,78,38840
24,79,38850
24,80,38801
24,81,38830
24,82,38790
24,83,38810
24,84,38820
24,85,38841
24,86,38830
24,87,38850
24,88,38830
24,89,38871
24,90,38830
24,91,38840
24,92,38860
24,93,38851
24,94,39610
24,95,38830
24,96,38840
24,97,38810
24,98,38841
24,99,38830
24,100,38840
24,101,38780
24,102,38811
24,103,38830
24,104,38800
24,105,38780
24,106,38800
24,107,38831
24,108,38800
24,109,38810
24,110,38820
24,111,38841
24,112,38780
24,113,38850
24,114,38840
24,115,38831
24,116,38870
24,117,38790
24,118,38830
24,119,39600
24,120,38851
24,121,38840
24,122,38850
24,123,38830
24,124,38811
24,125,38830
24,126,38830
24,127,38830
24,128,38811
24,129,38830
24,130,38800
24,131,38830
24,132,38780
24,133,38771
24,134,38770
24,135,38780
24,136,38810
24,137,38821
24,138,38810
24,139,38800
24,140,38820
24,141,38771
24,142,38810
24,143,38800
24,144,38840
24,145,41000
24,146,38841
24,147,38870
24,148,38830
24,149,38850
24,150,38851
24,151,38810
24,152,38860
24,153,38830
24,154,38830
24,155,38841
24,156,38820
24,157,38860
24,158,38860
24,159,38841
24,160,38830
24,161,38860
24,162,38820
24,163,38841
24,164,38840
24,165,38830
24,166,38840
24,167,38840
24,168,38881
24,169,38850
24,170,39590
24,171,38880
24,172,38851
24,173,38870
24,174,38830
24,175,38830
24,176,38871
24,177,38850
24,178,38850
24,179,38830
24,180,38850
24,181,38881
24,182,38820
24,183,38810
24,184,38800
24,185,38831
24,186,38820
24,187,38800
24,188,38810
24,189,38861
24,190,38790
24,191,38810
24,192,38780
24,193,38820
24,194,38841
24,195,38790
24,196,39600
24,197,38820
24,198,38811
24,199,38840
24,200,38830
24,201,38840
24,202,38840
24,203,38841
24,204,38820
24,205,38790
24,206,38840
24,207,38831
24,208,38820
24,209,38850
24,210,38820
24,211,38891
24,212,38820
24,213,38820
24,214,38880
24,215,38830
24,216,38871
24,217,38850
24,218,38860
24,219,38820
24,220,38811
24,221,39570
24,222,38820
24,223,38810
24,224,38831
24,225,38820
24,226,38820
24,227,38820
24,228,38830
24,229,38831
24,230,38800
24,231,38780
24,232,38830
24,233,38831
24,234,38820
24,235,38810
24,236,38800
24,237,38810
24,238,38821
24,239,38810
24,240,38820
24,241,38800
24,242,38841
24,243,38860
24,244,38880
24,245,38870
24,246,38861
24,247,39580
24,248,38850
24,249,38840
24,250,38850
24,251,38831
24,252,38820
24,253,38830
24,254,38860
24,255,38881
24,256,38840
24,257,38840
24,258,38830
24,259,38841
24,260,38830
24,261,38830
24,262,38820
24,263,38840
24,264,38871
24,265,38830
24,266,38880
24,267,38870
24,268,38831
24,269,38840
24,270,38850
24,271,38830
24,272,39651
24,273,38870
24,274,38850
24,275,38880
24,276,38830
24,277,38791
24,278,38820
24,279,38820
24,280,38870
24,281,38821
24,282,38870
24,283,38830
24,284,38810
24,285,38830
24,286,38861
24,287,38850
24,288,38880
24,289,38880
24,290,38841
24,291,38820
24,292,38830
24,293,38810
24,294,38841
24,295,38810
24,296,38780
24,297,38820
24,298,39560
24,299,38861
24,300,38780
24,301,38800
24,302,38800
24,303,38781
24,304,38800
24,305,38870
24,306,38840
24,307,38831
24,308,38850
24,309,38860
24,310,38860
24,311,38840
24,312,38861
24,313,38850
24,314,38800
24,315,38810
24,316,38831
24,317,38830
24,318,38860
24,319,38840
24,320,38850
24,321,38831
24,322,38860
24,323,39570
24,324,38810
24,325,38831
24,326,38870
24,327,38860
24,328,38870
24,329,38811
24,330,38830
24,331,38840
24,332,38830
24,333,38840
24,334,38861
24,335,38820
24,336,38840
24,337,38790
24,338,38881
24,339,38820
24,340,38810
24,341,38830
24,342,38821
24,343,38840
24,344,38820
24,345,38830
24,346,38840
24,347,38851
24,348,38820
24,349,38870
24,350,38850
24,351,38861
24,352,38840
24,353,38850
24,354,38850
24,355,38831
24,356,38830
24,357,38820
24,358,38860
24,359,38840
24,360,38851
24,361,38890
24,362,38820
24,363,38850
24,364,38861
24,365,38830
24,366,38800
24,367,38800
24,368,38841
24,369,38810
24,370,38820
24,371,38810
24,372,38890
24,373,38801
24,374,39590
24,375,38820
24,376,38820
24,377,38831
24,378,38800
24,379,38860
24,380,38870
24,381,38830
24,382,38851
24,383,38820
24,384,38840
24,385,38880
24,386,38861
24,387,38860
24,388,38860
24,389,38880
24,390,38801
24,391,38850
24,392,38860
24,393,38820
24,394,38830
24,395,38791
24,396,38820
24,397,38810
24,398,38800
24,399,39581
24,400,38860
24,401,38850
24,402,38860
24,403,38851
24,404,38840
24,405,38780
24,406,38830
24,407,38880
24,408,38851
24,409,38870
24,410,38830
24,411,38870
24,412,38831
24,413,38840
24,414,38860
24,415,38810
24,416,38820
24,417,38821
24,418,38860
24,419,38850
24,420,38830
24,421,38821
24,422,38860
24,423,38850
24,424,38860
24,425,39641
24,426,38830
24,427,38830
24,428,38830
24,429,38820
24,430,38821
24,431,38840
24,432,38860
24,433,38880
24,434,38841
24,435,38850
24,436,38850
24,437,38860
24,438,38831
24,439,38860
24,440,38850
24,441,38830
24,442,38820
24,443,38821
24,444,38830
24,445,38840
24,446,38840
24,447,38831
24,448,38830
24,449,38850
24,450,39630
24,451,38811
24,452,38830
24,453,38850
24,454,38830
24,455,38810
24,456,38851
24,457,38860
24,458,38850
24,459,38840
24,460,38841
24,461,38850
24,462,38880
24,463,38860
24,464,38820
24,465,38841
24,466,38830
24,467,38810
24,468,38900
24,469,38821
24,470,38820
24,471,38810
24,472,38820
24,473,38841
24,474,38820
24,475,38810
24,476,39610
24,477,38850
24,478,38841
24,479,38830
24,480,38840
24,481,38860
24,482,38861
24,483,38850
24,484,38870
24,485,38820
24,486,38851
24,487,38860
24,488,38920
24,489,38810
24,490,38830
24,491,38841
24,492,38810
24,493,38880
24,494,38850
24,495,38871
24,496,38860
24,497,38840
24,498,38880
24,499,38850
24,500,38831
24,501,40170
24,502,38850
24,503,38810
24,504,38811
24,505,38830
24,506,38840
24,507,38870
24,508,38831
24,509,38860
24,510,38830
24,511,38860
24,512,38860
24,513,38871
24,514,38840
24,515,38840
24,516,38900
24,517,38861
24,518,38850
24,519,38850
24,520,38870
24,521,38881
24,522,38840
24,523,38840
24,524,38860
24,525,38830
24,526,38861
24,527,40990
24,528,38850
24,529,38850
24,530,38811
24,531,38860
24,532,38830
24,533,38860
24,534,38831
24,535,38820
24,536,38800
24,537,38820
24,538,38800
24,539,38871
24,540,38820
24,541,38850
24,542,38840
24,543,38851
24,544,38850
24,545,38860
24,546,38830
24,547,38861
24,548,38830
24,549,38830
24,550,38810
24,551,38820
24,552,39601
24,553,38840
24,554,38860
24,555,38850
24,556,38851
24,557,38820
24,558,38850
24,559,38840
24,560,38820
24,561,38841
24,562,38830
24,563,38830
24,564,38850
24,565,38811
24,566,38870
24,567,38820
24,568,38810
24,569,38821
24,570,38840
24,571,38830
24,572,38820
24,573,38830
24,574,38881
24,575,38830
24,576,38820
24,577,39660
24,578,38841
24,579,38810
24,580,38820
24,581,38830
24,582,38841
24,583,38820
24,584,38850
24,585,38870
24,586,38850
24,587,38861
24,588,38860
24,589,38840
24,590,38840
24,591,38831
24,592,38810
24,593,38830
24,594,38820
24,595,38830
24,596,38831
24,597,38830
24,598,38880
24,599,38820
24,600,38851
24,601,38810
24,602,38800
24,603,39610
24,604,38851
24,605,38840
24,606,38840
24,607,38830
24,608,38850
24,609,38831
24,610,38830
24,611,38830
24,612,38840
24,613,38811
24,614,38810
24,615,38830
24,616,38810
24,617,38811
24,618,38870
24,619,38830
24,620,38840
24,621,38850
24,622,38851
24,623,38850
24,624,38840
24,625,38860
24,626,38841
24,627,38860
24,628,39590
24,629,38880
24,630,38861
24,631,38860
24,632,38820
24,633,38850
24,634,38870
24,635,38811
24,636,38840
24,637,38820
24,638,38830
24,639,38801
24,640,38880
24,641,38850
24,642,38840
24,643,38850
24,644,38861
24,645,38840
24,646,38830
24,647,38860
24,648,38881
24,649,38870
24,650,38840
24,651,38870
24,652,38881
24,653,38860
24,654,39620
24,655,38870
24,656,38860
24,657,38831
24,658,38860
24,659,38830
24,660,38820
24,661,38831
24,662,38820
24,663,38830
24,664,38810
24,665,38811
24,666,38820
24,667,38820
24,668,38820
24,669,38780
24,670,38821
24,671,38820
24,672,38840
24,673,38800
24,674,38801
24,675,38810
24,676,38870
24,677,38840
24,678,38800
24,679,39601
24,680,38820
24,681,38820
24,682,38840
24,683,38831
24,684,38790
24,685,38840
24,686,38830
24,687,38821
24,688,38800
24,689,38880
24,690,38870
24,691,38850
24,692,38861
24,693,38840
24,694,38840
24,695,38840
24,696,38851
24,697,38860
24,698,38890
24,699,38830
24,700,38801
24,701,38810
24,702,38810
24,703,38830
24,704,38810
24,705,39641
24,706,38890
24,707,38840
24,708,38810
24,709,38821
24,710,38870
24,711,38860
24,712,38800
24,713,38841
24,714,38870
24,715,38830
24,716,38850
24,717,38810
24,718,38821
24,719,38800
24,720,38800
24,721,38840
24,722,38811
24,723,38830
24,724,38810
24,725,38860
24,726,38860
24,727,38841
24,728,38860
24,729,38830
24,730,39640
24,731,38821
24,732,38830
24,733,38820
24,734,38800
24,735,38861
24,736,38840
24,737,38830
24,738,38840
24,739,38810
24,740,38841
24,741,38820
24,742,38810
24,743,38830
24,744,38821
24,745,38870
24,746,38870
24,747,38830
24,748,38861
24,749,38850
24,750,38850
24,751,38840
24,752,38820
24,753,38861
24,754,38840
24,755,38860
24,756,39590
24,757,38871
24,758,38830
24,759,38860
24,760,38870
24,761,38840
24,762,38861
24,763,38870
24,764,38850
24,765,38840
24,766,38831
24,767,38830
24,768,38810
24,769,38820
24,770,38831
24,771,38840
24,772,38840
24,773,38830
24,774,38870
24,775,38861
24,776,38850
24,777,38850
24,778,38850
24,779,38851
24,780,38820
24,781,39610
24,782,38850
24,783,38871
24,784,38850
24,785,38850
24,786,38820
24,787,38840
24,788,38821
24,789,38850
24,790,38850
24,791,38870
24,792,38851
24,793,38830
24,794,38840
24,795,38800
24,796,38811
24,797,38800
24,798,38860
24,799,38810
24,800,38830
24,801,38831
24,802,38860
24,803,38820
24,804,38850
24,805,38851
24,806,38870
24,807,39640
24,808,38820
24,809,38860
24,810,38811
24,811,38860
24,812,38790
24,813,38840
24,814,38831
24,815,38850
24,816,38830
24,817,38850
24,818,38861
24,819,38870
24,820,38820
24,821,38820
24,822,38850
24,823,38861
24,824,38850
24,825,38870
24,826,38820
24,827,38871
24,828,38840
24,829,38840
24,830,38840
24,831,38841
24,832,39610
24,833,38840
24,834,38830
24,835,38830
24,836,38811
24,837,38830
24,838,38820
24,839,38830
24,840,38821
24,841,38800
24,842,38800
24,843,38850
24,844,38850
24,845,38841
24,846,38830
24,847,38870
24,848,38840
24,849,38891
24,850,38810
24,851,38860
24,852,38820
24,853,38871
24,854,38810
24,855,38860
24,856,38860
24,857,38870
24,858,39641
24,859,38820
24,860,38810
24,861,38830
24,862,38831
24,863,38840
24,864,38850
24,865,38860
24,866,38881
24,867,38840
24,868,38840
24,869,38850
24,870,38820
24,871,38831
24,872,38840
24,873,38840
24,874,38780
24,875,38791
24,876,38830
24,877,38840
24,878,38830
24,879,38831
24,880,38820
24,881,38780
24,882,38850
24,883,39620
24,884,38831
24,885,38830
24,886,38800
24,887,38870
24,888,38861
24,889,38860
24,890,38770
24,891,38820
24,892,38820
24,893,38791
24,894,38800
24,895,38840
24,896,38800
24,897,38831
24,898,38810
24,899,38820
24,900,38870
24,901,38830
24,902,38841
24,903,38870
24,904,38870
24,905,38820
24,906,38871
24,907,38830
24,908,39620
24,909,38830
24,910,38880
24,911,38811
24,912,38820
24,913,38840
24,914,38890
24,915,38841
24,916,38860
24,917,38860
24,918,38830
24,919,38821
24,920,38800
24,921,38840
24,922,38800
24,923,38820
24,924,38811
24,925,38800
24,926,38790
24,927,38800
24,928,38811
24,929,38880
24,930,38850
24,931,38840
24,932,38830
24,933,38841
24,934,39610
24,935,38800
24,936,38830
24,937,38831
24,938,38790
24,939,38800
24,940,38830
24,941,38791
24,942,38800
24,943,38810
24,944,38810
24,945,38820
24,946,38791
24,947,38830
24,948,38790
24,949,38830
24,950,38871
24,951,38810
24,952,38850
24,953,38840
24,954,38861
24,955,38860
24,956,38850
24,957,38890
24,958,38850
24,959,39631
24,960,38830
24,961,38880
24,962,38830
24,963,38811
24,964,38810
24,965,38790
24,966,38820
24,967,38821
24,968,38800
24,969,38800
24,970,38840
24,971,38830
24,972,38891
24,973,38830
24,974,38820
24,975,38840
24,976,38831
24,977,38880
24,978,38850
24,979,38840
24,980,38860
24,981,38871
24,982,38860
24,983,38830
24,984,38850
24,985,39591
24,986,38880
24,987,38820
24,988,38820
24,989,38871
24,990,38790
24,991,38820
24,992,38800
24,993,38810
24,994,38841
24,995,38820
24,996,38840
24,997,38850
24,998,38831
24,999,38840
25,0,44481
25,1,44570
25,2,44570
25,3,44541
25,4,44530
25,5,44570
25,6,44530
25,7,44521
25,8,44560
25,9,44520
25,10,44560
25,11,44521
25,12,44560
25,13,44540
25,14,44520
25,15,44521
25,16,44500
25,17,44530
25,18,44580
25,19,45291
25,20,44540
25,21,44510
25,22,44561
25,23,44530
25,24,44570
25,25,44580
25,26,44531
25,27,44530
25,28,44530
25,29,44560
25,30,44541
25,31,44510
25,32,44510
25,33,44540
25,34,44541
25,35,44560
25,36,44540
25,37,44540
25,38,44501
25,39,44480
25,40,44510
25,41,45490
25,42,44541
25,43,44570
25,44,44580
25,45,44571
25,46,44530
25,47,44560
25,48,44510
25,49,44551
25,50,44590
25,51,44550
25,52,44510
25,53,44551
25,54,44520
25,55,44480
25,56,44500
25,57,44501
25,58,44520
25,59,44570
25,60,44520
25,61,44561
25,62,44550
25,63,45280
25,64,44551
25,65,44540
25,66,44540
25,67,44510
25,68,44521
25,69,44560
25,70,44550
25,71,44530
25,72,44511
25,73,44510
25,74,44480
25,75,44520
25,76,44521
25,77,44550
25,78,44520
25,79,44530
25,80,44541
25,81,44540
25,82,44520
25,83,44640
25,84,44571
25,85,44540
25,86,44530
25,87,44501
25,88,44550
25,89,44550
25,90,44590
25,91,44541
25,92,44510
25,93,44590
25,94,44540
25,95,44541
25,96,44520
25,97,44540
25,98,44540
25,99,44511
25,100,44500
25,101,44520
25,102,44510
25,103,44511
25,104,44520
25,105,44550
25,106,44521
25,107,44520
25,108,45340
25,109,44580
25,110,44581
25,111,44560
25,112,44560
25,113,44560
25,114,44601
25,115,44560
25,116,44570
25,117,44560
25,118,44561
25,119,44550
25,120,44550
25,121,44550
25,122,44551
25,123,44540
25,124,44510
25,125,44551
25,126,44540
25,127,44570
25,128,44540
25,129,44621
25,130,45320
25,131,44530
25,132,44610
25,133,44551
25,134,44520
25,135,44550
25,136,44550
25,137,44541
25,138,44560
25,139,44550
25,140,44580
25,141,44551
25,142,44520
25,143,44510
25,144,44520
25,145,44541
25,146,44540
25,147,44570
25,148,44551
25,149,44560
25,150,44560
25,151,44520
25,152,45341
25,153,44560
25,154,44530
25,155,44540
25,156,44531
25,157,44500
25,158,44550
25,159,44540
25,160,44521
25,161,44590
25,162,44560
25,163,44560
25,164,44551
25,165,44550
25,166,44550
25,167,44561
25,168,44550
25,169,44550
25,170,44570
25,171,44561
25,172,44540
25,173,44570
25,174,45490
25,175,44561
25,176,44540
25,177,44620
25,178,44550
25,179,44571
25,180,44590
25,181,44520
25,182,44530
25,183,44531
25,184,44520
25,185,44560
25,186,44521
25,187,44530
25,188,44550
25,189,44570
25,190,44561
25,191,44530
25,192,44540
25,193,44530
25,194,44521
25,195,44520
25,196,44550
25,197,47120
25,198,44531
25,199,44580
25,200,44560
25,201,44540
25,202,44531
25,203,44540
25,204,44480
25,205,44590
25,206,44541
25,207,44570
25,208,44550
25,209,44511
25,210,44540
25,211,44570
25,212,44540
25,213,44581
25,214,44610
25,215,44560
25,216,44560
25,217,44551
25,218,44540
25,219,45320
25,220,44550
25,221,44541
25,222,44510
25,223,44540
25,224,44510
25,225,44531
25,226,44550
25,227,44550
25,228,44521
25,229,44590
25,230,44530
25,231,44560
25,232,44561
25,233,44520
25,234,44560
25,235,44540
25,236,44551
25,237,44540
25,238,44530
25,239,44570
25,240,44581
25,241,45340
25,242,44570
25,243,44570
25,244,44591
25,245,44550
25,246,44520
25,247,44551
25,248,44570
25,249,44500
25,250,44540
25,251,44531
25,252,44510
25,253,44560
25,254,44540
25,255,44571
25,256,44540
25,257,44560
25,258,44560
25,259,44551
25,260,44540
25,261,44560
25,262,44520
25,263,45371
25,264,44540
25,265,44550
25,266,44570
25,267,44551
25,268,44560
25,269,44540
25,270,44551
25,271,44530
25,272,44570
25,273,44550
25,274,44571
25,275,44540
25,276,44540
25,277,44560
25,278,44531
25,279,44540
25,280,44580
25,281,44540
25,282,44561
25,283,44520
25,284,44550
25,285,44520
25,286,45331
25,287,44560
25,288,44570
25,289,44531
25,290,44560
25,291,44570
25,292,44550
25,293,44541
25,294,44570
25,295,44530
25,296,44540
25,297,44561
25,298,44600
25,299,44510
25,300,44510
25,301,44521
25,302,44520
25,303,44550
25,304,44500
25,305,44541
25,306,44520
25,307,44570
25,308,45300
25,309,44561
25,310,44570
25,311,44510
25,312,44541
25,313,44550
25,314,44580
25,315,44520
25,316,44531
25,317,44570
25,318,44520
25,319,44540
25,320,44511
25,321,44550
25,322,44560
25,323,44530
25,324,44561
25,325,44550
25,326,44540
25,327,44570
25,328,44511
25,329,44540
25,330,45350
25,331,44551
25,332,44550
25,333,44540
25,334,44510
25,335,44521
25,336,44540
25,337,44550
25,338,44540
25,339,44551
25,340,44530
25,341,44520
25,342,44520
25,343,44581
25,344,44540
25,345,44590
25,346,44550
25,347,44551
25,348,44510
25,349,44580
25,350,44580
25,351,44570
25,352,45290
25,353,44540
25,354,44521
25,355,44550
25,356,44600
25,357,44540
25,358,44521
25,359,44520
25,360,44500
25,361,44540
25,362,44541
25,363,44520
25,364,44540
25,365,44550
25,366,44571
25,367,44550
25,368,44550
25,369,44520
25,370,44521
25,371,44550
25,372,44530
25,373,44521
25,374,44530
25,375,45360
25,376,44510
25,377,44581
25,378,44530
25,379,44530
25,380,44510
25,381,44521
25,382,44500
25,383,44560
25,384,44540
25,385,44521
25,386,44560
25,387,44510
25,388,44520
25,389,44521
25,390,44540
25,391,44560
25,392,44531
25,393,44600
25,394,44530
25,395,44530
25,396,44551
25,397,49400
25,398,44590
25,399,44510
25,400,44551
25,401,44530
25,402,44510
25,403,44590
25,404,44541
25,405,44560
25,406,44520
25,407,44590
25,408,44571
25,409,44540
25,410,44580
25,411,44561
25,412,44520
25,413,44520
25,414,44540
25,415,44521
25,416,44550
25,417,44540
25,418,44550
25,419,45291
25,420,44520
25,421,44510
25,422,44510
25,423,44521
25,424,44510
25,425,44540
25,426,44530
25,427,44521
25,428,44540
25,429,44480
25,430,44500
25,431,44531
25,432,44510
25,433,44530
25,434,44561
25,435,44540
25,436,44530
25,437,44500
25,438,44551
25,439,44560
25,440,44540
25,441,45310
25,442,44571
25,443,44550
25,444,44550
25,445,44570
25,446,44541
25,447,44530
25,448,44570
25,449,44530
25,450,44571
25,451,44540
25,452,44570
25,453,44561
25,454,44550
25,455,44500
25,456,44540
25,457,44571
25,458,44530
25,459,44550
25,460,44570
25,461,44541
25,462,44510
25,463,45330
25,464,44550
25,465,44561
25,466,44590
25,467,44560
25,468,44580
25,469,44531
25,470,44530
25,471,44550
25,472,44570
25,473,44510
25,474,44540
25,475,44530
25,476,44571
25,477,44560
25,478,44570
25,479,44570
25,480,44531
25,481,44560
25,482,44570
25,483,44580
25,484,44581
25,485,44540
25,486,45300
25,487,44500
25,488,44571
25,489,44540
25,490,44540
25,491,44550
25,492,44541
25,493,44570
25,494,44560
25,495,44541
25,496,44560
25,497,44580
25,498,44540
25,499,44531
25,500,44500
25,501,44570
25,502,44520
25,503,44551
25,504,44540
25,505,44510
25,506,44550
25,507,44531
25,508,45330
25,509,44550
25,510,44570
25,511,44571
25,512,44570
25,513,44590
25,514,44521
25,515,44570
25,516,44530
25,517,44540
25,518,44591
25,519,44550
25,520,44560
25,521,44580
25,522,44571
25,523,44580
25,524,44550
25,525,44540
25,526,44551
25,527,44550
25,528,44580
25,529,44590
25,530,45261
25,531,44570
25,532,44550
25,533,44530
25,534,44570
25,535,44560
25,536,44480
25,537,44531
25,538,44510
25,539,44590
25,540,44580
25,541,44571
25,542,44560
25,543,44560
25,544,44520
25,545,44551
25,546,44530
25,547,44590
25,548,44540
25,549,44561
25,550,44540
25,551,44540
25,552,45320
25,553,44571
25,554,44570
25,555,44550
25,556,44551
25,557,44530
25,558,44540
25,559,44560
25,560,44561
25,561,44550
25,562,44550
25,563,44570
25,564,44561
25,565,44590
25,566,44560
25,567,44590
25,568,44571
25,569,44590
25,570,44560
25,571,44560
25,572,44541
25,573,44540
25,574,44520
25,575,45311
25,576,44520
25,577,44560
25,578,44560
25,579,44561
25,580,44550
25,581,44550
25,582,44590
25,583,44591
25,584,44550
25,585,44600
25,586,44560
25,587,44581
25,588,44550
25,589,44580
25,590,44560
25,591,44571
25,592,44590
25,593,44600
25,594,44530
25,595,44561
25,596,44580
25,597,45330
25,598,44591
25,599,44550
25,600,44550
25,601,44590
25,602,44581
25,603,44540
25,604,44590
25,605,44540
25,606,44571
25,607,44590
25,608,44580
25,609,44570
25,610,44541
25,611,44550
25,612,44550
25,613,44560
25,614,44571
25,615,44550
25,616,44530
25,617,44611
25,618,44550
25,619,45310
25,620,44520
25,621,44521
25,622,44530
25,623,44530
25,624,44500
25,625,44551
25,626,44530
25,627,44560
25,628,44520
25,629,44541
25,630,44500
25,631,44550
25,632,44520
25,633,44581
25,634,44550
25,635,44600
25,636,44581
25,637,44580
25,638,44530
25,639,44550
25,640,44561
25,641,45440
25,642,44550
25,643,44520
25,644,44511
25,645,44490
25,646,44510
25,647,44550
25,648,44561
25,649,44540
25,650,44550
25,651,44570
25,652,44521
25,653,44540
25,654,44520
25,655,44520
25,656,44511
25,657,44520
25,658,44520
25,659,44521
25,660,44540
25,661,44520
25,662,44540
25,663,44531
25,664,45340
25,665,44520
25,666,44540
25,667,44531
25,668,44530
25,669,44520
25,670,44540
25,671,44521
25,672,44510
25,673,44490
25,674,44540
25,675,44531
25,676,44530
25,677,44490
25,678,44531
25,679,44550
25,680,44540
25,681,44560
25,682,44531
25,683,44540
25,684,44520
25,685,44520
25,686,45321
25,687,44560
25,688,44560
25,689,44550
25,690,44551
25,691,44540
25,692,44580
25,693,44550
25,694,44581
25,695,44560
25,696,44570
25,697,44540
25,698,44531
25,699,44520
25,700,44590
25,701,44531
25,702,44560
25,703,44520
25,704,44510
25,705,44561
25,706,44500
25,707,44510
25,708,45780
25,709,44511
25,710,44530
25,711,44510
25,712,44550
25,713,44541
25,714,44510
25,715,44580
25,716,44590
25,717,44571
25,718,44560
25,719,44550
25,720,44561
25,721,44530
25,722,44540
25,723,44550
25,724,44551
25,725,44530
25,726,44520
25,727,44510
25,728,44481
25,729,44540
25,730,46830
25,731,44580
25,732,44551
25,733,44560
25,734,44520
25,735,44530
25,736,44521
25,737,44530
25,738,44500
25,739,44471
25,740,44510
25,741,44520
25,742,44550
25,743,44531
25,744,44520
25,745,44530
25,746,44560
25,747,44531
25,748,44550
25,749,44580
25,750,44540
25,751,44551
25,752,45300
25,753,44500
25,754,44520
25,755,44541
25,756,44540
25,757,44500
25,758,44530
25,759,44621
25,760,44560
25,761,44530
25,762,44520
25,763,44511
25,764,44520
25,765,44490
25,766,44470
25,767,44531
25,768,44560
25,769,44550
25,770,44561
25,771,44540
25,772,44550
25,773,44530
25,774,44511
25,775,45610
25,776,44570
25,777,44550
25,778,44561
25,779,44520
25,780,44540
25,781,44490
25,782,44591
25,783,44520
25,784,44550
25,785,44550
25,786,44581
25,787,44570
25,788,44530
25,789,44570
25,790,44571
25,791,44560
25,792,44590
25,793,44551
25,794,44540
25,795,44550
25,796,44550
25,797,45331
25,798,44520
25,799,44540
25,800,44550
25,801,44501
25,802,44580
25,803,44550
25,804,44540
25,805,44541
25,806,44530
25,807,44550
25,808,44530
25,809,44561
25,810,44530
25,811,44530
25,812,44520
25,813,44511
25,814,44510
25,815,44540
25,816,44521
25,817,44510
25,818,44520
25,819,45260
25,820,44511
25,821,44580
25,822,44530
25,823,44520
25,824,44541
25,825,44530
25,826,44500
25,827,44510
25,828,44541
25,829,44530
25,830,44550
25,831,44520
25,832,44561
25,833,44590
25,834,44560
25,835,44521
25,836,44540
25,837,44540
25,838,44550
25,839,44511
25,840,44530
25,841,45280
25,842,44550
25,843,44541
25,844,44530
25,845,44540
25,846,44520
25,847,44531
25,848,44570
25,849,44530
25,850,44600
25,851,44561
25,852,44590
25,853,44560
25,854,44550
25,855,44501
25,856,44550
25,857,44560
25,858,44581
25,859,44560
25,860,44570
25,861,44570
25,862,44591
25,863,44540
25,864,45370
25,865,44540
25,866,44521
25,867,44520
25,868,44530
25,869,44500
25,870,44561
25,871,44600
25,872,44590
25,873,44530
25,874,44531
25,875,44480
25,876,44480
25,877,44531
25,878,44510
25,879,44510
25,880,44530
25,881,44501
25,882,44540
25,883,44530
25,884,44530
25,885,44561
25,886,45320
25,887,44550
25,888,44580
25,889,44561
25,890,44560
25,891,44560
25,892,44570
25,893,44591
25,894,44550
25,895,44530
25,896,44521
25,897,44530
25,898,44500
25,899,44530
25,900,44531
25,901,44550
25,902,44550
25,903,44530
25,904,44491
25,905,44520
25,906,44480
25,907,44510
25,908,45261
25,909,44560
25,910,44560
25,911,44570
25,912,44561
25,913,44570
25,914,44580
25,915,44580
25,916,44571
25,917,44550
25,918,44570
25,919,44561
25,920,44560
25,921,44550
25,922,44570
25,923,44561
25,924,44550
25,925,44550
25,926,44580
25,927,44561
25,928,44570
25,929,44570
25,930,45570
25,931,44531
25,932,44570
25,933,44540
25,934,44540
25,935,44541
25,936,44560
25,937,44550
25,938,44581
25,939,44540
25,940,44570
25,941,44540
25,942,44531
25,943,44530
25,944,44520
25,945,44510
25,946,44531
25,947,44520
25,948,44520
25,949,44490
25,950,44541
25,951,44480
25,952,44560
25,953,45580
25,954,44561
25,955,44530
25,956,44560
25,957,44570
25,958,44571
25,959,44600
25,960,44570
25,961,44541
25,962,44530
25,963,44560
25,964,44580
25,965,44571
25,966,44520
25,967,44540
25,968,44560
25,969,44521
25,970,44510
25,971,44580
25,972,44560
25,973,44561
25,974,44520
25,975,45250
25,976,44520
25,977,44541
25,978,44540
25,979,44550
25,980,44531
25,981,44520
25,982,44550
25,983,44520
25,984,44541
25,985,44520
25,986,44520
25,987,44530
25,988,44531
25,989,44530
25,990,44510
25,991,44540
25,992,44511
25,993,44520
25,994,44500
25,995,44520
25,996,44561
25,997,45930
25,998,44530
25,999,44591
26,0,49621
26,1,49660
26,2,50430
26,3,49670
26,4,49671
26,5,49600
26,6,49610
26,7,49621
26,8,49640
26,9,49640
26,10,49670
26,11,49661
26,12,49660
26,13,49670
26,14,49651
26,15,49620
26,16,49640
26,17,49641
26,18,49630
26,19,49600
26,20,49640
26,21,49641
26,22,55740
26,23,49690
26,24,49641
26,25,49610
26,26,49610
26,27,49640
26,28,49671
26,29,49610
26,30,49650
26,31,49631
26,32,49640
26,33,49620
26,34,49670
26,35,49661
26,36,49630
26,37,49670
26,38,49651
26,39,49620
26,40,49610
26,41,49671
26,42,50470
26,43,49650
26,44,49660
26,45,49651
26,46,49660
26,47,49630
26,48,49641
26,49,49630
26,50,49670
26,51,49650
26,52,49611
26,53,49640
26,54,49610
26,55,49651
26,56,49620
26,57,49660
26,58,49670
26,59,49660
26,60,49630
26,61,49650
26,62,50421
26,63,49670
26,64,49670
26,65,49651
26,66,49620
26,67,49610
26,68,49650
26,69,49631
26,70,49650
26,71,49660
26,72,49711
26,73,49610
26,74,49640
26,75,49670
26,76,49651
26,77,49660
26,78,49640
26,79,49691
26,80,49640
26,81,49680
26,82,50471
26,83,49660
26,84,49620
26,85,49650
26,86,49661
26,87,49590
26,88,49620
26,89,49691
26,90,49670
26,91,49660
26,92,49660
26,93,49611
26,94,49620
26,95,49590
26,96,49691
26,97,49660
26,98,49670
26,99,49680
26,100,49651
26,101,50820
26,102,49630
26,103,49641
26,104,49630
26,105,49640
26,106,49631
26,107,49630
26,108,49640
26,109,49680
26,110,49661
26,111,49690
26,112,49680
26,113,49671
26,114,49660
26,115,49670
26,116,49680
26,117,49691
26,118,49680
26,119,49630
26,120,49641
26,121,51780
26,122,49640
26,123,49681
26,124,49690
26,125,49650
26,126,49640
26,127,49621
26,128,49660
26,129,49630
26,130,49681
26,131,49670
26,132,49650
26,133,49700
26,134,49651
26,135,49670
26,136,49670
26,137,49691
26,138,49710
26,139,49640
26,140,49670
26,141,50471
26,142,49660
26,143,49670
26,144,49651
26,145,49710
26,146,49650
26,147,49671
26,148,49670
26,149,49660
26,150,49690
26,151,49701
26,152,49650
26,153,49630
26,154,49631
26,155,49650
26,156,49620
26,157,49640
26,158,49631
26,159,49600
26,160,49630
26,161,50391
26,162,49650
26,163,49680
26,164,49730
26,165,49671
26,166,49670
26,167,49660
26,168,49671
26,169,49640
26,170,49660
26,171,49661
26,172,49690
26,173,49640
26,174,49680
26,175,49631
26,176,49680
26,177,49670
26,178,49691
26,179,49670
26,180,49690
26,181,52460
26,182,49701
26,183,49640
26,184,49700
26,185,49661
26,186,49650
26,187,49620
26,188,49671
26,189,49680
26,190,49660
26,191,49640
26,192,49611
26,193,49630
26,194,49610
26,195,49661
26,196,49620
26,197,49660
26,198,49680
26,199,49661
26,200,49660
26,201,50470
26,202,49651
26,203,49620
26,204,49640
26,205,49620
26,206,49681
26,207,49680
26,208,49640
26,209,49621
26,210,49600
26,211,49640
26,212,49631
26,213,49610
26,214,49650
26,215,49660
26,216,49621
26,217,49630
26,218,49630
26,219,49641
26,220,49670
26,221,50430
26,222,49650
26,223,49671
26,224,49640
26,225,49630
26,226,49611
26,227,49710
26,228,49680
26,229,49710
26,230,49681
26,231,49650
26,232,49660
26,233,49631
26,234,49640
26,235,49620
26,236,49631
26,237,49680
26,238,49650
26,239,49660
26,240,49601
26,241,50400
26,242,49700
26,243,49681
26,244,49670
26,245,49670
26,246,49640
26,247,49631
26,248,49620
26,249,49690
26,250,49651
26,251,49670
26,252,49670
26,253,49570
26,254,49631
26,255,49650
26,256,49610
26,257,49641
26,258,49600
26,259,49620
26,260,49651
26,261,50440
26,262,49670
26,263,49710
26,264,49671
26,265,49700
26,266,49660
26,267,49681
26,268,49680
26,269,49640
26,270,49670
26,271,49681
26,272,49660
26,273,49650
26,274,49651
26,275,49650
26,276,49660
26,277,49660
26,278,49621
26,279,49660
26,280,49660
26,281,50471
26,282,49670
26,283,49660
26,284,49651
26,285,49590
26,286,49620
26,287,49640
26,288,49671
26,289,49630
26,290,49640
26,291,49631
26,292,49610
26,293,49690
26,294,49620
26,295,49631
26,296,49630
26,297,49640
26,298,49711
26,299,49700
26,300,49700
26,301,50401
26,302,49640
26,303,49670
26,304,49630
26,305,49661
26,306,49630
26,307,49630
26,308,49621
26,309,49690
26,310,49660
26,311,49660
26,312,49661
26,313,49650
26,314,49630
26,315,49691
26,316,49630
26,317,49640
26,318,49600
26,319,49651
26,320,49610
26,321,50420
26,322,49671
26,323,49670
26,324,49660
26,325,49651
26,326,49680
26,327,49680
26,328,49650
26,329,49661
26,330,49680
26,331,49640
26,332,49661
26,333,49660
26,334,49660
26,335,49630
26,336,49701
26,337,49660
26,338,49660
26,339,49661
26,340,49650
26,341,50490
26,342,49640
26,343,49651
26,344,49650
26,345,49620
26,346,49641
26,347,49650
26,348,49640
26,349,49671
26,350,49710
26,351,49690
26,352,49690
26,353,49631
26,354,49620
26,355,49610
26,356,49611
26,357,49670
26,358,49690
26,359,49640
26,360,49671
26,361,50470
26,362,49700
26,363,49641
26,364,49690
26,365,49680
26,366,49680
26,367,49651
26,368,49620
26,369,49620
26,370,49641
26,371,49710
26,372,49680
26,373,49651
26,374,49650
26,375,49660
26,376,49690
26,377,49631
26,378,49680
26,379,49660
26,380,49651
26,381,50450
26,382,49640
26,383,49590
26,384,49651
26,385,49660
26,386,49610
26,387,49611
26,388,49630
26,389,49680
26,390,49670
26,391,49621
26,392,49640
26,393,49640
26,394,49651
26,395,49660
26,396,49650
26,397,49611
26,398,49640
26,399,49630
26,400,49640
26,401,50411
26,402,49640
26,403,49650
26,404,49601
26,405,49620
26,406,49640
26,407,49650
26,408,49661
26,409,49630
26,410,49640
26,411,49711
26,412,49680
26,413,49640
26,414,49650
26,415,49681
26,416,49700
26,417,49660
26,418,49661
26,419,49660
26,420,49650
26,421,50511
26,422,49600
26,423,49660
26,424,49640
26,425,49731
26,426,49700
26,427,49630
26,428,49631
26,429,49630
26,430,49610
26,431,49620
26,432,49711
26,433,49680
26,434,49700
26,435,49681
26,436,49700
26,437,49700
26,438,49631
26,439,49630
26,440,49610
26,441,50500
26,442,49661
26,443,49630
26,444,49640
26,445,49641
26,446,49630
26,447,49610
26,448,49660
26,449,49661
26,450,49650
26,451,49680
26,452,49701
26,453,49670
26,454,49660
26,455,49610
26,456,49611
26,457,49640
26,458,49650
26,459,49631
26,460,49620
26,461,50470
26,462,49671
26,463,49680
26,464,49680
26,465,49660
26,466,49701
26,467,49650
26,468,49660
26,469,49671
26,470,49660
26,471,49660
26,472,49640
26,473,49661
26,474,49670
26,475,49650
26,476,49661
26,477,49700
26,478,49640
26,479,49620
26,480,49641
26,481,50430
26,482,49660
26,483,49631
26,484,49670
26,485,49680
26,486,49661
26,487,49660
26,488,49660
26,489,49690
26,490,49621
26,491,49640
26,492,49650
26,493,49671
26,494,49610
26,495,49660
26,496,49610
26,497,49651
26,498,49620
26,499,49610
26,500,49601
26,501,50480
26,502,49680
26,503,49690
26,504,49651
26,505,49620
26,506,49650
26,507,49671
26,508,49630
26,509,49620
26,510,49631
26,511,49640
26,512,49630
26,513,49640
26,514,49671
26,515,49660
26,516,49680
26,517,49661
26,518,49610
26,519,49650
26,520,49590
26,521,50441
26,522,49700
26,523,49700
26,524,49661
26,525,49660
26,526,49650
26,527,49631
26,528,49660
26,529,49620
26,530,49620
26,531,49601
26,532,49710
26,533,49670
26,534,49641
26,535,49660
26,536,49650
26,537,49620
26,538,49621
26,539,49650
26,540,49660
26,541,50411
26,542,49670
26,543,49690
26,544,49650
26,545,49691
26,546,49650
26,547,49670
26,548,49631
26,549,49660
26,550,49710
26,551,49671
26,552,49690
26,553,49660
26,554,49670
26,555,49641
26,556,49640
26,557,49670
26,558,49711
26,559,49690
26,560,50460
26,561,49630
26,562,49621
26,563,49630
26,564,49660
26,565,49631
26,566,49670
26,567,49670
26,568,49640
26,569,49631
26,570,49630
26,571,49950
26,572,49641
26,573,49630
26,574,49620
26,575,49651
26,576,49660
26,577,49620
26,578,49650
26,579,49611
26,580,50380
26,581,49680
26,582,49651
26,583,49650
26,584,49660
26,585,49670
26,586,49671
26,587,49650
26,588,49620
26,589,49671
26,590,49680
26,591,49650
26,592,49650
26,593,49681
26,594,49690
26,595,49640
26,596,49631
26,597,49630
26,598,49730
26,599,49681
26,600,50420
26,601,49640
26,602,49630
26,603,49651
26,604,49710
26,605,49640
26,606,49691
26,607,49640
26,608,49650
26,609,49590
26,610,49601
26,611,49640
26,612,49650
26,613,49681
26,614,49640
26,615,49640
26,616,49640
26,617,49631
26,618,49610
26,619,49730
26,620,50441
26,621,49640
26,622,49690
26,623,49661
26,624,49620
26,625,49650
26,626,49650
26,627,49691
26,628,49650
26,629,49640
26,630,49611
26,631,49620
26,632,49640
26,633,49640
26,634,49631
26,635,49660
26,636,49640
26,637,49671
26,638,49650
26,639,49690
26,640,50420
26,641,49650
26,642,49650
26,643,49690
26,644,49661
26,645,49640
26,646,49650
26,647,49651
26,648,49640
26,649,49620
26,650,49650
26,651,49641
26,652,49630
26,653,49660
26,654,49641
26,655,49650
26,656,49620
26,657,49710
26,658,49641
26,659,49650
26,660,50390
26,661,49661
26,662,49660
26,663,49660
26,664,49641
26,665,49700
26,666,49670
26,667,49650
26,668,49621
26,669,49640
26,670,49630
26,671,49611
26,672,49680
26,673,49690
26,674,49660
26,675,49661
26,676,49670
26,677,49670
26,678,49641
26,679,49640
26,680,50460
26,681,49650
26,682,49661
26,683,49660
26,684,49680
26,685,49641
26,686,49670
26,687,49690
26,688,49681
26,689,49650
26,690,49650
26,691,49610
26,692,49671
26,693,49640
26,694,49650
26,695,49651
26,696,49630
26,697,49600
26,698,49630
26,699,49691
26,700,50390
26,701,49690
26,702,49661
26,703,49640
26,704,49620
26,705,49630
26,706,49621
26,707,49630
26,708,49620
26,709,49621
26,710,49690
26,711,49660
26,712,49661
26,713,49660
26,714,49660
26,715,49680
26,716,49671
26,717,49690
26,718,49630
26,719,49641
26,720,50430
26,721,49620
26,722,49630
26,723,49611
26,724,49560
26,725,49590
26,726,49591
26,727,49590
26,728,49620
26,729,49610
26,730,49661
26,731,49600
26,732,49620
26,733,49631
26,734,49610
26,735,49580
26,736,49591
26,737,49580
26,738,49610
26,739,49590
26,740,50391
26,741,49620
26,742,49610
26,743,49661
26,744,49710
26,745,49670
26,746,49690
26,747,49671
26,748,49690
26,749,49670
26,750,49661
26,751,49660
26,752,49690
26,753,49680
26,754,49631
26,755,49620
26,756,49660
26,757,49611
26,758,49640
26,759,49640
26,760,50821
26,761,49650
26,762,49660
26,763,49670
26,764,49691
26,765,49680
26,766,49660
26,767,49631
26,768,49630
26,769,49610
26,770,49680
26,771,49631
26,772,49640
26,773,49620
26,774,49641
26,775,49650
26,776,49660
26,777,49640
26,778,49611
26,779,49600
26,780,51990
26,781,49591
26,782,49630
26,783,49570
26,784,49611
26,785,49590
26,786,49610
26,787,49660
26,788,49611
26,789,49710
26,790,49690
26,791,49661
26,792,49690
26,793,49670
26,794,49670
26,795,49671
26,796,49670
26,797,49650
26,798,49681
26,799,49660
26,800,50440
26,801,49651
26,802,49610
26,803,49610
26,804,49670
26,805,49681
26,806,49650
26,807,49660
26,808,49651
26,809,49680
26,810,49600
26,811,49650
26,812,49651
26,813,49660
26,814,49620
26,815,49641
26,816,49630
26,817,49640
26,818,49670
26,819,49631
26,820,50420
26,821,49650
26,822,49661
26,823,49620
26,824,49620
26,825,49661
26,826,49630
26,827,49680
26,828,49670
26,829,49701
26,830,49650
26,831,49670
26,832,49671
26,833,49610
26,834,49610
26,835,49610
26,836,49611
26,837,49640
26,838,49640
26,839,49651
26,840,50490
26,841,49660
26,842,49650
26,843,49641
26,844,49650
26,845,49680
26,846,49661
26,847,49640
26,848,49650
26,849,49640
26,850,49641
26,851,49570
26,852,49670
26,853,49671
26,854,49630
26,855,49650
26,856,49640
26,857,49601
26,858,49610
26,859,49630
26,860,50451
26,861,49660
26,862,49660
26,863,49690
26,864,49641
26,865,49680
26,866,49650
26,867,49671
26,868,49640
26,869,49650
26,870,49691
26,871,49610
26,872,49590
26,873,49660
26,874,49641
26,875,49630
26,876,49680
26,877,49661
26,878,49650
26,879,49670
26,880,50460
26,881,49631
26,882,49640
26,883,49620
26,884,49631
26,885,49640
26,886,49680
26,887,49650
26,888,49661
26,889,49650
26,890,49670
26,891,49641
26,892,49640
26,893,49610
26,894,49601
26,895,49620
26,896,49600
26,897,49690
26,898,49631
26,899,49630
26,900,50440
26,901,49641
26,902,49620
26,903,49690
26,904,49720
26,905,49681
26,906,49670
26,907,49680
26,908,49661
26,909,49680
26,910,49670
26,911,49640
26,912,49661
26,913,49690
26,914,49680
26,915,49701
26,916,49680
26,917,49650
26,918,49671
26,919,49610
26,920,50440
26,921,49680
26,922,49641
26,923,49640
26,924,49670
26,925,49651
26,926,49650
26,927,49670
26,928,49660
26,929,49601
26,930,49650
26,931,49660
26,932,49661
26,933,49680
26,934,49670
26,935,49680
26,936,49651
26,937,49660
26,938,49670
26,939,49661
26,940,52380
26,941,49640
26,942,49611
26,943,49640
26,944,49680
26,945,49640
26,946,49681
26,947,49650
26,948,49670
26,949,49671
26,950,49680
26,951,49630
26,952,49640
26,953,49681
26,954,49650
26,955,49630
26,956,49651
26,957,49610
26,958,49620
26,959,49640
26,960,50420
26,961,49640
26,962,49680
26,963,49631
26,964,49660
26,965,49670
26,966,49661
26,967,49610
26,968,49670
26,969,49660
26,970,49641
26,971,49690
26,972,49660
26,973,49621
26,974,49610
26,975,49620
26,976,49620
26,977,49591
26,978,49680
26,979,49650
26,980,50491
26,981,49690
26,982,49680
26,983,49671
26,984,49670
26,985,49670
26,986,49710
26,987,49681
26,988,49680
26,989,49660
26,990,49641
26,991,49670
26,992,49650
26,993,49670
26,994,49631
26,995,49660
26,996,49660
26,997,49641
26,998,49680
26,999,49640
